batch_id,key,input_tokens,output_tokens,thinking_tokens,total_tokens,cost_usd,cost_jpy
2645_memo,0,5441,2490,62,7993,0.016161,2.46
2646_memo,0,5135,2103,101,7339,0.014229,2.16
2647_memo,0,6601,3891,113,10605,0.024146,3.67
2648_memo,0,4945,1908,100,6953,0.013131,2.0
2649_memo,0,9637,8147,86,17870,0.047188,7.17
2650_memo,0,7432,5219,73,12724,0.031105,4.73
2651_memo,0,8484,6770,62,15316,0.039463,6.0
2652_memo,0,5431,2558,133,8122,0.016849,2.56
2653_memo,0,6164,3400,102,9666,0.021362,3.25
2654_memo,0,9431,7487,99,17017,0.043824,6.66
2655_memo,0,7440,4982,201,12623,0.030565,4.65
2656_memo,0,5322,2790,61,8173,0.017581,2.67
2657_memo,0,5219,2533,141,7893,0.016632,2.53
2658_memo,0,3822,406,71,4299,0.004774,0.73
2659_memo,0,3968,691,105,4764,0.00646,0.98
2660_memo,0,4006,819,93,4918,0.007064,1.07
2664_memo,0,3731,271,143,4145,0.004402,0.67
2665_memo,0,4107,874,68,5049,0.007277,1.11
2666_memo,0,3896,517,132,4545,0.00568,0.86
2667_memo,0,4433,1326,102,5861,0.009911,1.51
2668_memo,0,3836,467,151,4454,0.005487,0.83
2669_memo,0,4194,908,77,5179,0.007546,1.15
2670_memo,0,7681,5243,67,12991,0.031351,4.77
2671_memo,0,3698,280,61,4039,0.004016,0.61
2672_memo,0,4395,1266,156,5817,0.009857,1.5
2673_memo,0,3931,647,59,4637,0.005987,0.91
2674_memo,0,5258,2882,86,8226,0.018126,2.76
2675_memo,0,9988,9064,66,19118,0.051892,7.89
2676_memo,0,9237,8763,71,18071,0.049943,7.59
2677_memo,0,9846,8265,74,18185,0.047849,7.27
2678_memo,0,9223,7532,68,16823,0.043764,6.65
2679_memo,0,5947,3130,68,9145,0.019707,3.0
2680_memo,0,6005,3463,71,9539,0.021423,3.26
2681_memo,0,4308,1102,64,5474,0.008523,1.3
2682_memo,0,4608,1487,69,6164,0.01066,1.62
2683_memo,0,4185,911,100,5196,0.007671,1.17
2684_memo,0,4520,1407,61,5988,0.010165,1.55
2685_memo,0,5298,2508,63,7869,0.016166,2.46
2687_memo,0,5497,2647,159,8303,0.017466,2.65
2688_memo,0,5713,2580,102,8395,0.016981,2.58
2689_memo,0,7252,5028,66,12346,0.030003,4.56
2690_memo,0,5230,2475,67,7772,0.015979,2.43
2691_memo,0,4598,1509,71,6178,0.010774,1.64
2692_memo,0,4701,1646,102,6449,0.011678,1.78
2693_memo,0,4566,1366,77,6009,0.010069,1.53
2694_memo,0,4551,1484,95,6130,0.010739,1.63
2695_memo,0,4363,1100,89,5552,0.008672,1.32
2696_memo,0,4443,1218,60,5721,0.009167,1.39
2697_memo,0,6075,3266,71,9412,0.020482,3.11
2698_memo,0,5299,2546,62,7907,0.016352,2.49
2699_memo,0,5778,3036,116,8930,0.019371,2.94
2701_memo,0,5463,2553,68,8084,0.016519,2.51
2702_memo,0,4652,1543,100,6295,0.011123,1.69
2703_memo,0,4856,1729,63,6648,0.011995,1.82
2704_memo,0,5004,2128,116,7248,0.014347,2.18
2705_memo,0,5250,2515,72,7837,0.016216,2.46
2706_memo,0,4198,1022,93,5313,0.008199,1.25
2707_memo,0,5482,2620,120,8222,0.017126,2.6
2708_memo,0,5481,2588,101,8170,0.016871,2.56
2709_memo,0,4505,1326,89,5920,0.009891,1.5
2710_memo,0,3760,339,71,4170,0.0044,0.67
2711_memo,0,5033,1934,102,7069,0.013326,2.03
2712_memo,0,4736,1581,67,6384,0.0112,1.7
2713_memo,0,4109,880,96,5085,0.007448,1.13
2714_memo,0,4047,761,89,4897,0.006779,1.03
2715_memo,0,5631,2864,86,8581,0.018269,2.78
2716_memo,0,5327,2404,73,7804,0.015714,2.39
2717_memo,0,5603,3202,89,8894,0.019957,3.03
2718_memo,0,4979,1826,103,6908,0.012757,1.94
2719_memo,0,5282,2634,150,8066,0.017221,2.62
2720_memo,0,5601,3046,117,8764,0.019316,2.94
2721_memo,0,4330,1017,62,5409,0.008101,1.23
2722_memo,0,4545,1403,71,6019,0.010211,1.55
2723_memo,0,4391,1078,88,5557,0.008574,1.3
2724_memo,0,4058,739,78,4875,0.006621,1.01
2725_memo,0,4246,1098,87,5431,0.008579,1.3
2726_memo,0,4722,1876,67,6665,0.012666,1.93
2727_memo,0,5059,2166,79,7304,0.014387,2.19
2728_memo,0,4295,995,61,5351,0.007964,1.21
2729_memo,0,3979,632,86,4697,0.006077,0.92
2730_memo,0,7412,4886,71,12369,0.029417,4.47
2731_memo,0,4821,1808,67,6696,0.012388,1.88
2732_memo,0,4056,752,89,4897,0.00674,1.02
2733_memo,0,4419,1303,97,5819,0.009762,1.48
2734_memo,0,4786,1798,101,6685,0.012486,1.9
2735_memo,0,4328,1155,52,5535,0.00874,1.33
2736_memo,0,4321,1165,100,5586,0.009026,1.37
2737_memo,0,4214,868,85,5167,0.007399,1.12
2738_memo,0,6299,3720,71,10090,0.022892,3.48
2739_memo,0,4983,2132,67,7182,0.014109,2.14
2740_memo,0,4978,1910,89,6977,0.013106,1.99
2741_memo,0,4409,1248,104,5761,0.009516,1.45
2742_memo,0,6071,3581,73,9725,0.022064,3.35
2743_memo,0,4527,1449,100,6076,0.010574,1.61
2745_memo,0,4538,1573,101,6212,0.011206,1.7
2746_memo,0,5505,2666,71,8242,0.017126,2.6
2748_memo,0,4608,1490,100,6198,0.01083,1.65
2749_memo,0,4901,2138,113,7152,0.014318,2.18
2750_memo,0,4621,1592,60,6273,0.011148,1.69
2751_memo,0,4537,1476,71,6084,0.010571,1.61
2752_memo,0,5542,2796,180,8518,0.018344,2.79
2753_memo,0,4517,1470,71,6058,0.010528,1.6
2754_memo,0,5408,2514,73,7995,0.016315,2.48
2755_memo,0,4945,2021,102,7068,0.013706,2.08
2756_memo,0,4716,1639,100,6455,0.011643,1.77
2757_memo,0,4403,1372,148,5923,0.010352,1.57
2758_memo,0,5173,2230,100,7503,0.014883,2.26
2759_memo,0,3919,577,84,4580,0.005754,0.87
2760_memo,0,5411,2718,110,8239,0.017522,2.66
2761_memo,0,4179,966,93,5238,0.007907,1.2
2762_memo,0,4390,1227,99,5716,0.009374,1.42
2763_memo,0,3940,577,49,4566,0.005593,0.85
2764_memo,0,4564,1354,100,6018,0.010122,1.54
2765_memo,0,4474,1333,71,5878,0.009816,1.49
2766_memo,0,4859,1773,64,6696,0.012222,1.86
2767_memo,0,5772,3099,111,8982,0.019658,2.99
2768_memo,0,5497,2805,102,8404,0.017971,2.73
2769_memo,0,5408,2690,64,8162,0.01715,2.61
2770_memo,0,4549,1490,85,6124,0.010718,1.63
2771_memo,0,4491,1401,72,5964,0.010172,1.55
2772_memo,0,4976,2125,79,7180,0.01413,2.15
2773_memo,0,4942,1777,67,6786,0.012309,1.87
2774_memo,0,4940,2176,160,7276,0.014767,2.24
2775_memo,0,5766,2872,124,8762,0.018584,2.82
2776_memo,0,4277,1118,43,5438,0.008478,1.29
2777_memo,0,4117,868,92,5077,0.007373,1.12
2778_memo,0,4196,1008,72,5276,0.008023,1.22
2779_memo,0,4549,1391,67,6007,0.010133,1.54
2780_memo,0,4506,1329,71,5906,0.009816,1.49
2781_memo,0,4715,1672,61,6448,0.011612,1.77
2782_memo,0,4802,1761,100,6663,0.012306,1.87
2783_memo,0,4612,1564,116,6292,0.011283,1.71
2784_memo,0,4967,1984,103,7054,0.013539,2.06
2786_memo,0,5452,2474,88,8014,0.016217,2.47
2787_memo,0,5367,2556,62,7985,0.016444,2.5
2788_memo,0,4887,1943,67,6897,0.013104,1.99
2789_memo,0,4727,1806,62,6595,0.012294,1.87
2790_memo,0,4813,1857,94,6764,0.012763,1.94
2791_memo,0,4322,1312,108,5742,0.009801,1.49
2792_memo,0,4347,1128,69,5544,0.008702,1.32
2793_memo,0,4496,1367,85,5948,0.01007,1.53
2794_memo,0,6697,4273,161,11131,0.026356,4.01
2796_memo,0,5869,3278,72,9219,0.020418,3.1
2797_memo,0,5540,2793,86,8419,0.017857,2.71
2798_memo,0,4003,735,99,4837,0.006672,1.01
2799_memo,0,5334,2375,84,7793,0.015629,2.38
2800_memo,0,4420,1214,93,5727,0.009298,1.41
2801_memo,0,4598,1658,93,6349,0.011629,1.77
2802_memo,0,4685,1563,102,6350,0.011253,1.71
2803_memo,0,4808,1913,97,6818,0.013055,1.98
2804_memo,0,4221,1041,115,5377,0.008418,1.28
2805_memo,0,5357,2466,107,7930,0.016213,2.46
2806_memo,0,4521,1484,83,6088,0.010661,1.62
2808_memo,0,4579,1564,75,6218,0.011057,1.68
2809_memo,0,4160,985,104,5249,0.008045,1.22
2810_memo,0,4373,1294,83,5750,0.009618,1.46
2811_memo,0,4446,1398,78,5922,0.010159,1.54
2812_memo,0,5081,2101,123,7305,0.014296,2.17
2813_memo,0,4229,1081,78,5388,0.008438,1.28
2814_memo,0,4696,1773,104,6573,0.01232,1.87
2815_memo,0,3749,368,84,4201,0.004603,0.7
2816_memo,0,5505,2683,71,8259,0.017211,2.62
2817_memo,0,4366,1218,63,5647,0.009134,1.39
2818_memo,0,4510,1458,97,6065,0.010594,1.61
2819_memo,0,5060,2171,73,7304,0.014382,2.19
2821_memo,0,4002,713,151,4866,0.006821,1.04
2822_memo,0,4214,1015,47,5276,0.007944,1.21
2823_memo,0,4602,1516,61,6179,0.010761,1.64
2824_memo,0,4698,1697,63,6458,0.011736,1.78
2825_memo,0,4935,1997,141,7073,0.013774,2.09
2826_memo,0,4025,718,61,4804,0.006411,0.97
2827_memo,0,4514,1462,71,6047,0.010486,1.59
2828_memo,0,4373,1171,79,5623,0.008983,1.37
2829_memo,0,4975,1952,72,6999,0.013229,2.01
2830_memo,0,4331,1215,88,5634,0.009222,1.4
2831_memo,0,5180,2246,84,7510,0.014888,2.26
2832_memo,0,4460,1345,85,5890,0.009938,1.51
2833_memo,0,4756,1763,100,6619,0.012287,1.87
2834_memo,0,4922,2013,67,7002,0.013476,2.05
2835_memo,0,5425,2689,70,8184,0.017186,2.61
2836_memo,0,5930,3128,89,9147,0.019791,3.01
2837_memo,0,4539,1521,102,6162,0.010952,1.66
2838_memo,0,4494,1480,100,6074,0.010709,1.63
2839_memo,0,4807,1997,89,6893,0.013434,2.04
2840_memo,0,5093,2396,62,7551,0.015473,2.35
2841_memo,0,5050,2187,162,7399,0.014901,2.26
2842_memo,0,4194,1048,98,5340,0.008351,1.27
2843_memo,0,4525,1453,66,6044,0.010423,1.58
2844_memo,0,5184,2306,64,7554,0.01509,2.29
2845_memo,0,5092,2349,41,7482,0.015133,2.3
2846_memo,0,4249,959,118,5326,0.008041,1.22
2847_memo,0,4355,1178,64,5597,0.008932,1.36
2848_memo,0,4507,1905,67,6479,0.012677,1.93
2849_memo,0,5707,3229,102,9038,0.020222,3.07
2850_memo,0,4981,2160,101,7242,0.014418,2.19
2851_memo,0,4548,1630,78,6256,0.011383,1.73
2852_memo,0,4694,2027,113,6834,0.013634,2.07
2853_memo,0,5377,2551,73,8001,0.016481,2.51
2854_memo,0,4438,1577,48,6063,0.010899,1.66
2855_memo,0,4302,1178,71,5551,0.008934,1.36
2856_memo,0,4138,838,86,5062,0.007206,1.1
2857_memo,0,4145,872,57,5074,0.007236,1.1
2858_memo,0,5162,2444,64,7670,0.015766,2.4
2859_memo,0,4365,1220,50,5635,0.009078,1.38
2860_memo,0,5042,1980,101,7123,0.013556,2.06
2861_memo,0,5148,2301,146,7595,0.015452,2.35
2862_memo,0,4554,1406,73,6033,0.010241,1.56
2863_memo,0,4796,1705,71,6572,0.011878,1.81
2864_memo,0,4460,1294,104,5858,0.009777,1.49
2865_memo,0,4906,1986,101,6993,0.013501,2.05
2866_memo,0,5227,2256,99,7582,0.015042,2.29
2867_memo,0,3863,509,89,4461,0.005404,0.82
2868_memo,0,4292,1108,120,5520,0.008823,1.34
2869_memo,0,4856,1958,113,6927,0.01339,2.04
2870_memo,0,4142,846,69,5057,0.007164,1.09
2871_memo,0,4618,1527,79,6224,0.010916,1.66
2872_memo,0,4457,1466,61,5984,0.010421,1.58
2873_memo,0,3817,460,102,4379,0.005196,0.79
2874_memo,0,4216,1065,51,5332,0.008215,1.25
2875_memo,0,4223,1091,69,5383,0.008439,1.28
2876_memo,0,4362,1254,112,5728,0.009556,1.45
2877_memo,0,3947,693,121,4761,0.006537,0.99
2878_memo,0,4313,1082,83,5478,0.008521,1.3
2879_memo,0,3917,537,102,4556,0.005643,0.86
2880_memo,0,4003,665,187,4855,0.006762,1.03
2881_memo,0,4552,1561,104,6217,0.01117,1.7
2882_memo,0,3921,560,133,4614,0.005916,0.9
2883_memo,0,4217,877,108,5202,0.007561,1.15
2884_memo,0,4001,706,70,4777,0.006381,0.97
2886_memo,0,4017,656,102,4775,0.006301,0.96
2887_memo,0,4691,1699,104,6494,0.011947,1.82
2888_memo,0,4722,2029,76,6827,0.013476,2.05
2889_memo,0,4591,1633,67,6291,0.011369,1.73
2890_memo,0,3977,660,61,4698,0.006091,0.93
2891_memo,0,4557,1576,71,6204,0.011083,1.68
2893_memo,0,3992,665,121,4778,0.006425,0.98
2894_memo,0,3912,582,77,4571,0.00574,0.87
2895_memo,0,4749,1816,71,6636,0.012403,1.89
2896_memo,0,4924,2168,90,7182,0.014368,2.18
2897_memo,0,5044,2166,70,7280,0.014333,2.18
2899_memo,0,3682,204,114,4000,0.003891,0.59
2900_memo,0,5154,2201,71,7426,0.014581,2.22
2901_memo,0,5200,2073,83,7356,0.01403,2.13
2902_memo,0,4671,1682,101,6454,0.011834,1.8
2903_memo,0,5114,2285,77,7476,0.015006,2.28
2904_memo,0,4076,728,84,4888,0.006608,1.0
2905_memo,0,5263,2630,101,7994,0.016944,2.58
2906_memo,0,3863,456,100,4419,0.005194,0.79
2907_memo,0,4138,894,70,5102,0.007406,1.13
2908_memo,0,5379,2522,156,8057,0.016752,2.55
2909_memo,0,4574,1436,61,6071,0.010344,1.57
2910_memo,0,3840,471,149,4460,0.0055,0.84
2911_memo,0,3874,543,57,4474,0.005421,0.82
2912_memo,0,4425,1393,71,5889,0.010086,1.53
2913_memo,0,4009,702,98,4809,0.006506,0.99
2914_memo,0,3926,604,102,4632,0.005984,0.91
2915_memo,0,4621,1787,71,6479,0.012178,1.85
2916_memo,0,4659,1595,103,6357,0.011402,1.73
2917_memo,0,4504,1415,75,5994,0.010265,1.56
2918_memo,0,4300,1138,69,5507,0.008722,1.33
2919_memo,0,4326,1132,85,5543,0.008789,1.34
2920_memo,0,4406,1325,42,5773,0.009589,1.46
2921_memo,0,4878,2041,86,7005,0.013684,2.08
2922_memo,0,4701,1826,66,6593,0.012398,1.88
2923_memo,0,4525,1398,101,6024,0.010323,1.57
2924_memo,0,4416,1376,58,5850,0.00993,1.51
2925_memo,0,4514,1366,72,5952,0.010011,1.52
2926_memo,0,3839,442,42,4323,0.004819,0.73
2928_memo,0,4409,1285,77,5771,0.009566,1.45
2929_memo,0,4090,813,116,5019,0.007201,1.09
2930_memo,0,4402,1297,73,5772,0.009601,1.46
2931_memo,0,4336,1113,102,5551,0.008785,1.34
2932_memo,0,4323,1176,71,5570,0.008937,1.36
2933_memo,0,4229,1054,69,5352,0.008258,1.26
2934_memo,0,4145,883,62,5090,0.007316,1.11
2935_memo,0,4364,1304,73,5741,0.009612,1.46
2936_memo,0,4108,837,58,5003,0.007043,1.07
2937_memo,0,4041,732,94,4867,0.006656,1.01
2938_memo,0,4214,1014,141,5369,0.008409,1.28
2939_memo,0,4419,1295,85,5799,0.009662,1.47
2940_memo,0,4125,893,107,5125,0.007578,1.15
2941_memo,0,4324,1180,60,5564,0.008903,1.35
2942_memo,0,4465,1328,75,5868,0.009806,1.49
2943_memo,0,4327,1165,82,5574,0.008939,1.36
2944_memo,0,4402,1230,97,5729,0.009386,1.43
2945_memo,0,4856,2085,62,7003,0.01377,2.09
2946_memo,0,4995,2018,71,7084,0.013567,2.06
2947_memo,0,4071,862,64,4997,0.007174,1.09
2948_memo,0,4504,1311,62,5877,0.00968,1.47
2949_memo,0,4286,1198,79,5563,0.009064,1.38
2951_memo,0,4710,1790,128,6628,0.012534,1.91
2952_memo,0,4551,1403,116,6070,0.010439,1.59
2953_memo,0,4168,941,100,5209,0.00781,1.19
2954_memo,0,4275,1124,102,5501,0.008802,1.34
2956_memo,0,4473,1550,66,6089,0.010876,1.65
2957_memo,0,4102,870,82,5054,0.007324,1.11
2959_memo,0,3936,611,72,4619,0.005875,0.89
2960_memo,0,3955,660,61,4676,0.006077,0.92
2961_memo,0,3879,535,79,4493,0.005494,0.84
2962_memo,0,4855,1830,86,6771,0.012614,1.92
2963_memo,0,5025,2064,67,7156,0.013796,2.1
2964_memo,0,4554,1545,101,6200,0.011076,1.68
2965_memo,0,4685,1874,100,6659,0.012798,1.95
2966_memo,0,4050,779,45,4874,0.006651,1.01
2967_memo,0,3852,575,42,4469,0.005492,0.83
2968_memo,0,4671,1639,67,6377,0.011449,1.74
2969_memo,0,4382,1241,100,5723,0.009444,1.44
2970_memo,0,4266,1065,76,5407,0.008371,1.27
2971_memo,0,3984,757,99,4840,0.00677,1.03
2972_memo,0,4356,1239,65,5660,0.009242,1.4
2973_memo,0,4736,1680,73,6489,0.011725,1.78
2974_memo,0,4493,1363,100,5956,0.010123,1.54
2975_memo,0,4133,843,53,5029,0.007063,1.07
2976_memo,0,4470,1412,75,5957,0.010229,1.55
2977_memo,0,5101,2254,126,7481,0.015088,2.29
2978_memo,0,4197,959,61,5217,0.007723,1.17
2979_memo,0,4426,1274,62,5762,0.009446,1.44
2980_memo,0,4415,1349,60,5824,0.009804,1.49
2981_memo,0,4782,1906,82,6770,0.012929,1.97
2982_memo,0,4605,1831,67,6503,0.012368,1.88
2983_memo,0,4674,2044,183,6901,0.014056,2.14
2984_memo,0,4224,973,104,5301,0.008025,1.22
2985_memo,0,4792,1887,111,6790,0.012985,1.97
2986_memo,0,4215,1052,45,5312,0.008119,1.23
2988_memo,0,4184,1014,100,5298,0.008185,1.24
2989_memo,0,4339,1167,71,5577,0.008902,1.35
2990_memo,0,4093,729,62,4884,0.006513,0.99
2991_memo,0,4361,1251,59,5671,0.009276,1.41
2992_memo,0,4494,1494,76,6064,0.010659,1.62
2993_memo,0,4421,1293,89,5803,0.009673,1.47
2994_memo,0,4424,1272,162,5858,0.009935,1.51
2995_memo,0,4543,1749,108,6400,0.012124,1.84
2996_memo,0,4245,1044,100,5389,0.008373,1.27
2997_memo,0,4882,1888,115,6885,0.013066,1.99
2998_memo,0,4503,1460,76,6039,0.010494,1.6
2999_memo,0,4237,1060,40,5337,0.008148,1.24
3000_memo,0,4792,1718,69,6579,0.01193,1.81
3001_memo,0,4314,1145,62,5521,0.008731,1.33
3002_memo,0,4677,1611,71,6359,0.011333,1.72
3003_memo,0,4269,1100,57,5426,0.008453,1.28
3004_memo,0,4209,986,83,5278,0.007976,1.21
3005_memo,0,4194,1126,102,5422,0.008761,1.33
3006_memo,0,3979,676,193,4848,0.006832,1.04
3007_memo,0,5319,2407,87,7813,0.015794,2.4
3008_memo,0,4512,1578,71,6161,0.011065,1.68
3009_memo,0,4236,1031,59,5326,0.008098,1.23
3010_memo,0,3963,656,59,4678,0.006052,0.92
3011_memo,0,4953,1975,98,7026,0.013461,2.05
3012_memo,0,4656,1803,104,6563,0.012445,1.89
3013_memo,0,4380,1150,108,5638,0.009028,1.37
3014_memo,0,5556,2890,114,8560,0.018493,2.81
3015_memo,0,4420,1261,71,5752,0.009423,1.43
3016_memo,0,4826,1844,62,6732,0.012546,1.91
3017_memo,0,4571,1487,67,6125,0.010627,1.62
3018_memo,0,4558,1626,100,6284,0.011479,1.74
3019_memo,0,4540,1505,104,6149,0.010882,1.65
3020_memo,0,4265,977,67,5309,0.007886,1.2
3021_memo,0,4057,818,152,5027,0.007386,1.12
3022_memo,0,4225,1019,105,5349,0.008261,1.26
3023_memo,0,4581,1536,113,6230,0.011108,1.69
3024_memo,0,3990,708,63,4761,0.006349,0.97
3025_memo,0,4030,716,83,4829,0.006514,0.99
3026_memo,0,4156,981,83,5220,0.007918,1.2
3027_memo,0,4480,1438,115,6033,0.010565,1.61
3028_memo,0,4326,1194,67,5587,0.009009,1.37
3029_memo,0,3777,368,77,4222,0.004586,0.7
3030_memo,0,4134,865,61,5060,0.007214,1.1
3031_memo,0,3922,589,104,4615,0.005916,0.9
3032_memo,0,4312,1099,94,5505,0.00866,1.32
3033_memo,0,4153,917,65,5135,0.007506,1.14
3034_memo,0,4267,1094,67,5428,0.008472,1.29
3035_memo,0,4231,1007,69,5307,0.008024,1.22
3036_memo,0,3919,574,55,4548,0.005594,0.85
3037_memo,0,3924,617,82,4623,0.005947,0.9
3038_memo,0,3969,699,51,4719,0.006231,0.95
3039_memo,0,4734,1774,71,6579,0.012184,1.85
3040_memo,0,4742,1683,117,6542,0.011964,1.82
3041_memo,0,3934,600,102,4636,0.005969,0.91
3042_memo,0,4026,934,96,5056,0.007666,1.17
3043_memo,0,3910,608,58,4576,0.005774,0.88
3044_memo,0,4217,1054,60,5331,0.008206,1.25
3045_memo,0,4277,1100,105,5482,0.008698,1.32
3046_memo,0,4427,1534,67,6028,0.010772,1.64
3047_memo,0,3941,629,100,4670,0.006108,0.93
3048_memo,0,4029,761,125,4915,0.006948,1.06
3050_memo,0,3907,591,95,4593,0.005872,0.89
3052_memo,0,3904,595,60,4559,0.005715,0.87
3054_memo,0,3746,357,112,4215,0.004686,0.71
3055_memo,0,3957,667,82,4706,0.006218,0.95
3056_memo,0,3841,456,84,4381,0.005101,0.78
3057_memo,0,4156,983,54,5193,0.007782,1.18
3058_memo,0,4072,861,116,5049,0.00743,1.13
3059_memo,0,3967,699,69,4735,0.006319,0.96
3060_memo,0,4144,894,81,5119,0.007465,1.13
3061_memo,0,3925,671,168,4764,0.006648,1.01
3062_memo,0,4153,981,45,5179,0.007726,1.17
3063_memo,0,4994,2142,73,7209,0.014196,2.16
3064_memo,0,4538,1620,95,6253,0.011411,1.73
3065_memo,0,4147,920,79,5146,0.007587,1.15
3066_memo,0,4245,960,55,5260,0.007728,1.17
3067_memo,0,3944,631,128,4703,0.00626,0.95
3068_memo,0,4195,1015,63,5273,0.008012,1.22
3069_memo,0,4505,1640,103,6248,0.011531,1.75
3070_memo,0,4340,1365,67,5772,0.009872,1.5
3071_memo,0,4490,1383,62,5935,0.010031,1.52
3072_memo,0,4013,679,119,4811,0.006498,0.99
3073_memo,0,4472,1459,148,6079,0.01083,1.65
3074_memo,0,4492,1476,67,6035,0.010523,1.6
3075_memo,0,4439,1374,71,5884,0.009999,1.52
3076_memo,0,4332,1184,102,5618,0.009137,1.39
3077_memo,0,4308,1186,67,5561,0.008958,1.36
3078_memo,0,4670,1631,67,6368,0.011409,1.73
3079_memo,0,4004,711,104,4819,0.006578,1.0
3080_memo,0,3853,487,145,4485,0.005568,0.85
3081_memo,0,3934,616,165,4715,0.006364,0.97
3082_memo,0,3778,379,73,4230,0.004621,0.7
3083_memo,0,4354,1234,67,5655,0.009226,1.4
3084_memo,0,4147,969,62,5178,0.007747,1.18
3085_memo,0,4082,921,62,5065,0.007466,1.13
3086_memo,0,4303,1167,112,5582,0.009084,1.38
3087_memo,0,3961,598,43,4602,0.005681,0.86
3088_memo,0,4657,1598,118,6373,0.011491,1.75
3089_memo,0,4045,734,83,4862,0.006613,1.01
3090_memo,0,4304,1147,55,5506,0.0087,1.32
3092_memo,0,4072,838,100,5010,0.007235,1.1
3093_memo,0,4186,1063,102,5351,0.008441,1.28
3094_memo,0,4387,1188,87,5662,0.009117,1.39
3095_memo,0,4347,1212,63,5622,0.009092,1.38
3096_memo,0,4397,1307,85,5789,0.009708,1.48
3097_memo,0,4091,840,100,5031,0.007257,1.1
3098_memo,0,4450,1436,85,5971,0.010386,1.58
3099_memo,0,4430,1402,86,5918,0.010209,1.55
3100_memo,0,4041,846,97,4984,0.007241,1.1
3101_memo,0,4119,907,79,5105,0.007504,1.14
3102_memo,0,4148,943,144,5235,0.008027,1.22
3103_memo,0,4296,1171,85,5552,0.008965,1.36
3104_memo,0,4417,1263,186,5866,0.010006,1.52
3105_memo,0,4208,980,59,5247,0.007825,1.19
3106_memo,0,4298,1062,79,5439,0.008391,1.28
3107_memo,0,4819,1796,91,6706,0.012447,1.89
3108_memo,0,4852,1884,71,6807,0.012808,1.95
3109_memo,0,5191,2161,97,7449,0.014534,2.21
3110_memo,0,4616,1695,67,6378,0.011695,1.78
3111_memo,0,5104,2272,62,7438,0.01486,2.26
3112_memo,0,4518,1483,115,6116,0.010814,1.64
3113_memo,0,4059,748,63,4870,0.006592,1.0
3114_memo,0,3652,218,79,3949,0.003768,0.57
3115_memo,0,4173,939,67,5179,0.007638,1.16
3116_memo,0,4832,1839,137,6808,0.0129,1.96
3118_memo,0,4742,1805,71,6618,0.012344,1.88
3119_memo,0,5128,2216,61,7405,0.01459,2.22
3120_memo,0,4787,1780,99,6666,0.012387,1.88
3121_memo,0,4101,823,116,5040,0.007258,1.1
3122_memo,0,3961,635,90,4686,0.006101,0.93
3123_memo,0,4065,813,67,4945,0.006941,1.05
3124_memo,0,4403,1361,51,5815,0.009812,1.49
3126_memo,0,4000,729,92,4821,0.006605,1.0
3127_memo,0,5038,2140,75,7253,0.014224,2.16
3128_memo,0,5077,2259,71,7407,0.014823,2.25
3129_memo,0,4265,1126,69,5460,0.008641,1.31
3130_memo,0,4251,1029,75,5355,0.008177,1.24
3131_memo,0,3802,407,66,4275,0.004741,0.72
3132_memo,0,4871,2093,69,7033,0.013854,2.11
3133_memo,0,4557,1483,85,6125,0.010688,1.62
3134_memo,0,4618,1534,100,6252,0.011056,1.68
3135_memo,0,3819,488,92,4399,0.005287,0.8
3136_memo,0,4439,1305,69,5813,0.009644,1.47
3137_memo,0,4115,892,61,5068,0.007337,1.12
3138_memo,0,3976,697,63,4736,0.006285,0.96
3139_memo,0,4161,868,63,5092,0.007256,1.1
3140_memo,0,4615,1553,67,6235,0.010984,1.67
3141_memo,0,4693,1674,71,6438,0.011658,1.77
3142_memo,0,4850,1805,62,6717,0.012366,1.88
3143_memo,0,5126,2005,84,7215,0.013649,2.07
3144_memo,0,4006,774,76,4856,0.006754,1.03
3145_memo,0,4893,2126,89,7108,0.014133,2.15
3146_memo,0,4128,818,117,5063,0.007255,1.1
3147_memo,0,4797,1649,71,6517,0.011598,1.76
3148_memo,0,4371,1229,96,5696,0.009357,1.42
3150_memo,0,4383,1303,65,5751,0.009579,1.46
3151_memo,0,4930,1929,85,6944,0.013151,2.0
3152_memo,0,4563,1527,71,6161,0.010842,1.65
3153_memo,0,3919,559,97,4575,0.005729,0.87
3154_memo,0,4656,1618,114,6388,0.01157,1.76
3155_memo,0,4230,1026,61,5317,0.008079,1.23
3156_memo,0,5056,2366,71,7493,0.015345,2.33
3158_memo,0,4768,1804,112,6684,0.01256,1.91
3159_memo,0,4383,1247,85,5715,0.009399,1.43
3160_memo,0,4713,1743,104,6560,0.012181,1.85
3161_memo,0,4866,1922,62,6850,0.012961,1.97
3162_memo,0,4263,1079,219,5561,0.009154,1.39
3163_memo,0,4067,785,104,4956,0.006987,1.06
3164_memo,0,4252,999,71,5322,0.008007,1.22
3165_memo,0,4484,1519,73,6076,0.010763,1.64
3167_memo,0,4251,1100,87,5438,0.008592,1.31
3169_memo,0,4382,1158,71,5611,0.008884,1.35
3171_memo,0,4025,801,74,4900,0.006891,1.05
3172_memo,0,4226,1022,69,5317,0.008096,1.23
3173_memo,0,4281,1063,61,5405,0.008296,1.26
3174_memo,0,4232,1108,116,5456,0.008765,1.33
3175_memo,0,4096,876,71,5043,0.007295,1.11
3176_memo,0,4388,1274,71,5733,0.009468,1.44
3177_memo,0,4386,1271,75,5732,0.009471,1.44
3178_memo,0,4295,1136,71,5502,0.008719,1.33
3180_memo,0,4109,878,88,5075,0.007398,1.12
3181_memo,0,4431,1356,62,5849,0.009859,1.5
3183_memo,0,4038,722,76,4836,0.006514,0.99
3184_memo,0,4469,1347,67,5883,0.009863,1.5
3185_memo,0,4806,1972,107,6885,0.013399,2.04
3186_memo,0,4275,1133,112,5520,0.008897,1.35
3187_memo,0,4103,864,70,5037,0.007234,1.1
3188_memo,0,4256,1206,100,5562,0.00919,1.4
3189_memo,0,4261,1093,59,5413,0.008423,1.28
3190_memo,0,4389,1347,69,5805,0.009823,1.49
3192_memo,0,4304,1129,66,5499,0.008665,1.32
3193_memo,0,4299,1149,67,5515,0.008767,1.33
3194_memo,0,4528,1442,47,6017,0.010275,1.56
3195_memo,0,4579,1632,77,6288,0.011407,1.73
3196_memo,0,4081,828,97,5006,0.007176,1.09
3197_memo,0,4022,734,105,4861,0.006709,1.02
3198_memo,0,4343,1121,100,5564,0.008819,1.34
3199_memo,0,4422,1315,63,5800,0.009654,1.47
3200_memo,0,4324,1184,98,5606,0.009112,1.39
3201_memo,0,4474,1421,71,5966,0.010256,1.56
3203_memo,0,4553,1519,62,6134,0.010751,1.63
3204_memo,0,4077,801,112,4990,0.007113,1.08
3205_memo,0,4274,1048,109,5431,0.008456,1.29
3206_memo,0,4513,1585,67,6165,0.011081,1.68
3208_memo,0,3874,541,78,4493,0.005516,0.84
3209_memo,0,4249,1041,85,5375,0.008286,1.26
3210_memo,0,4280,1147,141,5568,0.009115,1.39
3212_memo,0,4881,1926,62,6869,0.012991,1.97
3213_memo,0,4204,1051,101,5356,0.008388,1.27
3214_memo,0,4947,2039,64,7050,0.013607,2.07
3215_memo,0,3881,486,92,4459,0.005316,0.81
3216_memo,0,4761,1841,95,6697,0.012656,1.92
3217_memo,0,4457,1289,67,5813,0.009566,1.45
3218_memo,0,4087,931,58,5076,0.007499,1.14
3219_memo,0,4018,743,109,4870,0.006771,1.03
3220_memo,0,4273,1204,154,5631,0.009461,1.44
3221_memo,0,4480,1467,73,6020,0.0105,1.6
3222_memo,0,4593,1551,81,6225,0.011031,1.68
3223_memo,0,4476,1409,73,5958,0.010207,1.55
3224_memo,0,4226,1039,97,5362,0.008321,1.26
3225_memo,0,3969,627,85,4681,0.006041,0.92
3226_memo,0,4312,1224,79,5615,0.00921,1.4
3227_memo,0,4410,1264,58,5732,0.009366,1.42
3228_memo,0,4248,1089,104,5441,0.00862,1.31
3230_memo,0,3962,674,84,4720,0.006266,0.95
3231_memo,0,4112,788,100,5000,0.00701,1.07
3232_memo,0,3882,587,37,4506,0.005546,0.84
3233_memo,0,4777,1709,105,6591,0.012056,1.83
3234_memo,0,4186,941,54,5181,0.007591,1.15
3235_memo,0,4547,1459,66,6072,0.010467,1.59
3236_memo,0,4394,1332,67,5793,0.009741,1.48
3237_memo,0,4306,1322,66,5694,0.009631,1.46
3238_memo,0,4242,1320,63,5625,0.009566,1.45
3239_memo,0,5099,2216,74,7389,0.014637,2.22
3240_memo,0,4258,1047,89,5394,0.008341,1.27
3241_memo,0,4103,841,120,5064,0.007369,1.12
3242_memo,0,4054,937,87,5078,0.007654,1.16
3243_memo,0,4133,922,116,5171,0.007773,1.18
3244_memo,0,4913,2185,71,7169,0.014351,2.18
3245_memo,0,4028,793,72,4893,0.006842,1.04
3246_memo,0,4339,1236,79,5654,0.009287,1.41
3247_memo,0,8698,7082,75,15855,0.041221,6.27
3248_memo,0,5750,3013,100,8863,0.019159,2.91
3249_memo,0,6699,4241,71,11011,0.025747,3.91
3250_memo,0,4883,1960,71,6914,0.013207,2.01
3251_memo,0,7404,5358,103,12865,0.031933,4.85
3252_memo,0,6423,4169,48,10640,0.025099,3.82
3253_memo,0,6759,4261,71,11091,0.025884,3.93
3254_memo,0,5480,2570,83,8133,0.01669,2.54
3255_memo,0,5960,3314,101,9375,0.0208,3.16
3256_memo,0,7955,5641,102,13698,0.033687,5.12
3257_memo,0,7851,5468,71,13390,0.032602,4.96
3258_memo,0,8461,6610,71,15142,0.038693,5.88
3259_memo,0,9549,7623,71,17243,0.044438,6.75
3260_memo,0,6054,3381,71,9506,0.021044,3.2
3261_memo,0,5669,2852,67,8588,0.018138,2.76
3262_memo,0,7009,4691,51,11751,0.028091,4.27
3263_memo,0,6030,3214,64,9308,0.020159,3.06
3264_memo,0,7212,4787,64,12063,0.028763,4.37
3265_memo,0,5711,2946,71,8728,0.018654,2.84
3266_memo,0,9802,7732,143,17677,0.045501,6.92
3267_memo,0,7268,4871,67,12206,0.029232,4.44
3268_memo,0,7956,5737,83,13776,0.034072,5.18
3269_memo,0,9096,7416,71,16583,0.04312,6.55
3270_memo,0,6917,5125,64,12106,0.030268,4.6
3271_memo,0,8248,5715,71,14034,0.034085,5.18
3272_memo,0,8425,7011,71,15507,0.040676,6.18
3273_memo,0,8551,6359,67,14977,0.037474,5.7
3274_memo,0,7849,6009,102,13960,0.035461,5.39
3275_memo,0,7552,5215,75,12842,0.03117,4.74
3276_memo,0,7334,5057,74,12465,0.030239,4.6
3277_memo,0,9854,8082,83,18019,0.046984,7.14
3278_memo,0,7957,5522,105,13584,0.033108,5.03
3279_memo,0,7247,4777,62,12086,0.028724,4.37
3280_memo,0,8126,5978,86,14190,0.035399,5.38
3282_memo,0,6921,4422,71,11414,0.026791,4.07
3283_memo,0,8230,6535,102,14867,0.038329,5.83
3284_memo,0,7029,4596,116,11741,0.027953,4.25
3285_memo,0,7646,5503,100,13249,0.032794,4.98
3286_memo,0,6299,4042,90,10431,0.024597,3.74
3287_memo,0,5667,3233,62,8962,0.020017,3.04
3288_memo,0,6644,4077,62,10783,0.024848,3.78
3289_memo,0,9230,7866,67,17163,0.045434,6.91
3290_memo,0,6979,4707,62,11748,0.028207,4.29
3292_memo,0,7226,4598,62,11886,0.027816,4.23
3293_memo,0,10189,8923,124,19236,0.051603,7.84
3294_memo,0,6891,4437,69,11397,0.026837,4.08
3295_memo,0,5630,2965,120,8715,0.018944,2.88
3296_memo,0,3941,611,152,4704,0.006278,0.95
3297_memo,0,4421,1391,62,5874,0.010028,1.52
3298_memo,0,4037,758,45,4840,0.006538,0.99
3299_memo,0,4142,1001,69,5212,0.007939,1.21
3300_memo,0,3821,425,51,4297,0.004768,0.72
3301_memo,0,4619,1584,99,6302,0.011302,1.72
3302_memo,0,3702,263,97,4062,0.004114,0.63
3303_memo,0,3836,427,76,4339,0.004913,0.75
3304_memo,0,4076,833,100,5009,0.007213,1.1
3305_memo,0,4504,1418,62,5984,0.010215,1.55
3306_memo,0,3764,369,89,4222,0.004642,0.71
3307_memo,0,4239,966,100,5305,0.007979,1.21
3308_memo,0,5147,2212,71,7430,0.014632,2.22
3309_memo,0,3824,456,83,4363,0.005085,0.77
3310_memo,0,6970,4388,102,11460,0.026806,4.07
3311_memo,0,4039,776,45,4860,0.006629,1.01
3312_memo,0,7595,5082,132,12809,0.030817,4.68
3313_memo,0,4351,1236,118,5705,0.009489,1.44
3314_memo,0,4156,827,69,5052,0.007077,1.08
3315_memo,0,4825,1657,161,6643,0.012106,1.84
3318_memo,0,5774,2913,101,8788,0.018679,2.84
3319_memo,0,4570,1528,67,6165,0.010831,1.65
3322_memo,0,9797,7978,100,17875,0.046513,7.07
3323_memo,0,9205,8148,133,17486,0.047158,7.17
3324_memo,0,12484,12159,74,24717,0.068968,10.48
3325_memo,0,11083,9522,109,20714,0.055082,8.37
3326_memo,0,10618,10669,78,21365,0.060371,9.18
3327_memo,0,10914,9897,71,20882,0.056661,8.61
3329_memo,0,8333,6086,100,14519,0.036138,5.49
3330_memo,0,9552,7621,98,17271,0.044565,6.77
3331_memo,0,9153,7054,73,16280,0.041356,6.29
3332_memo,0,8588,6488,71,15147,0.038162,5.8
3333_memo,0,10740,9891,72,20703,0.056527,8.59
3334_memo,0,10770,9279,92,20141,0.053586,8.15
3335_memo,0,10124,8536,123,18783,0.049622,7.54
3336_memo,0,6918,4897,71,11886,0.029164,4.43
3337_memo,0,9581,8026,163,17770,0.046933,7.13
3338_memo,0,8379,6878,83,15340,0.040042,6.09
3339_memo,0,6739,4273,62,11074,0.025887,3.93
3340_memo,0,6950,4602,112,11664,0.027914,4.24
3341_memo,0,7025,4760,102,11887,0.028701,4.36
3342_memo,0,11227,9819,89,21135,0.056557,8.6
3343_memo,0,9836,7229,71,17136,0.042647,6.48
3344_memo,0,5525,2976,47,8548,0.018568,2.82
3345_memo,0,9126,8186,102,17414,0.047144,7.17
3346_memo,0,5219,2261,71,7551,0.014922,2.27
3347_memo,0,6057,3281,62,9400,0.020501,3.12
3348_memo,0,7113,4835,59,12007,0.028916,4.4
3349_memo,0,5800,2916,103,8819,0.01872,2.85
3350_memo,0,9353,7629,100,17082,0.044491,6.76
3351_memo,0,6078,3388,71,9537,0.021094,3.21
3352_memo,0,10382,9476,99,19957,0.054364,8.26
3353_memo,0,8017,5894,69,13980,0.034826,5.29
3354_memo,0,7054,4975,103,12132,0.029799,4.53
3355_memo,0,8784,7122,98,16004,0.04159,6.32
3356_memo,0,8126,6300,99,14525,0.037074,5.64
3357_memo,0,8149,5851,67,14067,0.034683,5.27
3359_memo,0,9112,7206,100,16418,0.042225,6.42
3360_memo,0,6076,3469,104,9649,0.021662,3.29
3361_memo,0,10869,10420,62,21351,0.059203,9.0
3362_memo,0,11377,9985,72,21434,0.057396,8.72
3364_memo,0,7660,5288,89,13037,0.031672,4.81
3365_memo,0,8555,6599,108,15262,0.038882,5.91
3366_memo,0,9812,8054,71,17937,0.046758,7.11
3367_memo,0,9569,7702,73,17344,0.044856,6.82
3368_memo,0,9554,7337,72,16963,0.043016,6.54
3369_memo,0,5894,3135,62,9091,0.019669,2.99
3370_memo,0,9508,8037,67,17612,0.046463,7.06
3371_memo,0,4424,1393,67,5884,0.010065,1.53
3372_memo,0,7422,5174,117,12713,0.031094,4.73
3373_memo,0,8127,5933,77,14137,0.035129,5.34
3374_memo,0,5173,2221,62,7456,0.014648,2.23
3375_memo,0,6920,4674,94,11688,0.028165,4.28
3376_memo,0,6302,3738,71,10111,0.022984,3.49
3377_memo,0,10140,8547,139,18826,0.049767,7.56
3378_memo,0,8446,6484,69,14999,0.038044,5.78
3379_memo,0,9681,8614,63,18358,0.049436,7.51
3380_memo,0,5832,3022,98,8952,0.019245,2.93
3381_memo,0,10646,9346,71,20063,0.053739,8.17
3382_memo,0,6468,4045,69,10582,0.024612,3.74
3383_memo,0,8197,7014,71,15282,0.040548,6.16
3384_memo,0,6917,4396,62,11375,0.026613,4.05
3385_memo,0,9806,8376,119,18301,0.048604,7.39
3386_memo,0,6295,3665,62,10022,0.022569,3.43
3387_memo,0,6322,3573,114,10009,0.022386,3.4
3388_memo,0,5802,2869,107,8778,0.018506,2.81
3389_memo,0,4585,1686,99,6370,0.011791,1.79
3390_memo,0,3968,693,67,4728,0.00628,0.95
3391_memo,0,6268,3504,71,9843,0.021793,3.31
3392_memo,0,4426,1254,60,5740,0.009336,1.42
3393_memo,0,4331,1154,63,5548,0.008792,1.34
3394_memo,0,4585,1411,87,6083,0.010356,1.57
3395_memo,0,4406,1350,92,5848,0.009964,1.51
3396_memo,0,4258,1101,61,5420,0.008471,1.29
3397_memo,0,4700,1592,69,6361,0.011242,1.71
3398_memo,0,6676,4414,103,11193,0.026758,4.07
3399_memo,0,4876,2038,132,7046,0.013898,2.11
3400_memo,0,4989,2124,67,7180,0.014073,2.14
3401_memo,0,4283,1081,130,5494,0.008732,1.33
3402_memo,0,5574,2790,61,8425,0.017739,2.7
3403_memo,0,6885,4057,102,11044,0.025098,3.81
3404_memo,0,4192,962,29,5183,0.007575,1.15
3405_memo,0,4430,1499,107,6036,0.010799,1.64
3406_memo,0,4757,1817,72,6646,0.012418,1.89
3407_memo,0,4725,1688,113,6526,0.011958,1.82
3408_memo,0,4808,1816,62,6686,0.012395,1.88
3409_memo,0,5725,3435,104,9264,0.021273,3.23
3410_memo,0,4180,1011,100,5291,0.008167,1.24
3411_memo,0,5420,2701,74,8195,0.017263,2.62
3412_memo,0,3792,425,58,4275,0.004785,0.73
3413_memo,0,4550,1484,111,6145,0.010819,1.64
3414_memo,0,4880,1766,197,6843,0.012865,1.96
3415_memo,0,4641,1808,58,6507,0.012231,1.86
3416_memo,0,4531,1304,155,5990,0.010127,1.54
3417_memo,0,4829,1986,140,6955,0.013648,2.07
3418_memo,0,9617,8441,108,18166,0.048756,7.41
3419_memo,0,4172,951,67,5190,0.007698,1.17
3421_memo,0,5842,3046,89,8977,0.019326,2.94
3422_memo,0,5797,3465,71,9333,0.021303,3.24
3423_memo,0,4786,1922,67,6775,0.012936,1.97
3424_memo,0,5157,2070,94,7321,0.014043,2.13
3425_memo,0,4324,1090,133,5547,0.008817,1.34
3426_memo,0,5694,2997,67,8758,0.018879,2.87
3427_memo,0,4932,2081,71,7084,0.013842,2.1
3428_memo,0,4817,2043,104,6964,0.013746,2.09
3429_memo,0,4786,1723,103,6612,0.012121,1.84
3430_memo,0,4454,1590,98,6142,0.011224,1.71
3431_memo,0,4048,740,114,4902,0.0068,1.03
3432_memo,0,4566,1511,71,6148,0.010764,1.64
3433_memo,0,4239,1092,86,5417,0.008539,1.3
3434_memo,0,4382,1371,65,5818,0.009919,1.51
3435_memo,0,5096,2135,134,7365,0.01453,2.21
3436_memo,0,4729,1544,67,6340,0.011011,1.67
3437_memo,0,4689,1682,100,6471,0.011841,1.8
3438_memo,0,4071,859,104,5034,0.007359,1.12
3439_memo,0,4695,1572,67,6334,0.011129,1.69
3440_memo,0,4709,1694,85,6488,0.011838,1.8
3441_memo,0,4133,863,104,5100,0.007418,1.13
3442_memo,0,5281,2352,109,7742,0.015606,2.37
3443_memo,0,4568,1516,95,6179,0.01091,1.66
3444_memo,0,4069,829,69,4967,0.007033,1.07
3445_memo,0,4067,846,57,4970,0.007057,1.07
3446_memo,0,4693,1746,73,6512,0.012028,1.83
3447_memo,0,4831,1884,115,6830,0.013014,1.98
3448_memo,0,4874,1836,88,6798,0.012666,1.93
3449_memo,0,4226,1101,78,5405,0.008536,1.3
3450_memo,0,5838,2984,73,8895,0.018934,2.88
3451_memo,0,5865,3419,83,9367,0.021176,3.22
3452_memo,0,6433,4029,77,10539,0.024551,3.73
3453_memo,0,5315,2463,85,7863,0.016062,2.44
3454_memo,0,5861,3081,117,9059,0.019653,2.99
3455_memo,0,4597,1562,68,6227,0.011023,1.68
3456_memo,0,4840,1722,87,6649,0.01207,1.83
3457_memo,0,3901,549,71,4521,0.005538,0.84
3458_memo,0,4888,2047,72,7007,0.01365,2.07
3459_memo,0,4605,1545,65,6215,0.010928,1.66
3460_memo,0,4585,1499,64,6148,0.010681,1.62
3461_memo,0,7806,5369,129,13304,0.032369,4.92
3462_memo,0,4305,1129,73,5507,0.008701,1.32
3463_memo,0,5541,2661,73,8275,0.017133,2.6
3464_memo,0,4424,1218,85,5727,0.00928,1.41
3465_memo,0,3923,581,116,4620,0.005937,0.9
3466_memo,0,5616,2999,72,8687,0.018865,2.87
3467_memo,0,5671,2986,126,8783,0.019104,2.9
3468_memo,0,4799,1697,86,6582,0.011914,1.81
3469_memo,0,5792,3055,62,8909,0.019205,2.92
3470_memo,0,4712,1801,67,6580,0.012285,1.87
3471_memo,0,4985,1882,89,6956,0.012971,1.97
3472_memo,0,5381,2629,62,8072,0.016818,2.56
3473_memo,0,4710,1738,116,6564,0.012214,1.86
3474_memo,0,4385,1286,70,5741,0.009521,1.45
3475_memo,0,4383,1185,77,5645,0.009049,1.38
3476_memo,0,8750,6368,74,15192,0.037679,5.73
3477_memo,0,4459,1316,89,5864,0.009812,1.49
3478_memo,0,4368,1261,83,5712,0.00945,1.44
3479_memo,0,4861,1749,54,6664,0.012053,1.83
3480_memo,0,4558,1499,72,6129,0.010704,1.63
3481_memo,0,5120,2203,62,7385,0.014525,2.21
3482_memo,0,4651,1560,107,6318,0.011242,1.71
3483_memo,0,4274,1061,85,5420,0.008401,1.28
3484_memo,0,4574,1614,140,6328,0.011629,1.77
3485_memo,0,5472,2626,139,8237,0.017245,2.62
3486_memo,0,4456,1370,67,5893,0.00997,1.52
3487_memo,0,4129,909,76,5114,0.007506,1.14
3488_memo,0,4499,1465,62,6026,0.010447,1.59
3489_memo,0,6976,4259,85,11320,0.02608,3.96
3490_memo,0,4119,756,183,5058,0.007269,1.1
3491_memo,0,4560,1414,69,6043,0.010265,1.56
3492_memo,0,4408,1608,67,6083,0.01113,1.69
3493_memo,0,4299,1219,100,5618,0.009282,1.41
3494_memo,0,6526,4217,98,10841,0.025654,3.9
3495_memo,0,4567,1405,179,6151,0.010774,1.64
3496_memo,0,5164,2298,113,7575,0.015283,2.32
3497_memo,0,4832,1821,121,6774,0.01273,1.93
3498_memo,0,4396,1299,100,5795,0.009743,1.48
3499_memo,0,4154,922,189,5265,0.008151,1.24
3500_memo,0,5396,2635,73,8104,0.016913,2.57
3501_memo,0,4441,1298,71,5810,0.009621,1.46
3502_memo,0,4259,1201,111,5571,0.009222,1.4
3503_memo,0,5229,2458,99,7786,0.016053,2.44
3504_memo,0,5572,2822,152,8546,0.018353,2.79
3505_memo,0,4469,1321,84,5874,0.009818,1.49
3506_memo,0,4859,1859,109,6827,0.012877,1.96
3507_memo,0,4945,1764,73,6782,0.012276,1.87
3508_memo,0,4563,1464,91,6118,0.010627,1.62
3509_memo,0,4867,1818,98,6783,0.012622,1.92
3510_memo,0,5282,2352,71,7705,0.015416,2.34
3511_memo,0,4563,1362,94,6019,0.010132,1.54
3513_memo,0,5043,2097,75,7215,0.014012,2.13
3514_memo,0,4526,1639,83,6248,0.011439,1.74
3515_memo,0,4062,850,128,5040,0.007429,1.13
3516_memo,0,5562,2770,103,8435,0.017841,2.71
3517_memo,0,4735,1845,67,6647,0.012519,1.9
3518_memo,0,4040,811,72,4923,0.00694,1.05
3519_memo,0,4971,1834,89,6894,0.012722,1.93
3520_memo,0,5185,2453,99,7737,0.016001,2.43
3521_memo,0,4292,1162,89,5543,0.008938,1.36
3522_memo,0,4188,939,67,5194,0.007647,1.16
3523_memo,0,5055,2144,71,7270,0.014234,2.16
3524_memo,0,5530,2861,99,8490,0.018256,2.77
3525_memo,0,4384,1248,69,5701,0.009325,1.42
3526_memo,0,4258,1021,89,5368,0.008211,1.25
3527_memo,0,4638,1641,101,6380,0.011609,1.76
3528_memo,0,4835,1955,75,6865,0.013172,2.0
3529_memo,0,4068,831,97,4996,0.007182,1.09
3530_memo,0,4610,1596,88,6294,0.011301,1.72
3531_memo,0,4694,1617,102,6413,0.011529,1.75
3532_memo,0,4810,1787,100,6697,0.012441,1.89
3533_memo,0,4254,1072,102,5428,0.008529,1.3
3534_memo,0,4145,913,73,5131,0.007521,1.14
3535_memo,0,4370,1201,79,5650,0.009131,1.39
3536_memo,0,4320,1282,61,5663,0.009415,1.43
3537_memo,0,4532,1490,89,6111,0.010728,1.63
3538_memo,0,4527,1531,89,6147,0.010929,1.66
3539_memo,0,4906,1792,55,6753,0.012301,1.87
3540_memo,0,4089,787,62,4938,0.006801,1.03
3541_memo,0,4351,1201,59,5611,0.009019,1.37
3542_memo,0,5052,2025,94,7171,0.013752,2.09
3543_memo,0,4874,2027,125,7026,0.013806,2.1
3544_memo,0,4232,1026,97,5355,0.00826,1.26
3545_memo,0,4438,1371,63,5872,0.009944,1.51
3546_memo,0,4475,1383,60,5918,0.010012,1.52
3547_memo,0,4841,1751,90,6682,0.012231,1.86
3548_memo,0,4342,1209,67,5618,0.009094,1.38
3549_memo,0,6379,3782,110,10271,0.023447,3.56
3550_memo,0,6712,4167,100,10979,0.02553,3.88
3551_memo,0,4493,1375,45,5913,0.009908,1.51
3552_memo,0,4413,1254,63,5730,0.009343,1.42
3553_memo,0,5371,2426,71,7868,0.015842,2.41
3554_memo,0,4243,955,121,5319,0.008032,1.22
3556_memo,0,4060,792,83,4935,0.006913,1.05
3557_memo,0,4200,1044,157,5401,0.00863,1.31
3559_memo,0,4612,1545,66,6223,0.010937,1.66
3560_memo,0,4359,1265,62,5686,0.009359,1.42
3561_memo,0,4634,1664,62,6360,0.011526,1.75
3562_memo,0,4717,1542,127,6386,0.011293,1.72
3563_memo,0,4015,640,50,4705,0.005959,0.91
3564_memo,0,5217,2314,73,7604,0.015196,2.31
3565_memo,0,4346,1304,104,5754,0.009756,1.48
3566_memo,0,5133,2304,62,7499,0.015038,2.29
3567_memo,0,4277,1091,141,5509,0.008833,1.34
3568_memo,0,4789,1887,90,6766,0.012878,1.96
3569_memo,0,4523,1374,89,5986,0.010142,1.54
3570_memo,0,4258,1126,71,5455,0.008646,1.31
3571_memo,0,4471,1351,112,5934,0.010109,1.54
3572_memo,0,4124,1058,89,5271,0.008313,1.26
3573_memo,0,4078,832,71,4981,0.007064,1.07
3574_memo,0,4716,1673,104,6493,0.011832,1.8
3575_memo,0,4141,932,81,5154,0.007653,1.16
3576_memo,0,4890,1858,73,6821,0.012711,1.93
3577_memo,0,4149,876,140,5165,0.007673,1.17
3578_memo,0,4585,1429,67,6081,0.010346,1.57
3579_memo,0,4513,1433,86,6032,0.010416,1.58
3580_memo,0,4227,1124,199,5550,0.009257,1.41
3581_memo,0,4407,1292,86,5785,0.009644,1.47
3582_memo,0,4611,1600,100,6311,0.011382,1.73
3583_memo,0,4281,1002,69,5352,0.008031,1.22
3584_memo,0,4555,1530,118,6203,0.011087,1.69
3585_memo,0,4554,1432,71,6057,0.010361,1.57
3586_memo,0,4274,1036,130,5440,0.008501,1.29
3587_memo,0,5143,2194,72,7409,0.014544,2.21
3588_memo,0,5248,2440,118,7806,0.01607,2.44
3589_memo,0,4124,806,75,5005,0.006982,1.06
3590_memo,0,4888,1865,73,6826,0.012745,1.94
3593_memo,0,7598,5591,71,13260,0.033059,5.02
3594_memo,0,4304,1117,118,5539,0.008865,1.35
3595_memo,0,4460,1259,102,5821,0.009593,1.46
3596_memo,0,4812,1989,114,6915,0.013522,2.06
3597_memo,0,5022,2065,125,7212,0.014089,2.14
3598_memo,0,4496,1583,83,6162,0.01114,1.69
3599_memo,0,7148,4626,71,11845,0.027952,4.25
3600_memo,0,4244,1122,67,5433,0.008598,1.31
3601_memo,0,4670,1479,71,6220,0.010669,1.62
3602_memo,0,4089,752,38,4879,0.006506,0.99
3603_memo,0,5010,2140,106,7256,0.014361,2.18
3604_memo,0,5119,2300,62,7481,0.015009,2.28
3605_memo,0,4541,1410,69,6020,0.010233,1.56
3606_memo,0,4333,1143,169,5645,0.009268,1.41
3607_memo,0,5253,2767,148,8168,0.017858,2.71
3608_memo,0,4737,1630,67,6434,0.011446,1.74
3609_memo,0,4449,1290,62,5801,0.009541,1.45
3610_memo,0,5486,2668,69,8223,0.017114,2.6
3611_memo,0,4305,1266,64,5635,0.009341,1.42
3612_memo,0,4968,2071,70,7109,0.01381,2.1
3613_memo,0,5563,3060,104,8727,0.019297,2.93
3614_memo,0,4560,1416,140,6116,0.01063,1.62
3615_memo,0,4875,1782,95,6752,0.012432,1.89
3616_memo,0,7064,4847,54,11965,0.02892,4.4
3617_memo,0,4421,1335,71,5827,0.009793,1.49
3618_memo,0,5334,2439,71,7844,0.015884,2.41
3619_memo,0,4078,808,76,4962,0.006969,1.06
3620_memo,0,4108,786,61,4955,0.006802,1.03
3621_memo,0,4220,945,143,5308,0.008078,1.23
3622_memo,0,4497,1218,73,5788,0.009266,1.41
3623_memo,0,4633,1512,71,6216,0.010811,1.64
3624_memo,0,4627,1567,71,6265,0.011082,1.68
3625_memo,0,4328,1152,66,5546,0.008795,1.34
3626_memo,0,4144,1031,83,5258,0.00816,1.24
3627_memo,0,4354,1186,48,5588,0.008891,1.35
3628_memo,0,4716,1550,105,6371,0.011222,1.71
3629_memo,0,5405,2745,116,8266,0.017683,2.69
3630_memo,0,4613,1610,210,6433,0.011983,1.82
3631_memo,0,4691,1700,65,6456,0.011757,1.79
3632_memo,0,4949,1824,89,6862,0.012658,1.92
3633_memo,0,4122,938,60,5120,0.007566,1.15
3634_memo,0,4665,1476,71,6212,0.010651,1.62
3635_memo,0,4825,1879,99,6803,0.012906,1.96
3636_memo,0,3888,562,57,4507,0.005525,0.84
3637_memo,0,4454,1367,100,5921,0.010119,1.54
3638_memo,0,5846,2832,61,8739,0.018119,2.75
3639_memo,0,4244,1181,61,5486,0.008863,1.35
3640_memo,0,5074,2033,158,7265,0.014126,2.15
3641_memo,0,5503,2805,102,8410,0.017974,2.73
3642_memo,0,4106,891,113,5110,0.007586,1.15
3643_memo,0,4201,1079,71,5351,0.008376,1.27
3644_memo,0,4642,1606,75,6323,0.011306,1.72
3645_memo,0,4699,1781,115,6595,0.012417,1.89
3646_memo,0,4440,1423,104,5967,0.01041,1.58
3647_memo,0,4642,1744,63,6449,0.011936,1.81
3648_memo,0,5028,2067,116,7211,0.014058,2.14
3650_memo,0,4100,909,144,5153,0.007827,1.19
3651_memo,0,4453,1483,120,6056,0.010798,1.64
3652_memo,0,4710,1727,94,6531,0.012049,1.83
3653_memo,0,4496,1477,61,6034,0.0105,1.6
3654_memo,0,5907,3227,67,9201,0.020162,3.06
3655_memo,0,4209,898,67,5174,0.007456,1.13
3656_memo,0,4024,702,67,4793,0.00636,0.97
3657_memo,0,4284,1279,67,5630,0.009407,1.43
3659_memo,0,4572,1694,75,6341,0.011703,1.78
3660_memo,0,4594,1608,115,6317,0.011486,1.75
3661_memo,0,4929,1979,62,6970,0.013286,2.02
3662_memo,0,4576,1498,69,6143,0.010695,1.63
3664_memo,0,4426,1218,68,5712,0.009196,1.4
3665_memo,0,4587,1565,82,6234,0.011102,1.69
3667_memo,0,5842,3152,76,9070,0.019791,3.01
3668_memo,0,4418,1350,45,5813,0.009736,1.48
3669_memo,0,4313,1116,89,5518,0.008721,1.33
3670_memo,0,4681,1877,73,6631,0.012676,1.93
3671_memo,0,4726,1705,101,6532,0.011984,1.82
3672_memo,0,4030,792,47,4869,0.006714,1.02
3673_memo,0,4218,1043,115,5376,0.008426,1.28
3674_memo,0,4439,1301,66,5806,0.009609,1.46
3675_memo,0,4493,1518,77,6088,0.010783,1.64
3676_memo,0,4366,1225,68,5659,0.009194,1.4
3677_memo,0,4834,1868,85,6787,0.012786,1.94
3678_memo,0,4301,1166,58,5525,0.008808,1.34
3679_memo,0,5163,2315,83,7561,0.015217,2.31
3680_memo,0,4191,1057,61,5309,0.008209,1.25
3681_memo,0,4050,791,107,4948,0.007021,1.07
3682_memo,0,4755,1682,65,6502,0.011707,1.78
3683_memo,0,4678,1649,62,6389,0.011479,1.74
3684_memo,0,4347,1266,67,5680,0.009382,1.43
3685_memo,0,4948,1864,71,6883,0.012767,1.94
3686_memo,0,4028,720,75,4823,0.006493,0.99
3688_memo,0,3977,632,197,4806,0.006631,1.01
3689_memo,0,4835,1866,75,6776,0.012727,1.93
3690_memo,0,4996,2079,71,7146,0.013872,2.11
3691_memo,0,4424,1342,154,5920,0.010245,1.56
3692_memo,0,7996,6425,71,14492,0.037478,5.7
3693_memo,0,4294,1126,114,5534,0.008884,1.35
3694_memo,0,4178,977,66,5221,0.007826,1.19
3695_memo,0,3899,560,118,4577,0.005827,0.89
3696_memo,0,4528,1525,86,6139,0.010885,1.65
3697_memo,0,5690,2820,84,8594,0.018076,2.75
3698_memo,0,4222,1012,79,5313,0.008094,1.23
3699_memo,0,4530,1542,56,6128,0.010821,1.64
3700_memo,0,3977,713,58,4748,0.006341,0.96
3702_memo,0,4452,1408,82,5942,0.010233,1.56
3703_memo,0,5895,3286,116,9297,0.020694,3.15
3704_memo,0,4566,1365,67,5998,0.010014,1.52
3705_memo,0,4599,1669,67,6335,0.011554,1.76
3706_memo,0,4174,954,47,5175,0.007614,1.16
3707_memo,0,5836,2860,71,8767,0.018302,2.78
3708_memo,0,4263,1151,115,5529,0.008994,1.37
3709_memo,0,4292,1124,69,5485,0.008647,1.31
3710_memo,0,4859,1795,99,6753,0.012507,1.9
3711_memo,0,4120,859,73,5052,0.007235,1.1
3712_memo,0,4747,1582,61,6390,0.011182,1.7
3713_memo,0,5120,2361,103,7584,0.01552,2.36
3714_memo,0,3997,623,42,4662,0.005823,0.89
3716_memo,0,4440,1415,84,5939,0.01027,1.56
3717_memo,0,4173,983,66,5222,0.007853,1.19
3718_memo,0,4383,1321,121,5825,0.009949,1.51
3719_memo,0,4537,1439,102,6078,0.010541,1.6
3720_memo,0,5074,2297,61,7432,0.014961,2.27
3721_memo,0,4436,1241,71,5748,0.009333,1.42
3722_memo,0,4191,1059,61,5311,0.008219,1.25
3723_memo,0,5111,2204,104,7419,0.014734,2.24
3724_memo,0,4710,1735,101,6546,0.012124,1.84
3725_memo,0,4319,1182,99,5600,0.009104,1.38
3726_memo,0,4150,911,73,5134,0.007514,1.14
3727_memo,0,4653,1613,73,6339,0.011338,1.72
3728_memo,0,4703,1878,101,6682,0.012834,1.95
3729_memo,0,4786,1744,82,6612,0.012121,1.84
3730_memo,0,4183,988,68,5239,0.007894,1.2
3731_memo,0,4128,855,69,5052,0.0072,1.09
3732_memo,0,4951,2074,85,7110,0.013889,2.11
3733_memo,0,4568,1431,67,6066,0.010345,1.57
3734_memo,0,4257,1056,89,5402,0.008386,1.27
3735_memo,0,4357,1316,105,5778,0.009828,1.49
3736_memo,0,4173,952,120,5245,0.007968,1.21
3737_memo,0,4223,935,100,5258,0.007814,1.19
3738_memo,0,4341,1227,182,5750,0.009758,1.48
3739_memo,0,4355,1155,63,5573,0.008812,1.34
3740_memo,0,4566,1536,113,6215,0.011099,1.69
3741_memo,0,4573,1383,143,6099,0.010488,1.59
3742_memo,0,4313,1208,140,5661,0.009436,1.43
3743_memo,0,4422,1480,88,5990,0.010604,1.61
3744_memo,0,4399,1335,165,5899,0.010249,1.56
3745_memo,0,4223,1047,59,5329,0.008169,1.24
3746_memo,0,4434,1377,71,5882,0.010011,1.52
3747_memo,0,4400,1448,125,5973,0.010615,1.61
3748_memo,0,3972,732,63,4767,0.006457,0.98
3749_memo,0,4010,697,135,4842,0.006666,1.01
3750_memo,0,4053,728,59,4840,0.006468,0.98
3751_memo,0,4494,1383,67,5944,0.010059,1.53
3752_memo,0,4333,1289,94,5716,0.009623,1.46
3753_memo,0,4262,1149,59,5470,0.008704,1.32
3754_memo,0,4359,1076,67,5502,0.008439,1.28
3755_memo,0,5100,2112,102,7314,0.014257,2.17
3756_memo,0,5043,2104,122,7269,0.014282,2.17
3757_memo,0,4407,1226,67,5700,0.009219,1.4
3758_memo,0,4706,1741,66,6513,0.011976,1.82
3759_memo,0,3981,711,105,4797,0.006568,1.0
3760_memo,0,4612,1513,100,6225,0.010948,1.66
3761_memo,0,4227,1090,66,5383,0.008422,1.28
3762_memo,0,4250,1048,84,5382,0.008316,1.26
3763_memo,0,4244,992,102,5338,0.008122,1.23
3764_memo,0,5832,3022,71,8925,0.01911,2.9
3765_memo,0,4452,1349,97,5898,0.010013,1.52
3766_memo,0,6752,4802,79,11633,0.028625,4.35
3767_memo,0,4638,1647,100,6385,0.011634,1.77
3768_memo,0,5021,2013,67,7101,0.013538,2.06
3769_memo,0,4671,1658,106,6435,0.011739,1.78
3770_memo,0,4861,1754,83,6698,0.012223,1.86
3771_memo,0,6402,3849,73,10324,0.023611,3.59
3772_memo,0,4500,1601,85,6186,0.011242,1.71
3773_memo,0,5123,2199,67,7389,0.014532,2.21
3774_memo,0,4287,1167,89,5543,0.008959,1.36
3775_memo,0,4374,1371,102,5847,0.010099,1.54
3776_memo,0,4413,1329,103,5845,0.009918,1.51
3777_memo,0,3834,483,57,4374,0.005096,0.77
3778_memo,0,4543,1576,75,6194,0.011094,1.69
3779_memo,0,4134,896,53,5083,0.007329,1.11
3780_memo,0,4007,751,65,4823,0.006584,1.0
3781_memo,0,4340,1412,69,5821,0.010117,1.54
3782_memo,0,4335,1262,67,5664,0.009354,1.42
3783_memo,0,4581,1562,100,6243,0.011173,1.7
3784_memo,0,4322,1261,57,5640,0.009291,1.41
3785_memo,0,4566,1559,100,6225,0.011149,1.69
3786_memo,0,4605,1598,61,6264,0.011173,1.7
3787_memo,0,4050,866,65,4981,0.007186,1.09
3788_memo,0,4313,1323,69,5705,0.009656,1.47
3789_memo,0,4345,1152,82,5579,0.008886,1.35
3790_memo,0,3905,553,92,4550,0.005666,0.86
3791_memo,0,4249,1023,129,5401,0.008416,1.28
3792_memo,0,4227,1070,97,5394,0.008477,1.29
3793_memo,0,4456,1433,103,5992,0.010465,1.59
3794_memo,0,4461,1421,70,5952,0.010243,1.56
3795_memo,0,4398,1196,64,5658,0.009049,1.38
3796_memo,0,4215,1037,76,5328,0.008199,1.25
3797_memo,0,4290,1220,61,5571,0.009086,1.38
3798_memo,0,4520,1512,71,6103,0.01074,1.63
3799_memo,0,4436,1378,100,5914,0.010162,1.54
3800_memo,0,4282,1171,67,5520,0.008866,1.35
3801_memo,0,4451,1349,67,5867,0.009862,1.5
3802_memo,0,4313,1215,59,5587,0.009066,1.38
3803_memo,0,4167,896,49,5112,0.007329,1.11
3804_memo,0,4347,1337,68,5752,0.009742,1.48
3805_memo,0,3968,725,92,4785,0.006565,1.0
3806_memo,0,4106,881,108,5095,0.007511,1.14
3807_memo,0,4068,872,51,4991,0.007157,1.09
3808_memo,0,3933,660,156,4749,0.006538,0.99
3809_memo,0,4266,1058,87,5411,0.008391,1.28
3810_memo,0,4508,1533,67,6108,0.010818,1.64
3811_memo,0,4526,1492,67,6085,0.010624,1.61
3812_memo,0,4292,1053,94,5439,0.008418,1.28
3813_memo,0,4341,1221,104,5666,0.009338,1.42
3814_memo,0,4654,1524,101,6279,0.011034,1.68
3815_memo,0,4147,997,81,5225,0.007982,1.21
3816_memo,0,4107,863,102,5072,0.007392,1.12
3817_memo,0,4233,1050,69,5352,0.008241,1.25
3818_memo,0,4638,1711,113,6462,0.012019,1.83
3819_memo,0,5430,2584,64,8078,0.016634,2.53
3820_memo,0,5754,2888,102,8744,0.018546,2.82
3821_memo,0,3952,603,98,4653,0.005975,0.91
3822_memo,0,4388,1171,80,5639,0.008998,1.37
3823_memo,0,4371,1230,83,5684,0.009297,1.41
3824_memo,0,4070,839,116,5025,0.007319,1.11
3825_memo,0,4439,1527,83,6049,0.010824,1.65
3826_memo,0,4018,762,136,4916,0.007001,1.06
3827_memo,0,4570,1654,62,6286,0.011436,1.74
3828_memo,0,4967,1894,101,6962,0.013079,1.99
3829_memo,0,3937,651,105,4693,0.006241,0.95
3830_memo,0,4116,920,86,5122,0.007602,1.16
3831_memo,0,4690,2113,104,6907,0.014016,2.13
3832_memo,0,4108,801,44,4953,0.006792,1.03
3833_memo,0,6052,3742,140,9934,0.023193,3.53
3834_memo,0,4206,1132,71,5409,0.008644,1.31
3835_memo,0,4458,1346,74,5878,0.009886,1.5
3836_memo,0,4267,1077,151,5495,0.008807,1.34
3837_memo,0,4399,1261,97,5757,0.009539,1.45
3838_memo,0,4105,925,102,5132,0.007701,1.17
3839_memo,0,4992,2356,104,7452,0.01542,2.34
3840_memo,0,4090,844,57,4991,0.007061,1.07
3841_memo,0,4202,970,70,5242,0.007826,1.19
3842_memo,0,3914,555,63,4532,0.005536,0.84
3843_memo,0,4401,1255,61,5717,0.009331,1.42
3591_memo,0,4674,1563,101,6338,0.011241,1.71
3592_memo,0,4156,999,55,5210,0.007867,1.2
3844_memo,0,4489,1435,119,6043,0.010576,1.61
3845_memo,0,4420,1506,58,5984,0.010583,1.61
3846_memo,0,4201,930,63,5194,0.007591,1.15
3847_memo,0,5488,2667,72,8227,0.017125,2.6
3848_memo,0,5155,2318,113,7586,0.015377,2.34
3849_memo,0,4364,1328,71,5763,0.009723,1.48
3850_memo,0,4456,1268,99,5823,0.00962,1.46
3852_memo,0,4161,879,69,5109,0.007341,1.12
3853_memo,0,4718,1776,67,6561,0.012164,1.85
3854_memo,0,3753,388,108,4249,0.004826,0.73
3855_memo,0,5593,2904,71,8568,0.018371,2.79
3856_memo,0,4157,883,102,5142,0.007523,1.14
3858_memo,0,4838,2037,116,6991,0.013789,2.1
3859_memo,0,4228,1055,83,5366,0.008332,1.27
3860_memo,0,4640,1566,68,6274,0.01107,1.68
3861_memo,0,4235,990,89,5314,0.008042,1.22
3862_memo,0,4346,1109,65,5520,0.008586,1.31
3863_memo,0,4107,885,89,5081,0.007437,1.13
3864_memo,0,4379,1351,75,5805,0.009867,1.5
3865_memo,0,3939,680,108,4727,0.006402,0.97
3866_memo,0,4008,729,46,4783,0.00638,0.97
3867_memo,0,4329,1182,71,5582,0.008971,1.36
3868_memo,0,4190,936,73,5199,0.007664,1.16
3869_memo,0,4069,874,110,5053,0.007463,1.13
3870_memo,0,4909,1671,65,6645,0.011748,1.79
3871_memo,0,4957,2067,73,7097,0.013798,2.1
3872_memo,0,4334,1156,74,5564,0.008859,1.35
3873_memo,0,4771,1673,140,6584,0.012047,1.83
3874_memo,0,4356,1225,107,5688,0.009383,1.43
3875_memo,0,4211,1094,73,5378,0.008467,1.29
3876_memo,0,4510,1418,71,5999,0.010264,1.56
3877_memo,0,4305,1192,61,5558,0.008956,1.36
3878_memo,0,4531,1537,109,6177,0.011062,1.68
3880_memo,0,4414,1260,102,5776,0.009569,1.45
3881_memo,0,4497,1648,64,6209,0.011371,1.73
3882_memo,0,4157,990,79,5226,0.007943,1.21
3883_memo,0,5698,3103,71,8872,0.019431,2.95
3885_memo,0,4334,1206,72,5612,0.009099,1.38
3886_memo,0,5370,2722,74,8166,0.017336,2.64
3887_memo,0,4847,1839,89,6775,0.012669,1.93
3888_memo,0,4192,1000,71,5263,0.007975,1.21
3889_memo,0,4856,1890,96,6842,0.012965,1.97
3890_memo,0,4059,727,205,4991,0.007197,1.09
3891_memo,0,4550,1479,86,6115,0.010669,1.62
3893_memo,0,4217,1112,87,5416,0.008631,1.31
3894_memo,0,4681,1730,69,6480,0.011921,1.81
3895_memo,0,4833,1933,91,6857,0.013141,2.0
3896_memo,0,4228,1070,103,5401,0.008508,1.29
3897_memo,0,4339,1219,61,5619,0.009112,1.39
3898_memo,0,5051,2210,86,7347,0.014637,2.22
3899_memo,0,4468,1488,71,6027,0.010587,1.61
3900_memo,0,4273,1065,100,5438,0.008496,1.29
3901_memo,0,3867,546,100,4513,0.005647,0.86
3902_memo,0,4120,906,100,5126,0.007605,1.16
3903_memo,0,5481,2808,67,8356,0.017801,2.71
3904_memo,0,4492,1460,76,6028,0.010488,1.59
3905_memo,0,4187,1040,79,5306,0.008212,1.25
3906_memo,0,4345,1193,67,5605,0.009016,1.37
3907_memo,0,4344,1106,71,5521,0.0086,1.31
3908_memo,0,4791,1998,61,6850,0.013289,2.02
3909_memo,0,4337,1230,60,5627,0.009161,1.39
3910_memo,0,4042,784,76,4902,0.006826,1.04
3911_memo,0,4004,730,69,4803,0.006497,0.99
3913_memo,0,3979,752,163,4894,0.007062,1.07
3914_memo,0,4147,910,44,5101,0.007362,1.12
3915_memo,0,4169,987,104,5260,0.008061,1.23
3916_memo,0,4249,1055,73,5377,0.008296,1.26
3917_memo,0,4111,832,75,5018,0.007104,1.08
3918_memo,0,3985,680,100,4765,0.006391,0.97
3919_memo,0,4537,1414,102,6053,0.010416,1.58
3920_memo,0,4154,993,69,5216,0.007906,1.2
3921_memo,0,4458,1390,75,5923,0.010111,1.54
3922_memo,0,4370,1166,63,5599,0.008876,1.35
3923_memo,0,4645,1569,116,6330,0.011328,1.72
3924_memo,0,4173,1005,107,5285,0.008168,1.24
3925_memo,0,4544,2485,117,7146,0.01585,2.41
3926_memo,0,4272,1102,62,5436,0.00849,1.29
3927_memo,0,4187,975,47,5209,0.007727,1.17
3928_memo,0,3986,880,55,4921,0.007166,1.09
3929_memo,0,4654,1503,82,6239,0.010834,1.65
3930_memo,0,4094,921,71,5086,0.007519,1.14
3931_memo,0,4109,832,62,5003,0.007038,1.07
3932_memo,0,4128,1097,88,5313,0.008505,1.29
3933_memo,0,4043,716,104,4863,0.006627,1.01
3934_memo,0,4147,916,102,5165,0.007682,1.17
3935_memo,0,4466,1306,87,5859,0.009756,1.48
3936_memo,0,4038,846,55,4939,0.007029,1.07
3937_memo,0,4498,1305,142,5945,0.010046,1.53
3938_memo,0,4199,946,67,5212,0.007689,1.17
3939_memo,0,4435,1264,82,5781,0.009502,1.44
3940_memo,0,4553,1407,82,6042,0.010291,1.56
3941_memo,0,4589,1510,73,6172,0.010783,1.64
3942_memo,0,4386,1287,87,5760,0.009611,1.46
3943_memo,0,4576,1453,119,6148,0.01072,1.63
3944_memo,0,5711,2739,114,8564,0.017834,2.71
3945_memo,0,4152,885,109,5146,0.007565,1.15
3946_memo,0,3746,306,100,4152,0.004371,0.66
3947_memo,0,3997,730,135,4862,0.006823,1.04
3948_memo,0,3943,715,122,4780,0.006649,1.01
3950_memo,0,4550,1290,140,5980,0.009994,1.52
3955_memo,0,4371,1175,75,5621,0.008982,1.37
3956_memo,0,7248,5265,71,12584,0.03121,4.74
3957_memo,0,4369,1251,102,5722,0.009496,1.44
3958_memo,0,4142,849,29,5020,0.006979,1.06
3959_memo,0,4622,1540,83,6245,0.011004,1.67
3960_memo,0,5308,2322,100,7730,0.015428,2.34
3961_memo,0,3885,559,63,4507,0.005538,0.84
3962_memo,0,15774,17002,87,32863,0.095304,14.49
3963_memo,0,16170,16979,74,33223,0.095371,14.5
3964_memo,0,15236,15304,117,30657,0.086628,13.17
3965_memo,0,10581,9409,74,20064,0.054028,8.21
3966_memo,0,14447,15524,62,30033,0.086959,13.22
3967_memo,0,17290,20818,124,38232,0.115516,17.56
3968_memo,0,16479,17689,71,34239,0.099099,15.06
3969_memo,0,4073,800,133,5006,0.007211,1.1
3970_memo,0,3898,569,74,4541,0.005651,0.86
3971_memo,0,5100,2154,69,7323,0.014302,2.17
3972_memo,0,3860,478,71,4409,0.005158,0.78
3973_memo,0,12463,11163,124,23750,0.064224,9.76
3974_memo,0,9633,7426,103,17162,0.043666,6.64
3975_memo,0,10346,9306,100,19752,0.053496,8.13
3976_memo,0,8149,5787,71,14007,0.034383,5.23
3977_memo,0,9548,7674,91,17313,0.044792,6.81
3978_memo,0,6504,4006,72,10582,0.024455,3.72
3979_memo,0,11154,9706,58,20918,0.055791,8.48
3980_memo,0,10969,8888,116,19973,0.051876,7.89
3981_memo,0,7118,4716,71,11905,0.028384,4.31
3982_memo,0,12699,13288,97,26084,0.074862,11.38
3984_memo,0,7605,5793,133,13531,0.034383,5.23
3985_memo,0,6120,3593,141,9854,0.022495,3.42
3986_memo,0,6867,4001,85,10953,0.024722,3.76
3987_memo,0,8822,6989,71,15882,0.040814,6.2
3988_memo,0,8340,5994,69,14403,0.035527,5.4
3989_memo,0,11032,10345,65,21442,0.058945,8.96
3990_memo,0,11303,9567,97,20967,0.055384,8.42
3991_memo,0,8545,6731,71,15347,0.039351,5.98
3992_memo,0,8061,6337,108,14506,0.037263,5.66
3993_memo,0,9744,7439,115,17298,0.04386,6.67
3994_memo,0,10422,9319,108,19849,0.053649,8.15
3995_memo,0,8894,7387,83,16364,0.042909,6.52
3996_memo,0,10368,8826,62,19256,0.05092,7.74
3997_memo,0,9487,7614,65,17166,0.044324,6.74
3998_memo,0,10239,8558,99,18896,0.049684,7.55
3999_memo,0,11390,10439,95,21924,0.059789,9.09
4000_memo,0,8295,6655,102,15052,0.038969,5.92
4001_memo,0,6290,3400,67,9757,0.021266,3.23
4002_memo,0,9576,7976,78,17630,0.046255,7.03
4003_memo,0,7207,5103,89,12399,0.030464,4.63
4004_memo,0,10014,7615,100,17729,0.044834,6.81
4005_memo,0,8609,6692,75,15376,0.039216,5.96
4006_memo,0,8630,6905,73,15608,0.040284,6.12
4007_memo,0,7449,5063,102,12614,0.030481,4.63
4008_memo,0,8106,6082,115,14303,0.036051,5.48
4009_memo,0,9336,7401,101,16838,0.043345,6.59
4010_memo,0,9089,7186,74,16349,0.041981,6.38
4011_memo,0,9906,8449,116,18471,0.049016,7.45
4012_memo,0,8779,7222,73,16074,0.041962,6.38
4013_memo,0,8602,6383,116,15101,0.037871,5.76
4014_memo,0,4585,1295,82,5962,0.009751,1.48
4015_memo,0,8755,6830,88,15673,0.040062,6.09
4016_memo,0,7824,5456,69,13349,0.032515,4.94
4017_memo,0,9353,7972,59,17384,0.046001,6.99
4018_memo,0,6108,3265,125,9498,0.020768,3.16
4019_memo,0,10088,8716,73,18877,0.05025,7.64
4020_memo,0,7955,5807,77,13839,0.034392,5.23
4021_memo,0,7329,4840,100,12269,0.029281,4.45
4022_memo,0,5227,2313,77,7617,0.015217,2.31
4023_memo,0,5427,2606,102,8135,0.016932,2.57
4024_memo,0,4778,1687,105,6570,0.011946,1.82
4025_memo,0,8413,5714,144,14271,0.034548,5.25
4026_memo,0,5300,2317,89,7706,0.015343,2.33
4027_memo,0,6190,3727,102,10019,0.023014,3.5
4028_memo,0,5635,2911,69,8615,0.018422,2.8
4029_memo,0,5664,2812,101,8577,0.018105,2.75
4030_memo,0,7552,4885,112,12549,0.029705,4.52
4031_memo,0,4268,1077,89,5434,0.008497,1.29
4032_memo,0,4354,1259,66,5679,0.009346,1.42
4033_memo,0,5082,2589,67,7738,0.016456,2.5
4034_memo,0,7495,4957,102,12554,0.029979,4.56
4035_memo,0,5969,3343,67,9379,0.020781,3.16
4036_memo,0,5175,2052,71,7298,0.013849,2.11
4037_memo,0,5430,2598,71,8099,0.016739,2.54
4038_memo,0,4305,1148,122,5575,0.009041,1.37
4039_memo,0,4202,907,79,5188,0.007556,1.15
4040_memo,0,4261,1039,100,5400,0.008358,1.27
4041_memo,0,5834,3052,102,8988,0.019416,2.95
4042_memo,0,4411,1260,62,5733,0.009367,1.42
4043_memo,0,5195,2619,100,7914,0.016842,2.56
4044_memo,0,4754,1635,62,6451,0.011456,1.74
4045_memo,0,4635,1470,64,6169,0.010567,1.61
4046_memo,0,6600,4112,71,10783,0.02504,3.81
4047_memo,0,5188,2655,69,7912,0.016862,2.56
4048_memo,0,4912,1944,77,6933,0.013175,2.0
4050_memo,0,5453,3022,103,8578,0.019033,2.89
4051_memo,0,5035,2645,86,7766,0.016802,2.55
4052_memo,0,5854,2942,90,8886,0.018819,2.86
4053_memo,0,4846,1794,63,6703,0.012314,1.87
4054_memo,0,6212,3948,71,10231,0.023978,3.64
4055_memo,0,5077,2010,67,7154,0.013558,2.06
4056_memo,0,5628,2826,100,8554,0.018148,2.76
4057_memo,0,5517,3081,69,8667,0.019198,2.92
4058_memo,0,6533,4068,116,10717,0.025003,3.8
4059_memo,0,6987,4292,73,11352,0.026192,3.98
4060_memo,0,6447,4302,97,10846,0.026024,3.96
4061_memo,0,5219,2368,62,7649,0.015412,2.34
4062_memo,0,5680,3125,86,8891,0.019605,2.98
4063_memo,0,5532,2514,70,8116,0.016377,2.49
4064_memo,0,4980,2129,97,7206,0.014243,2.16
4065_memo,0,4456,1519,67,6042,0.010715,1.63
4066_memo,0,4947,1966,135,7048,0.013597,2.07
4067_memo,0,4674,1656,61,6391,0.011506,1.75
4068_memo,0,5121,2284,152,7557,0.015381,2.34
4069_memo,0,4733,1737,89,6559,0.012088,1.84
4070_memo,0,5421,2324,121,7866,0.015613,2.37
4071_memo,0,5089,2103,65,7257,0.014021,2.13
4072_memo,0,4963,1920,67,6950,0.013037,1.98
4073_memo,0,5205,2438,111,7754,0.015998,2.43
4074_memo,0,4697,1717,73,6487,0.011886,1.81
4075_memo,0,4273,1090,86,5449,0.008551,1.3
4076_memo,0,5042,2229,73,7344,0.014661,2.23
4077_memo,0,5324,2256,67,7647,0.014943,2.27
4078_memo,0,4392,1239,71,5702,0.009295,1.41
4079_memo,0,4586,1588,150,6324,0.011556,1.76
4080_memo,0,6192,3576,61,9829,0.022055,3.35
4081_memo,0,4634,1494,91,6219,0.010821,1.64
4082_memo,0,7849,5819,71,13739,0.034356,5.22
4083_memo,0,5252,2294,103,7649,0.015267,2.32
4084_memo,0,4260,1022,86,5368,0.008202,1.25
4085_memo,0,4857,2682,73,7612,0.016811,2.56
4086_memo,0,4642,1666,78,6386,0.011621,1.77
4087_memo,0,5061,2038,62,7161,0.013663,2.08
4089_memo,0,4963,1956,100,7019,0.013382,2.03
4090_memo,0,4588,1417,100,6105,0.010452,1.59
4091_memo,0,4401,1241,82,5724,0.009366,1.42
4092_memo,0,6346,3836,78,10260,0.023536,3.58
4093_memo,0,5139,2199,68,7406,0.014547,2.21
4094_memo,0,4392,1238,67,5697,0.00927,1.41
4095_memo,0,4505,1362,71,5938,0.009981,1.52
4096_memo,0,7167,4707,75,11949,0.028389,4.32
4097_memo,0,4599,1468,99,6166,0.010709,1.63
4098_memo,0,5280,2615,121,8016,0.01698,2.58
4099_memo,0,5505,2671,68,8244,0.017136,2.6
4100_memo,0,5320,2499,85,7904,0.016245,2.47
4101_memo,0,4642,1580,67,6289,0.011136,1.69
4102_memo,0,5526,2624,81,8231,0.016979,2.58
4103_memo,0,6670,4536,78,11284,0.027239,4.14
4104_memo,0,9853,7400,113,17366,0.043723,6.65
4105_memo,0,5162,2185,104,7451,0.014671,2.23
4106_memo,0,5569,2619,105,8293,0.017101,2.6
4107_memo,0,6100,3469,103,9672,0.021673,3.29
4108_memo,0,5901,3130,115,9146,0.019913,3.03
4109_memo,0,5385,2398,71,7854,0.015711,2.39
4110_memo,0,5194,2254,67,7515,0.014851,2.26
4111_memo,0,4628,1564,68,6260,0.011052,1.68
4112_memo,0,5255,2500,161,7916,0.016589,2.52
4113_memo,0,4506,1422,89,6017,0.010371,1.58
4114_memo,0,4500,1408,100,6008,0.010353,1.57
4115_memo,0,4666,1525,35,6226,0.010716,1.63
4116_memo,0,5232,2317,69,7618,0.0152,2.31
4117_memo,0,4360,1293,79,5732,0.009585,1.46
4118_memo,0,4488,1273,100,5861,0.00967,1.47
4119_memo,0,4494,1292,70,5856,0.009619,1.46
4120_memo,0,4916,1965,67,6948,0.013232,2.01
4121_memo,0,5040,2108,90,7238,0.01414,2.15
4122_memo,0,4519,1371,100,5990,0.010179,1.55
4123_memo,0,5506,2570,67,8143,0.016626,2.53
4124_memo,0,4326,1142,40,5508,0.008614,1.31
4125_memo,0,6406,3599,114,10119,0.022569,3.43
4126_memo,0,6898,4787,73,11758,0.028611,4.35
4127_memo,0,6131,3280,73,9484,0.020597,3.13
4128_memo,0,7462,5236,86,12784,0.031274,4.75
4129_memo,0,4702,1554,97,6353,0.011194,1.7
4130_memo,0,6346,3647,115,10108,0.022776,3.46
4131_memo,0,5426,2474,67,7967,0.016096,2.45
4132_memo,0,6873,4289,72,11234,0.026101,3.97
4133_memo,0,5493,2678,71,8242,0.017178,2.61
4134_memo,0,5199,2336,83,7618,0.015344,2.33
4135_memo,0,8200,6255,74,14529,0.03677,5.59
4136_memo,0,4996,2137,67,7200,0.014142,2.15
4137_memo,0,5103,2056,61,7220,0.013774,2.09
4138_memo,0,5009,2027,101,7137,0.013771,2.09
4139_memo,0,7232,4651,100,11983,0.028275,4.3
4140_memo,0,5328,2494,89,7911,0.016245,2.47
4141_memo,0,5838,2991,75,8904,0.018979,2.88
4142_memo,0,5086,2063,103,7252,0.014009,2.13
4143_memo,0,4928,1920,114,6962,0.01325,2.01
4144_memo,0,5437,2567,104,8108,0.016753,2.55
4145_memo,0,6081,3365,73,9519,0.020991,3.19
4146_memo,0,5647,2862,116,8625,0.018419,2.8
4147_memo,0,4522,1447,115,6084,0.010636,1.62
4148_memo,0,5316,2294,98,7708,0.015283,2.32
4149_memo,0,5334,2421,71,7826,0.015794,2.4
4150_memo,0,5714,2744,69,8527,0.017636,2.68
4151_memo,0,5306,2383,66,7755,0.015561,2.37
4152_memo,0,5438,2500,71,8009,0.016254,2.47
4153_memo,0,6467,3761,71,10299,0.023202,3.53
4154_memo,0,8833,6981,124,15938,0.041046,6.24
4155_memo,0,6261,3593,71,9925,0.022233,3.38
4156_memo,0,6841,4262,96,11199,0.026066,3.96
4157_memo,0,5908,3269,105,9282,0.020563,3.13
4158_memo,0,4972,1968,86,7026,0.013378,2.03
4159_memo,0,5422,2575,65,8062,0.016589,2.52
4160_memo,0,4621,1417,86,6124,0.010403,1.58
4161_memo,0,4932,1866,62,6860,0.012722,1.93
4162_memo,0,4529,1352,97,5978,0.010076,1.53
4163_memo,0,4349,1048,57,5454,0.008243,1.25
4164_memo,0,4305,1137,44,5486,0.008596,1.31
4165_memo,0,4266,1045,76,5387,0.008271,1.26
4166_memo,0,4741,1760,101,6602,0.012268,1.86
4167_memo,0,5416,2476,72,7964,0.016125,2.45
4168_memo,0,4962,1995,102,7059,0.013586,2.07
4169_memo,0,4781,1713,64,6558,0.011873,1.8
4170_memo,0,5916,3195,86,9197,0.020102,3.06
4171_memo,0,4466,1247,66,5779,0.009356,1.42
4172_memo,0,5293,2198,73,7564,0.014663,2.23
4173_memo,0,5386,2474,103,7963,0.016251,2.47
4174_memo,0,4486,1263,136,5885,0.009799,1.49
4175_memo,0,4747,1733,81,6561,0.012037,1.83
4176_memo,0,4654,1492,84,6230,0.010789,1.64
4177_memo,0,4686,1659,64,6409,0.011544,1.75
4178_memo,0,5681,3015,115,8811,0.019201,2.92
4179_memo,0,4553,1454,63,6070,0.010431,1.59
4180_memo,0,5214,2432,71,7717,0.015774,2.4
4181_memo,0,4996,2024,73,7093,0.013607,2.07
4182_memo,0,4170,898,54,5122,0.007366,1.12
4183_memo,0,5583,2852,102,8537,0.018259,2.78
4184_memo,0,4464,1334,48,5846,0.0097,1.47
4185_memo,0,4254,1187,77,5518,0.008979,1.36
4186_memo,0,4447,1234,71,5752,0.009304,1.41
4187_memo,0,4606,1510,67,6183,0.010764,1.64
4188_memo,0,4668,1634,100,6402,0.011588,1.76
4189_memo,0,4600,1483,67,6150,0.010625,1.61
4190_memo,0,4622,1558,100,6280,0.011179,1.7
4191_memo,0,5628,2870,71,8569,0.018222,2.77
4192_memo,0,5704,2737,102,8543,0.01776,2.7
4193_memo,0,4389,1283,83,5755,0.009573,1.46
4194_memo,0,4524,1362,83,5969,0.010053,1.53
4195_memo,0,5577,2647,100,8324,0.017221,2.62
4196_memo,0,5511,2628,99,8238,0.017079,2.6
4197_memo,0,4868,1836,85,6789,0.012647,1.92
4198_memo,0,5033,1802,100,6935,0.012656,1.92
4200_memo,0,5149,2396,100,7645,0.015698,2.39
4201_memo,0,4255,1078,33,5366,0.008214,1.25
4202_memo,0,4805,1759,61,6625,0.012103,1.84
4203_memo,0,4790,1755,102,6647,0.012279,1.87
4204_memo,0,5178,2138,89,7405,0.014371,2.18
4205_memo,0,5152,2076,159,7387,0.014395,2.19
4206_memo,0,4637,1615,98,6350,0.011463,1.74
4207_memo,0,5222,2153,105,7480,0.014554,2.21
4208_memo,0,4594,1674,73,6341,0.011606,1.76
4209_memo,0,4716,1641,63,6420,0.011467,1.74
4210_memo,0,4518,1515,136,6169,0.011079,1.68
4211_memo,0,4482,1357,83,5922,0.010001,1.52
4212_memo,0,4270,1117,61,5448,0.008559,1.3
4213_memo,0,5474,2717,73,8264,0.017371,2.64
4216_memo,0,4769,1839,71,6679,0.012531,1.9
4217_memo,0,4080,763,60,4903,0.006665,1.01
4218_memo,0,6293,3841,64,10198,0.023458,3.57
4219_memo,0,4183,982,101,5266,0.008029,1.22
4220_memo,0,4304,1103,154,5561,0.008975,1.36
4221_memo,0,4763,1755,101,6619,0.012257,1.86
4222_memo,0,4682,1587,132,6401,0.011521,1.75
4223_memo,0,4667,1576,58,6301,0.011087,1.69
4224_memo,0,4793,1682,69,6544,0.011751,1.79
4225_memo,0,4891,1874,101,6866,0.012932,1.97
4226_memo,0,4876,1864,83,6823,0.012783,1.94
4227_memo,0,4235,974,61,5270,0.007822,1.19
4228_memo,0,3920,587,103,4610,0.0059,0.9
4229_memo,0,4429,1280,69,5778,0.009513,1.45
4230_memo,0,4958,1827,76,6861,0.012614,1.92
4231_memo,0,5118,2120,71,7309,0.014154,2.15
4232_memo,0,4694,1568,71,6333,0.011129,1.69
4233_memo,0,4076,827,65,4968,0.007007,1.07
4234_memo,0,4275,1082,82,5439,0.008492,1.29
4235_memo,0,5114,2005,70,7189,0.013571,2.06
4236_memo,0,4857,1793,67,6717,0.012336,1.88
4237_memo,0,5658,2841,71,8570,0.018096,2.75
4238_memo,0,5450,2301,71,7822,0.015266,2.32
4239_memo,0,5105,2103,85,7293,0.014131,2.15
4240_memo,0,4677,1715,76,6468,0.011878,1.81
4242_memo,0,5479,2534,65,8078,0.016419,2.5
4243_memo,0,5609,2650,67,8326,0.017091,2.6
4244_memo,0,4115,1018,88,5221,0.008102,1.23
4245_memo,0,4928,1864,69,6861,0.012745,1.94
4246_memo,0,5626,2772,64,8462,0.017696,2.69
4247_memo,0,5148,2259,89,7496,0.014957,2.27
4248_memo,0,4037,807,45,4889,0.006783,1.03
4249_memo,0,5175,2419,73,7667,0.015694,2.39
4250_memo,0,4451,1397,100,5948,0.010267,1.56
4251_memo,0,4450,1330,100,5880,0.009931,1.51
4252_memo,0,4140,922,114,5176,0.007768,1.18
4253_memo,0,3996,720,94,4810,0.006568,1.0
4255_memo,0,4315,1176,43,5534,0.008792,1.34
4256_memo,0,4276,1081,67,5424,0.008412,1.28
4257_memo,0,4612,1493,89,6194,0.010793,1.64
4258_memo,0,4697,1656,51,6404,0.011471,1.74
4259_memo,0,4427,1370,68,5865,0.009957,1.51
4260_memo,0,4293,1073,66,5432,0.008378,1.27
4261_memo,0,5121,2226,71,7418,0.014686,2.23
4262_memo,0,4386,1186,91,5663,0.009126,1.39
4263_memo,0,5084,2357,62,7503,0.015273,2.32
4264_memo,0,4885,1898,102,6885,0.013053,1.98
4265_memo,0,4711,1577,71,6359,0.011184,1.7
4266_memo,0,4755,1856,103,6714,0.012767,1.94
4267_memo,0,4404,1185,67,5656,0.009012,1.37
4268_memo,0,4511,1456,55,6022,0.010374,1.58
4269_memo,0,5432,2516,65,8013,0.0163,2.48
4270_memo,0,4937,2006,117,7060,0.013701,2.08
4271_memo,0,4389,1260,63,5712,0.009358,1.42
4272_memo,0,4846,1824,69,6739,0.012494,1.9
4273_memo,0,4116,942,77,5135,0.007667,1.17
4274_memo,0,4639,1608,112,6359,0.011499,1.75
4275_memo,0,4405,1168,76,5649,0.008973,1.36
4276_memo,0,4697,1495,71,6263,0.010766,1.64
4277_memo,0,4896,1912,71,6879,0.012975,1.97
4278_memo,0,6759,4249,116,11124,0.026049,3.96
4279_memo,0,4543,1416,89,6048,0.010364,1.58
4280_memo,0,5776,2822,71,8669,0.018075,2.75
4281_memo,0,5979,3197,102,9278,0.020232,3.08
4282_memo,0,5946,3167,86,9199,0.019981,3.04
4283_memo,0,6278,3612,62,9952,0.022294,3.39
4284_memo,0,4711,1713,85,6509,0.011934,1.81
4285_memo,0,4432,1207,62,5701,0.009115,1.39
4286_memo,0,5598,2870,71,8539,0.018204,2.77
4287_memo,0,4675,1671,115,6461,0.011852,1.8
4288_memo,0,4830,1748,89,6667,0.012204,1.85
4289_memo,0,4283,1114,63,5460,0.008562,1.3
4290_memo,0,5024,2007,71,7102,0.01353,2.06
4291_memo,0,4602,1754,61,6417,0.011951,1.82
4292_memo,0,4530,1371,63,5964,0.010001,1.52
4293_memo,0,4763,1624,63,6450,0.011412,1.73
4294_memo,0,4982,2012,115,7109,0.013749,2.09
4295_memo,0,4435,1326,71,5832,0.009757,1.48
4296_memo,0,5620,2744,71,8435,0.017587,2.67
4297_memo,0,4966,1889,119,6974,0.013144,2.0
4298_memo,0,5457,2790,64,8311,0.017681,2.69
4299_memo,0,4523,1509,100,6132,0.010872,1.65
4300_memo,0,4378,1069,47,5494,0.008316,1.26
4301_memo,0,5525,2693,99,8317,0.017413,2.65
4302_memo,0,4893,1907,102,6902,0.013103,1.99
4303_memo,0,4403,1236,83,5722,0.009347,1.42
4305_memo,0,4825,1833,100,6758,0.012681,1.93
4306_memo,0,4314,1166,97,5577,0.009011,1.37
4307_memo,0,4673,1681,71,6425,0.011681,1.78
4308_memo,0,4319,1140,76,5535,0.008779,1.33
4309_memo,0,3994,828,42,4864,0.006846,1.04
4310_memo,0,4936,1975,61,6972,0.013265,2.02
4311_memo,0,4557,1515,167,6239,0.011258,1.71
4312_memo,0,4257,995,196,5448,0.008616,1.31
4313_memo,0,4650,1483,100,6233,0.010821,1.64
4314_memo,0,5177,2280,62,7519,0.014946,2.27
4315_memo,0,4204,989,71,5264,0.007928,1.2
4316_memo,0,4584,1559,103,6246,0.011175,1.7
4317_memo,0,4738,1590,90,6418,0.011361,1.73
4318_memo,0,4991,2006,65,7062,0.013474,2.05
4320_memo,0,5279,2468,71,7818,0.015994,2.43
4321_memo,0,4143,899,54,5096,0.007354,1.12
4323_memo,0,4088,850,60,4998,0.007105,1.08
4324_memo,0,4159,854,65,5078,0.007194,1.09
4325_memo,0,4506,1368,100,5974,0.010156,1.54
4326_memo,0,4518,1397,67,5982,0.010144,1.54
4327_memo,0,4691,1592,66,6349,0.011222,1.71
4328_memo,0,5051,2034,71,7156,0.013682,2.08
4329_memo,0,4319,1043,106,5468,0.008444,1.28
4330_memo,0,4454,1465,89,6008,0.010554,1.6
4331_memo,0,4405,1297,101,5803,0.009743,1.48
4332_memo,0,4739,1762,101,6602,0.012277,1.87
4333_memo,0,4308,1172,59,5539,0.008848,1.34
4334_memo,0,5909,3263,71,9243,0.020363,3.1
4335_memo,0,4981,1978,54,7013,0.013273,2.02
4336_memo,0,4310,1142,100,5552,0.008904,1.35
4337_memo,0,4595,1570,72,6237,0.011082,1.68
4338_memo,0,4326,1171,89,5586,0.009004,1.37
4339_memo,0,5409,2528,78,8015,0.016411,2.49
4340_memo,0,4544,1751,71,6366,0.01195,1.82
4341_memo,0,4412,1278,102,5792,0.009657,1.47
4342_memo,0,4086,829,69,4984,0.007044,1.07
4343_memo,0,4353,1202,88,5643,0.009171,1.39
4344_memo,0,4986,2016,69,7071,0.013541,2.06
4345_memo,0,5457,2602,67,8126,0.016756,2.55
4346_memo,0,4130,878,69,5077,0.007316,1.11
4347_memo,0,4359,1132,59,5550,0.008679,1.32
4348_memo,0,4532,1425,100,6057,0.010458,1.59
4349_memo,0,5862,2883,138,8883,0.018769,2.85
4350_memo,0,4012,679,61,4752,0.006208,0.94
4351_memo,0,4490,1373,67,5930,0.010006,1.52
4352_memo,0,4397,1149,71,5617,0.008848,1.34
4353_memo,0,5903,3357,101,9361,0.020979,3.19
4354_memo,0,4325,1165,54,5544,0.008798,1.34
4355_memo,0,4689,1665,103,6457,0.011771,1.79
4356_memo,0,4151,857,69,5077,0.007224,1.1
4357_memo,0,5499,2747,127,8373,0.017807,2.71
4358_memo,0,5715,2867,64,8646,0.018227,2.77
4359_memo,0,4716,1600,100,6416,0.011447,1.74
4360_memo,0,4508,1383,61,5952,0.010037,1.53
4361_memo,0,4408,1244,71,5723,0.00933,1.42
4362_memo,0,4444,1232,68,5744,0.009277,1.41
4363_memo,0,7220,4531,73,11824,0.027532,4.18
4364_memo,0,4315,1185,62,5562,0.008932,1.36
4365_memo,0,4266,1053,80,5399,0.008331,1.27
4366_memo,0,4839,1716,71,6626,0.011959,1.82
4368_memo,0,4751,1638,101,6490,0.011664,1.77
4369_memo,0,5639,2777,71,8487,0.017764,2.7
4370_memo,0,5116,2125,101,7342,0.014327,2.18
4371_memo,0,4387,1144,57,5588,0.008747,1.33
4372_memo,0,4734,1627,61,6422,0.011399,1.73
4373_memo,0,4180,896,73,5149,0.007458,1.13
4374_memo,0,4694,1654,63,6411,0.011519,1.75
4375_memo,0,5782,2993,103,8878,0.019094,2.9
4376_memo,0,5120,2230,73,7423,0.014715,2.24
4377_memo,0,4694,1547,103,6344,0.011184,1.7
4378_memo,0,5022,2020,89,7131,0.013684,2.08
4379_memo,0,4643,1405,124,6172,0.010547,1.6
4380_memo,0,4679,1565,68,6312,0.011089,1.69
4381_memo,0,4870,1778,58,6706,0.012224,1.86
4382_memo,0,6431,4161,106,10698,0.025354,3.85
4383_memo,0,4961,2235,87,7283,0.014711,2.24
4384_memo,0,5283,2394,125,7802,0.015897,2.42
4385_memo,0,5036,2078,65,7179,0.013862,2.11
4386_memo,0,5426,2549,62,8037,0.016446,2.5
4387_memo,0,5190,2169,103,7462,0.014604,2.22
4388_memo,0,4959,1949,73,6981,0.013209,2.01
4389_memo,0,4523,1361,67,5951,0.009967,1.51
4390_memo,0,4386,1103,87,5576,0.008691,1.32
4391_memo,0,4403,1198,87,5688,0.009177,1.39
4392_memo,0,5131,2192,87,7410,0.014602,2.22
4393_memo,0,4583,1420,67,6070,0.010299,1.57
4394_memo,0,4863,1771,71,6705,0.012249,1.86
4395_memo,0,4307,1283,108,5698,0.009647,1.47
4396_memo,0,3969,675,119,4763,0.006451,0.98
4397_memo,0,3965,666,69,4700,0.006153,0.94
4398_memo,0,4035,759,61,4855,0.006622,1.01
4399_memo,0,6476,4004,138,10618,0.024757,3.76
4400_memo,0,4236,1113,104,5453,0.008733,1.33
4401_memo,0,3846,477,53,4376,0.005054,0.77
4402_memo,0,4044,731,90,4865,0.006632,1.01
4403_memo,0,4271,1135,105,5511,0.008869,1.35
4404_memo,0,5788,3162,72,9022,0.019787,3.01
4406_memo,0,4393,1225,71,5689,0.009226,1.4
4407_memo,0,4335,1090,71,5496,0.008514,1.29
4408_memo,0,4070,803,86,4959,0.006989,1.06
4409_memo,0,4514,1396,65,5975,0.010126,1.54
4410_memo,0,5065,2116,174,7355,0.014616,2.22
4411_memo,0,4251,1068,67,5386,0.008332,1.27
4412_memo,0,4456,1357,101,5914,0.010075,1.53
4413_memo,0,4556,1621,100,6277,0.011453,1.74
4414_memo,0,4324,1132,71,5527,0.008717,1.33
4415_memo,0,4277,1136,69,5482,0.008698,1.32
4416_memo,0,4123,862,121,5106,0.007492,1.14
4417_memo,0,4197,975,87,5259,0.007933,1.21
4418_memo,0,4392,1262,100,5754,0.009555,1.45
4419_memo,0,4360,1140,102,5602,0.008935,1.36
4420_memo,0,4387,1208,102,5697,0.009292,1.41
4421_memo,0,4725,1814,86,6625,0.012453,1.89
4422_memo,0,4326,1160,69,5555,0.008849,1.35
4423_memo,0,4262,1152,135,5549,0.009099,1.38
4424_memo,0,4766,1638,70,6474,0.011519,1.75
4425_memo,0,4351,1157,69,5577,0.008849,1.35
4426_memo,0,4345,1218,109,5672,0.009351,1.42
4427_memo,0,4108,878,54,5040,0.007227,1.1
4429_memo,0,4541,1472,75,6088,0.010573,1.61
4430_memo,0,4148,965,69,5182,0.007763,1.18
4431_memo,0,4264,1064,93,5421,0.00845,1.28
4432_memo,0,4392,1286,97,5775,0.00966,1.47
4433_memo,0,4041,743,75,4859,0.006616,1.01
4434_memo,0,4304,1154,103,5561,0.008975,1.36
4435_memo,0,4233,1049,69,5351,0.008236,1.25
4436_memo,0,4318,1317,73,5708,0.009649,1.47
4437_memo,0,4532,1444,97,6073,0.010537,1.6
4438_memo,0,4320,1191,61,5572,0.00896,1.36
4439_memo,0,3962,676,90,4728,0.006306,0.96
4440_memo,0,5083,2126,107,7316,0.014342,2.18
4441_memo,0,4107,845,120,5072,0.007392,1.12
4442_memo,0,4230,1001,81,5312,0.008054,1.22
4443_memo,0,5193,2441,75,7709,0.015826,2.41
4444_memo,0,4341,1264,97,5702,0.009518,1.45
4445_memo,0,4252,1028,77,5357,0.008183,1.24
4446_memo,0,4453,1364,79,5896,0.009998,1.52
4447_memo,0,4603,1491,104,6198,0.010852,1.65
4448_memo,0,4113,896,79,5088,0.007446,1.13
4449_memo,0,4247,1066,85,5398,0.008409,1.28
4450_memo,0,4315,1164,88,5567,0.008957,1.36
4451_memo,0,4302,1091,87,5480,0.008579,1.3
4452_memo,0,4184,997,84,5265,0.00802,1.22
4454_memo,0,4441,1443,83,5967,0.010406,1.58
4455_memo,0,4655,1377,124,6156,0.010414,1.58
4456_memo,0,4772,1737,64,6573,0.011988,1.82
4457_memo,0,4746,1779,110,6635,0.012411,1.89
4458_memo,0,4611,1480,120,6211,0.010882,1.65
4459_memo,0,4455,1369,72,5896,0.009989,1.52
4460_memo,0,4240,1041,79,5360,0.00825,1.25
4461_memo,0,7655,5534,71,13260,0.032809,4.99
4462_memo,0,4345,1230,61,5636,0.009171,1.39
4463_memo,0,4339,1224,67,5630,0.009167,1.39
4464_memo,0,4589,1551,104,6244,0.011143,1.69
4465_memo,0,4829,1901,109,6839,0.013068,1.99
4466_memo,0,4900,2024,98,7022,0.013673,2.08
4467_memo,0,4488,1287,70,5845,0.00959,1.46
4469_memo,0,4625,1506,64,6195,0.010741,1.63
4322_memo,0,5186,2271,111,7568,0.015151,2.3
4470_memo,0,4363,1234,76,5673,0.009277,1.41
4471_memo,0,4210,949,86,5245,0.007806,1.19
4472_memo,0,4381,1216,87,5684,0.009253,1.41
4473_memo,0,4150,868,86,5104,0.007364,1.12
4474_memo,0,5297,2383,89,7769,0.015671,2.38
4475_memo,0,4329,1280,104,5713,0.009626,1.46
4476_memo,0,4361,1142,62,5565,0.008746,1.33
4477_memo,0,4210,1002,71,5283,0.007996,1.22
4479_memo,0,4212,994,71,5277,0.007957,1.21
4481_memo,0,4352,1154,45,5551,0.008715,1.32
4482_memo,0,4707,1594,66,6367,0.011242,1.71
4483_memo,0,4218,1039,84,5341,0.008251,1.25
4484_memo,0,4946,2002,62,7010,0.013411,2.04
4485_memo,0,4930,2038,74,7042,0.013641,2.07
4486_memo,0,4379,1206,59,5644,0.009062,1.38
4487_memo,0,4324,1090,86,5500,0.008582,1.3
4488_memo,0,4284,1073,71,5428,0.008398,1.28
4489_memo,0,4716,1642,102,6460,0.011668,1.77
4490_memo,0,4439,1379,77,5895,0.010054,1.53
4491_memo,0,4272,1058,85,5415,0.008385,1.27
4492_memo,0,4388,1197,67,5652,0.009062,1.38
4493_memo,0,5773,3214,120,9107,0.020278,3.08
4494_memo,0,4196,917,61,5174,0.007512,1.14
4495_memo,0,4540,1541,48,6129,0.010782,1.64
4496_memo,0,4286,1037,87,5410,0.008299,1.26
4497_memo,0,4657,1532,83,6272,0.010986,1.67
4498_memo,0,4141,853,115,5109,0.007428,1.13
4499_memo,0,4182,914,73,5169,0.007549,1.15
4500_memo,0,4856,1764,118,6738,0.012445,1.89
4501_memo,0,4352,1179,83,5614,0.00903,1.37
4502_memo,0,4216,1043,111,5370,0.008405,1.28
4503_memo,0,4303,1313,71,5687,0.009609,1.46
4504_memo,0,5215,2290,71,7576,0.015064,2.29
4505_memo,0,4238,1078,100,5416,0.008539,1.3
4506_memo,0,4085,832,65,4982,0.007038,1.07
4507_memo,0,4377,1203,71,5651,0.009106,1.38
4508_memo,0,4493,1377,67,5937,0.010028,1.52
4509_memo,0,4476,1375,123,5974,0.010287,1.56
4510_memo,0,3920,622,38,4580,0.00575,0.87
4511_memo,0,4229,1004,100,5333,0.008163,1.24
4512_memo,0,4576,1427,110,6113,0.010545,1.6
4513_memo,0,4484,1306,67,5857,0.009668,1.47
4514_memo,0,4503,1420,67,5990,0.010249,1.56
4515_memo,0,4301,1158,90,5549,0.008928,1.36
4516_memo,0,4830,1963,101,6894,0.013339,2.03
4517_memo,0,4313,1177,63,5553,0.008896,1.35
4518_memo,0,4834,1854,100,6788,0.012791,1.94
4519_memo,0,4228,1070,113,5411,0.008557,1.3
4520_memo,0,4751,1750,83,6584,0.012134,1.84
4521_memo,0,4378,1206,56,5640,0.009046,1.38
4522_memo,0,4157,975,59,5191,0.007768,1.18
4523_memo,0,4349,1129,69,5547,0.008708,1.32
4524_memo,0,4804,1813,98,6715,0.012557,1.91
4525_memo,0,4658,1570,161,6389,0.011566,1.76
4526_memo,0,4403,1265,60,5728,0.009377,1.43
4527_memo,0,4532,1469,67,6068,0.010513,1.6
4528_memo,0,4486,1368,82,5936,0.010054,1.53
4529_memo,0,4899,1871,48,6818,0.012657,1.92
4530_memo,0,4430,1245,66,5741,0.009324,1.42
4531_memo,0,4641,1462,98,6201,0.010701,1.63
4532_memo,0,4366,1238,85,5689,0.009344,1.42
4533_memo,0,4941,1883,65,6889,0.012828,1.95
4534_memo,0,4721,1683,71,6475,0.011721,1.78
4535_memo,0,4627,1565,62,6254,0.011027,1.68
4536_memo,0,4553,1447,119,6119,0.010676,1.62
4537_memo,0,4514,1348,86,5948,0.009991,1.52
4538_memo,0,4162,944,82,5188,0.007731,1.18
4539_memo,0,4719,1646,100,6465,0.011679,1.78
4540_memo,0,4793,1762,89,6644,0.012251,1.86
4541_memo,0,4403,1289,71,5763,0.009552,1.45
4542_memo,0,4437,1294,98,5829,0.009733,1.48
4543_memo,0,4970,1889,104,6963,0.013071,1.99
4544_memo,0,4649,1706,71,6426,0.011791,1.79
4545_memo,0,4476,1418,67,5961,0.010223,1.55
4546_memo,0,4517,1347,71,5935,0.009913,1.51
4547_memo,0,4646,1360,154,6160,0.010474,1.59
4548_memo,0,4593,1613,73,6279,0.011301,1.72
4550_memo,0,4771,1805,69,6645,0.012352,1.88
4551_memo,0,5544,2651,71,8266,0.017075,2.6
4552_memo,0,4684,1699,97,6480,0.011907,1.81
4553_memo,0,4505,1495,67,6067,0.010626,1.62
4554_memo,0,4221,1086,97,5404,0.008553,1.3
4555_memo,0,4399,1332,112,5843,0.009969,1.52
4556_memo,0,4789,1776,61,6626,0.012178,1.85
4557_memo,0,4806,1753,67,6626,0.012104,1.84
4558_memo,0,4600,1585,149,6334,0.011545,1.75
4559_memo,0,4574,1440,104,6118,0.010579,1.61
4560_memo,0,4341,1061,89,5491,0.008463,1.29
4561_memo,0,4567,1990,99,6656,0.013299,2.02
4562_memo,0,4619,1473,73,6165,0.010617,1.61
4563_memo,0,4140,880,194,5214,0.007957,1.21
4564_memo,0,5659,2949,71,8679,0.018637,2.83
4565_memo,0,4493,1309,66,5868,0.009683,1.47
4566_memo,0,4451,1390,88,5929,0.010172,1.55
4567_memo,0,4691,1751,67,6509,0.012022,1.83
4568_memo,0,4434,1394,71,5899,0.010096,1.53
4569_memo,0,4480,1444,104,6028,0.01054,1.6
4570_memo,0,4520,1364,78,5962,0.010035,1.53
4571_memo,0,4309,1273,108,5690,0.009598,1.46
4572_memo,0,4547,1423,102,6072,0.010467,1.59
4573_memo,0,4490,1440,61,5991,0.010311,1.57
4574_memo,0,4404,1372,97,5873,0.010097,1.53
4575_memo,0,4145,979,67,5191,0.007821,1.19
4576_memo,0,4355,1215,104,5674,0.009317,1.42
4577_memo,0,3959,655,143,4757,0.006464,0.98
4578_memo,0,4546,1441,71,6058,0.010401,1.58
4579_memo,0,4113,873,57,5043,0.007221,1.1
4580_memo,0,4541,1407,89,6037,0.010318,1.57
4581_memo,0,4604,1463,90,6157,0.010642,1.62
4582_memo,0,4583,1624,63,6270,0.011299,1.72
4583_memo,0,4329,1314,69,5712,0.009621,1.46
4584_memo,0,4301,1144,127,5572,0.009043,1.37
4585_memo,0,4154,990,116,5260,0.008126,1.24
4586_memo,0,4401,1304,102,5807,0.009781,1.49
4587_memo,0,4515,1455,65,6035,0.010422,1.58
4588_memo,0,4259,1091,57,5407,0.008402,1.28
4589_memo,0,4212,1086,90,5388,0.008512,1.29
4590_memo,0,4235,1044,80,5359,0.008267,1.26
4591_memo,0,4150,977,61,5188,0.007784,1.18
4592_memo,0,4795,2209,94,7098,0.014512,2.21
4593_memo,0,4019,641,89,4749,0.006162,0.94
4595_memo,0,4114,854,80,5048,0.007241,1.1
4596_memo,0,4131,861,90,5082,0.007337,1.12
4597_memo,0,4058,820,57,4935,0.006921,1.05
4598_memo,0,4328,1394,90,5812,0.010125,1.54
4599_memo,0,4009,703,74,4786,0.006391,0.97
4600_memo,0,4021,790,87,4898,0.006898,1.05
4601_memo,0,4113,849,100,5062,0.007316,1.11
4602_memo,0,6135,3890,223,10248,0.024399,3.71
4603_memo,0,3925,584,82,4591,0.005783,0.88
4604_memo,0,4478,1255,75,5808,0.009449,1.44
4605_memo,0,4222,1024,115,5361,0.008334,1.27
4606_memo,0,5463,2612,98,8173,0.016964,2.58
4607_memo,0,4375,1426,51,5852,0.010119,1.54
4609_memo,0,15605,15424,71,31100,0.087228,13.26
4610_memo,0,5692,2689,67,8448,0.017337,2.64
4611_memo,0,11787,11171,96,23054,0.063702,9.68
4612_memo,0,20748,22083,67,42898,0.123718,18.81
4613_memo,0,16091,17773,71,33935,0.099277,15.09
4614_memo,0,4120,859,94,5073,0.00734,1.12
4615_memo,0,4696,1631,69,6396,0.011435,1.74
4616_memo,0,5544,2674,71,8289,0.01719,2.61
4617_memo,0,4656,1530,82,6268,0.01097,1.67
4618_memo,0,4635,1544,66,6245,0.010947,1.66
4619_memo,0,4597,1393,129,6119,0.010483,1.59
4620_memo,0,4494,1366,66,5926,0.009969,1.52
4621_memo,0,4577,1476,33,6086,0.010406,1.58
4622_memo,0,4847,1656,83,6586,0.011724,1.78
4623_memo,0,4243,1045,50,5338,0.008127,1.24
4624_memo,0,5474,2527,62,8063,0.016366,2.49
4625_memo,0,4820,1747,73,6640,0.012113,1.84
4626_memo,0,5368,2391,71,7830,0.015665,2.38
4627_memo,0,4590,1479,84,6153,0.010684,1.62
4628_memo,0,4820,1809,69,6698,0.012402,1.89
4629_memo,0,5475,2554,73,8102,0.016557,2.52
4630_memo,0,5512,2616,71,8199,0.01688,2.57
4631_memo,0,4754,1732,67,6553,0.011966,1.82
4632_memo,0,5466,2471,79,8016,0.016166,2.46
4634_memo,0,4774,1673,93,6540,0.011814,1.8
4635_memo,0,4755,1656,126,6537,0.011882,1.81
4636_memo,0,4994,2031,100,7125,0.013776,2.09
4637_memo,0,5534,2806,71,8411,0.017844,2.71
4638_memo,0,5569,2658,126,8353,0.017401,2.64
4639_memo,0,5374,2549,104,8027,0.016624,2.53
4640_memo,0,4565,1408,75,6048,0.010268,1.56
4641_memo,0,4835,1796,72,6703,0.012362,1.88
4642_memo,0,5018,2390,103,7511,0.015601,2.37
4643_memo,0,5479,2768,70,8317,0.017614,2.68
4644_memo,0,5109,2300,103,7512,0.015208,2.31
4645_memo,0,4616,1384,83,6083,0.01022,1.55
4646_memo,0,5188,2318,89,7595,0.015277,2.32
4647_memo,0,5202,2349,129,7680,0.015641,2.38
4648_memo,0,4788,1710,102,6600,0.012053,1.83
4649_memo,0,4683,1623,93,6399,0.011507,1.75
4650_memo,0,4453,1467,90,6010,0.010568,1.61
4651_memo,0,5231,2144,100,7475,0.014489,2.2
4652_memo,0,4876,2272,116,7264,0.014987,2.28
4653_memo,0,4920,2048,65,7033,0.01364,2.07
4654_memo,0,4999,2036,67,7102,0.013639,2.07
4655_memo,0,4887,2033,100,7020,0.013719,2.09
4656_memo,0,4567,1440,71,6078,0.010409,1.58
4657_memo,0,11504,9713,74,21291,0.056125,8.53
4658_memo,0,6699,4920,98,11717,0.029277,4.45
4659_memo,0,9292,8026,64,17382,0.046258,7.03
4660_memo,0,6884,4604,100,11588,0.027823,4.23
4661_memo,0,5430,2677,115,8222,0.017354,2.64
4662_memo,0,5251,2312,100,7663,0.015342,2.33
4663_memo,0,6500,3771,116,10387,0.023498,3.57
4664_memo,0,5275,2426,102,7803,0.015937,2.42
4665_memo,0,8891,6698,110,15699,0.039597,6.02
4666_memo,0,5199,2125,67,7391,0.014209,2.16
4667_memo,0,8895,7173,71,16139,0.041779,6.35
4669_memo,0,11048,9274,101,20423,0.05378,8.17
4670_memo,0,5525,2964,71,8560,0.018628,2.83
4671_memo,0,9786,7931,71,17788,0.046126,7.01
4672_memo,0,5654,2777,71,8502,0.017774,2.7
4673_memo,0,6258,3680,119,10057,0.022906,3.48
4674_memo,0,4560,1420,117,6097,0.010535,1.6
4675_memo,0,4772,1816,86,6674,0.012493,1.9
4676_memo,0,4839,1902,63,6804,0.012849,1.95
4677_memo,0,8263,6096,73,14432,0.036009,5.47
4678_memo,0,4688,1562,101,6351,0.011245,1.71
4679_memo,0,4896,1989,71,6956,0.01336,2.03
4680_memo,0,5212,2237,103,7552,0.014958,2.27
4681_memo,0,5258,2290,109,7657,0.015281,2.32
4682_memo,0,8666,6623,73,15362,0.038896,5.91
4683_memo,0,4774,1982,71,6827,0.013249,2.01
4684_memo,0,6406,3556,101,10063,0.022289,3.39
4685_memo,0,12095,10811,67,22973,0.061949,9.42
4686_memo,0,5146,2259,100,7505,0.015011,2.28
4687_memo,0,9343,7386,116,16845,0.043349,6.59
4688_memo,0,4820,1803,73,6696,0.012392,1.88
4689_memo,0,5388,2523,69,7980,0.016328,2.48
4690_memo,0,8105,5999,72,14176,0.035421,5.38
4691_memo,0,5560,2819,73,8452,0.017935,2.73
4692_memo,0,12309,10964,89,23362,0.062958,9.57
4693_memo,0,5491,2672,101,8264,0.017297,2.63
4694_memo,0,4382,1263,69,5714,0.009399,1.43
4695_memo,0,4985,1970,97,7052,0.013451,2.04
4696_memo,0,9809,7638,116,17563,0.044901,6.82
4697_memo,0,4564,1393,66,6023,0.010148,1.54
4698_memo,0,8327,6031,100,14458,0.035859,5.45
4699_memo,0,4651,1647,71,6369,0.011497,1.75
4700_memo,0,5106,2078,102,7286,0.014091,2.14
4701_memo,0,4541,1509,106,6156,0.010913,1.66
4702_memo,0,8695,6686,69,15450,0.039209,5.96
4703_memo,0,5262,2365,69,7696,0.015459,2.35
4704_memo,0,10386,9684,124,20194,0.055531,8.44
4705_memo,0,9065,6680,104,15849,0.039586,6.02
4706_memo,0,4832,1883,72,6787,0.012795,1.94
4707_memo,0,7412,4764,140,12316,0.029153,4.43
4708_memo,0,4571,1513,71,6155,0.010777,1.64
4709_memo,0,10044,8902,100,19046,0.051287,7.8
4710_memo,0,4470,1423,100,5993,0.010409,1.58
4711_memo,0,8987,7184,73,16244,0.041902,6.37
4712_memo,0,4577,1330,82,5989,0.009921,1.51
4713_memo,0,5017,1998,82,7097,0.013536,2.06
4714_memo,0,4950,1949,67,6966,0.013174,2.0
4716_memo,0,5695,3106,102,8903,0.019599,2.98
4717_memo,0,5130,2173,63,7366,0.014386,2.19
4720_memo,0,5531,2787,105,8423,0.017917,2.72
4721_memo,0,4648,1643,100,6391,0.01162,1.77
4722_memo,0,5724,2914,62,8700,0.018457,2.81
4723_memo,0,6448,3904,99,10451,0.024045,3.65
4724_memo,0,4697,1755,72,6524,0.012071,1.83
4725_memo,0,5596,2807,141,8544,0.018238,2.77
4726_memo,0,4641,1577,103,6321,0.011301,1.72
4727_memo,0,5694,3073,73,8840,0.019289,2.93
4728_memo,0,4516,1433,86,6035,0.010417,1.58
4729_memo,0,4261,979,89,5329,0.008003,1.22
4730_memo,0,5216,2244,115,7575,0.015055,2.29
4731_memo,0,4688,1538,67,6293,0.010955,1.67
4732_memo,0,5312,2473,71,7856,0.01604,2.44
4733_memo,0,6451,3867,71,10389,0.023722,3.61
4734_memo,0,5817,2900,71,8788,0.018491,2.81
4735_memo,0,4528,1412,67,6007,0.010225,1.55
4736_memo,0,6413,3606,71,10090,0.022393,3.4
4737_memo,0,4454,1281,67,5802,0.009524,1.45
4738_memo,0,4937,1839,118,6894,0.012871,1.96
4739_memo,0,4247,1037,82,5366,0.008249,1.25
4740_memo,0,4796,1654,89,6539,0.011713,1.78
4741_memo,0,4972,1936,99,7007,0.013282,2.02
4742_memo,0,6413,3910,71,10394,0.023913,3.63
4743_memo,0,4474,1411,81,5966,0.010256,1.56
4744_memo,0,6424,3709,73,10206,0.022925,3.48
4745_memo,0,5532,2531,100,8163,0.016612,2.53
4746_memo,0,4761,1729,69,6559,0.011966,1.82
4747_memo,0,4923,1841,77,6841,0.012667,1.93
4748_memo,0,5716,3124,62,8902,0.019502,2.96
4749_memo,0,4377,1250,155,5782,0.009761,1.48
4750_memo,0,5565,2539,64,8168,0.016493,2.51
4751_memo,0,4863,1729,100,6692,0.012184,1.85
4752_memo,0,4410,1237,100,5747,0.009441,1.44
4753_memo,0,6780,4279,97,11156,0.026117,3.97
4754_memo,0,4527,1491,67,6085,0.010619,1.61
4755_memo,0,4498,1297,88,5883,0.009736,1.48
4756_memo,0,6665,4084,99,10848,0.025081,3.81
4757_memo,0,6885,4294,74,11253,0.026143,3.97
4758_memo,0,5497,2601,71,8169,0.016796,2.55
4759_memo,0,5565,2638,86,8289,0.017098,2.6
4760_memo,0,4753,1623,71,6447,0.011441,1.74
4761_memo,0,5115,2087,71,7273,0.013987,2.13
4762_memo,0,4739,1640,88,6467,0.011602,1.76
4763_memo,0,4673,1516,94,6283,0.010971,1.67
4764_memo,0,5684,2694,110,8488,0.017573,2.67
4765_memo,0,4582,1420,85,6087,0.010389,1.58
4766_memo,0,5399,2517,102,8018,0.016469,2.5
4767_memo,0,6943,4664,72,11679,0.028019,4.26
4768_memo,0,4598,1443,92,6133,0.010549,1.6
4769_memo,0,5228,2120,114,7462,0.014437,2.19
4770_memo,0,4479,1360,61,5900,0.009904,1.51
4771_memo,0,5248,2387,62,7697,0.015525,2.36
4772_memo,0,4758,1733,123,6614,0.012254,1.86
4773_memo,0,6611,3804,108,10523,0.023692,3.6
4776_memo,0,4818,1793,98,6709,0.012466,1.89
4777_memo,0,4510,1307,100,5917,0.009854,1.5
4778_memo,0,5967,3400,69,9436,0.021074,3.2
4779_memo,0,5267,2213,71,7551,0.014712,2.24
4780_memo,0,4954,1790,84,6828,0.012466,1.89
4781_memo,0,4901,1796,112,6809,0.012603,1.92
4782_memo,0,4916,1899,89,6904,0.013013,1.98
4783_memo,0,5609,2680,69,8358,0.017251,2.62
4784_memo,0,4427,1201,141,5769,0.009477,1.44
4785_memo,0,4883,1796,102,6781,0.012542,1.91
4786_memo,0,5593,2639,62,8294,0.017001,2.58
4787_memo,0,5980,3414,89,9483,0.021253,3.23
4788_memo,0,7793,5306,64,13163,0.031721,4.82
4789_memo,0,6764,4567,82,11413,0.027473,4.18
4790_memo,0,6455,3654,105,10214,0.022829,3.47
4791_memo,0,5815,3031,64,8910,0.019109,2.9
4792_memo,0,5527,2674,90,8291,0.017274,2.63
4793_memo,0,7331,5482,75,12888,0.032367,4.92
4794_memo,0,6450,3916,86,10452,0.024041,3.65
4795_memo,0,4968,2143,89,7200,0.014265,2.17
4796_memo,0,4634,1576,102,6312,0.011286,1.72
4797_memo,0,4579,1352,162,6093,0.010432,1.59
4798_memo,0,4685,1698,104,6487,0.011938,1.81
4799_memo,0,5404,2562,71,8037,0.016542,2.51
4800_memo,0,5105,1966,91,7162,0.013476,2.05
4801_memo,0,4711,1669,151,6531,0.012044,1.83
4802_memo,0,5612,2832,91,8535,0.018122,2.75
4803_memo,0,5340,2441,64,7845,0.015863,2.41
4804_memo,0,4801,1729,104,6634,0.012166,1.85
4805_memo,0,6665,4583,175,11423,0.027956,4.25
4806_memo,0,5439,2557,162,8158,0.016994,2.58
4807_memo,0,6268,3546,116,9930,0.022228,3.38
4808_memo,0,5112,2283,85,7480,0.015035,2.29
4809_memo,0,5618,2743,85,8446,0.017651,2.68
4810_memo,0,5968,3177,115,9260,0.02019,3.07
4811_memo,0,5794,2957,67,8818,0.018741,2.85
4812_memo,0,5795,3073,89,8957,0.019432,2.95
4813_memo,0,5023,2057,83,7163,0.013839,2.1
4814_memo,0,4239,920,51,5210,0.007504,1.14
4815_memo,0,6201,3690,119,10010,0.022921,3.48
4816_memo,0,4355,1129,71,5555,0.008722,1.33
4817_memo,0,5555,2638,67,8260,0.016997,2.58
4818_memo,0,4832,1655,84,6571,0.011715,1.78
4819_memo,0,5509,2712,107,8328,0.017538,2.67
4820_memo,0,4612,1455,68,6135,0.010497,1.6
4821_memo,0,6316,4000,72,10388,0.024307,3.69
4822_memo,0,4992,2046,101,7139,0.013855,2.11
4823_memo,0,5069,2077,71,7217,0.013908,2.11
4824_memo,0,5765,3301,65,9131,0.020433,3.11
4825_memo,0,4946,1869,73,6888,0.012801,1.95
4826_memo,0,4575,1332,69,5976,0.009864,1.5
4827_memo,0,5868,3217,90,9175,0.020203,3.07
4828_memo,0,4802,1713,85,6600,0.011991,1.82
4829_memo,0,5330,2425,89,7844,0.015901,2.42
4830_memo,0,4899,2085,71,7055,0.013842,2.1
4831_memo,0,4698,1571,71,6340,0.011146,1.69
4832_memo,0,4987,2242,62,7291,0.014637,2.22
4833_memo,0,7478,5080,73,12631,0.030439,4.63
4834_memo,0,5474,2501,62,8037,0.016236,2.47
4835_memo,0,5866,2975,67,8908,0.018876,2.87
4836_memo,0,5176,2203,93,7472,0.014715,2.24
4837_memo,0,4636,1364,77,6077,0.010103,1.54
4838_memo,0,5749,2896,85,8730,0.018498,2.81
4839_memo,0,5184,2210,120,7514,0.01489,2.26
4840_memo,0,5295,2774,157,8226,0.017964,2.73
4841_memo,0,5127,2505,110,7742,0.016279,2.47
4842_memo,0,4353,1156,37,5546,0.008686,1.32
4843_memo,0,5828,2993,61,8882,0.018912,2.87
4844_memo,0,4811,1808,102,6721,0.012557,1.91
4845_memo,0,4394,1196,61,5651,0.009031,1.37
4846_memo,0,4463,1366,107,5936,0.010154,1.54
4847_memo,0,4803,1787,71,6661,0.012292,1.87
4848_memo,0,4903,1809,61,6773,0.012414,1.89
4849_memo,0,5079,2036,65,7180,0.013679,2.08
4850_memo,0,4510,1389,67,5966,0.010099,1.54
4851_memo,0,4333,1144,69,5546,0.008773,1.33
4852_memo,0,5103,2182,102,7387,0.014609,2.22
4853_memo,0,4494,1407,102,6003,0.010354,1.57
4854_memo,0,4169,908,108,5185,0.007686,1.17
4855_memo,0,4463,1319,64,5846,0.009704,1.48
4856_memo,0,5107,2128,73,7308,0.014197,2.16
4857_memo,0,4949,1841,70,6860,0.012648,1.92
4858_memo,0,5609,2591,119,8319,0.017056,2.59
4859_memo,0,5973,3143,78,9194,0.019838,3.02
4860_memo,0,4513,1391,86,5990,0.010206,1.55
4861_memo,0,5354,2660,71,8085,0.017001,2.58
4862_memo,0,4926,1854,97,6877,0.012834,1.95
4863_memo,0,4462,1363,62,5887,0.009914,1.51
4864_memo,0,5208,2087,62,7357,0.014,2.13
4865_memo,0,4418,1297,104,5819,0.009766,1.48
4866_memo,0,4751,1635,73,6459,0.011509,1.75
4867_memo,0,4142,870,73,5085,0.007304,1.11
4868_memo,0,4179,987,101,5267,0.008052,1.22
4869_memo,0,4430,1330,62,5822,0.009729,1.48
4870_memo,0,4120,855,130,5105,0.0075,1.14
4871_memo,0,4632,1557,71,6260,0.011035,1.68
4872_memo,0,4489,1433,57,5979,0.010256,1.56
4873_memo,0,5287,2347,69,7703,0.015384,2.34
4874_memo,0,5009,2169,102,7280,0.014486,2.2
4875_memo,0,5251,2124,77,7452,0.014287,2.17
4876_memo,0,5926,3006,67,8999,0.019069,2.9
4877_memo,0,4074,734,71,4879,0.006571,1.0
4878_memo,0,5126,2101,100,7327,0.014209,2.16
4879_memo,0,4423,1309,59,5791,0.009604,1.46
4880_memo,0,5956,3302,73,9331,0.020598,3.13
4881_memo,0,5024,2011,64,7099,0.013515,2.05
4882_memo,0,4547,1453,73,6073,0.010472,1.59
4883_memo,0,4450,1311,62,5823,0.009646,1.47
4884_memo,0,4908,1829,86,6823,0.012643,1.92
4885_memo,0,4692,1708,100,6500,0.011973,1.82
4886_memo,0,4335,1178,92,5605,0.009059,1.38
4888_memo,0,4774,1724,101,6599,0.012109,1.84
4890_memo,0,6933,4429,71,11433,0.026833,4.08
4891_memo,0,4828,1778,85,6691,0.012332,1.87
4892_memo,0,5096,2280,67,7443,0.01492,2.27
4893_memo,0,4954,1937,67,6958,0.013116,1.99
4894_memo,0,5269,2278,104,7651,0.015203,2.31
4895_memo,0,4776,1660,116,6552,0.011865,1.8
4896_memo,0,4379,1186,147,5712,0.009402,1.43
4897_memo,0,4177,868,62,5107,0.007261,1.1
4898_memo,0,4379,1259,61,5699,0.009337,1.42
4899_memo,0,4806,1751,69,6626,0.012104,1.84
4900_memo,0,4734,1534,73,6341,0.010994,1.67
4901_memo,0,4690,1683,85,6458,0.011771,1.79
4902_memo,0,4626,1449,65,6140,0.010461,1.59
4903_memo,0,5060,2178,50,7288,0.014303,2.17
4904_memo,0,4385,1261,101,5747,0.009551,1.45
4905_memo,0,5903,2985,67,8955,0.018949,2.88
4906_memo,0,5120,2114,53,7287,0.014035,2.13
4907_memo,0,5778,2997,128,8903,0.019236,2.92
4908_memo,0,4063,798,82,4943,0.006939,1.05
4909_memo,0,6040,3337,71,9448,0.020815,3.16
4910_memo,0,4899,1995,102,6996,0.013547,2.06
4911_memo,0,5230,2231,101,7562,0.014929,2.27
4912_memo,0,4874,1875,67,6816,0.012756,1.94
4913_memo,0,5083,2086,74,7243,0.013977,2.12
4914_memo,0,5305,2456,71,7832,0.015951,2.42
4915_memo,0,5005,2008,71,7084,0.013523,2.06
4916_memo,0,6674,4291,64,11029,0.025946,3.94
4917_memo,0,4738,1568,156,6462,0.011581,1.76
4918_memo,0,5871,3028,63,8962,0.019124,2.91
4919_memo,0,5733,2879,102,8714,0.018488,2.81
4920_memo,0,6467,3665,61,10193,0.022672,3.45
4921_memo,0,5373,2515,161,8049,0.016738,2.54
4922_memo,0,4774,1696,130,6600,0.012114,1.84
4923_memo,0,4539,1437,67,6043,0.010357,1.57
4924_memo,0,4549,1403,106,6058,0.010388,1.58
4925_memo,0,4150,875,79,5104,0.007364,1.12
4926_memo,0,4381,1205,31,5617,0.008918,1.36
4927_memo,0,4382,1172,79,5633,0.008994,1.37
4928_memo,0,4586,1480,62,6128,0.010576,1.61
4929_memo,0,5177,2110,101,7388,0.014291,2.17
4930_memo,0,4786,1680,67,6533,0.011726,1.78
4931_memo,0,5659,2655,73,8387,0.017177,2.61
4932_memo,0,5368,2661,73,8102,0.017025,2.59
4933_memo,0,4740,1537,75,6352,0.011022,1.68
4934_memo,0,5263,2279,103,7645,0.015199,2.31
4935_memo,0,5741,3076,71,8888,0.019323,2.94
4936_memo,0,4574,1490,62,6126,0.010619,1.61
4937_memo,0,4352,1111,85,5548,0.0087,1.32
4938_memo,0,4728,1553,141,6422,0.011425,1.74
4939_memo,0,5121,2016,71,7208,0.013636,2.07
4940_memo,0,5207,2250,71,7528,0.014859,2.26
4941_memo,0,6594,3869,102,10565,0.023976,3.64
4942_memo,0,5588,2685,89,8362,0.017362,2.64
4943_memo,0,4844,1648,102,6594,0.011778,1.79
4944_memo,0,4891,1866,75,6832,0.012762,1.94
4945_memo,0,4052,729,153,4934,0.006942,1.06
4946_memo,0,5125,2131,100,7356,0.014358,2.18
4947_memo,0,4613,1457,99,6169,0.010663,1.62
4948_memo,0,5560,2750,139,8449,0.01792,2.72
4949_memo,0,4550,1416,174,6140,0.010794,1.64
4950_memo,0,4509,1418,81,6008,0.010313,1.57
4951_memo,0,4659,1695,61,6415,0.011692,1.78
4952_memo,0,4382,1235,102,5719,0.009424,1.43
4953_memo,0,4493,1376,83,5952,0.010103,1.54
4955_memo,0,4268,1076,76,5420,0.008428,1.28
4956_memo,0,4406,1221,156,5783,0.009639,1.47
4957_memo,0,5157,2200,99,7456,0.014718,2.24
4958_memo,0,4649,1611,92,6352,0.011421,1.74
4959_memo,0,4594,1434,73,6101,0.010406,1.58
4960_memo,0,5323,2286,67,7676,0.015092,2.29
4961_memo,0,4835,1911,61,6807,0.012882,1.96
4962_memo,0,4777,1852,100,6729,0.012746,1.94
4964_memo,0,4557,1429,89,6075,0.010438,1.59
4965_memo,0,5253,2397,71,7721,0.015623,2.37
4966_memo,0,5611,2682,100,8393,0.017417,2.65
4967_memo,0,4402,1245,115,5762,0.009551,1.45
4968_memo,0,5110,2233,71,7414,0.014714,2.24
4969_memo,0,5511,2806,115,8432,0.018049,2.74
4970_memo,0,4571,1432,61,6064,0.010322,1.57
4971_memo,0,5238,2519,100,7857,0.016369,2.49
4972_memo,0,4606,1471,67,6144,0.010569,1.61
4973_memo,0,4555,1416,85,6056,0.010352,1.57
4974_memo,0,5315,2224,82,7621,0.014852,2.26
4975_memo,0,6139,3436,65,9640,0.021342,3.24
4976_memo,0,4581,1498,62,6141,0.010663,1.62
4977_memo,0,6117,3390,62,9569,0.021083,3.2
4978_memo,0,4875,1844,71,6790,0.012622,1.92
4979_memo,0,4698,1684,101,6483,0.011861,1.8
4980_memo,0,4160,930,100,5190,0.00775,1.18
4981_memo,0,4940,2046,69,7055,0.013663,2.08
4982_memo,0,4444,1264,85,5793,0.009522,1.45
4983_memo,0,6060,3591,73,9724,0.022107,3.36
4984_memo,0,5093,2207,73,7373,0.014583,2.22
4985_memo,0,5037,1957,102,7096,0.013443,2.04
4986_memo,0,4832,1769,83,6684,0.01228,1.87
4987_memo,0,4462,1255,88,5805,0.009504,1.44
4988_memo,0,5212,2146,102,7460,0.014497,2.2
4989_memo,0,5305,2399,104,7808,0.015831,2.41
4990_memo,0,4504,1414,56,5974,0.010165,1.55
4991_memo,0,4384,1316,67,5767,0.009655,1.47
4992_memo,0,4768,1638,83,6489,0.011585,1.76
4993_memo,0,4584,1600,72,6256,0.011225,1.71
4994_memo,0,4762,1618,104,6484,0.011586,1.76
4995_memo,0,4856,1847,63,6766,0.012585,1.91
4996_memo,0,4083,820,131,5034,0.007307,1.11
4997_memo,0,4415,1275,82,5772,0.009544,1.45
4998_memo,0,4778,1709,67,6554,0.011866,1.8
4999_memo,0,5769,3160,71,9000,0.019761,3.0
5000_memo,0,4518,1248,67,5833,0.009399,1.43
5001_memo,0,4075,811,108,4994,0.007142,1.09
5003_memo,0,4697,1671,80,6448,0.011691,1.78
5004_memo,0,4994,1837,104,6935,0.012826,1.95
5005_memo,0,4249,1023,89,5361,0.008216,1.25
5006_memo,0,5004,2046,67,7117,0.013692,2.08
5007_memo,0,4889,1908,102,6899,0.013106,1.99
5008_memo,0,5096,1959,99,7154,0.013475,2.05
5009_memo,0,4484,1285,73,5842,0.009593,1.46
5010_memo,0,5373,2440,89,7902,0.016003,2.43
5011_memo,0,5386,2580,120,8086,0.016866,2.56
5012_memo,0,5661,2969,64,8694,0.018703,2.84
5013_memo,0,4303,1071,60,5434,0.008344,1.27
5014_memo,0,5696,3086,71,8853,0.019345,2.94
5015_memo,0,5239,2515,161,7915,0.016654,2.53
5016_memo,0,4886,1993,89,6968,0.013464,2.05
5017_memo,0,5129,2350,65,7544,0.015281,2.32
5018_memo,0,4849,1763,71,6683,0.012201,1.85
5019_memo,0,4840,1818,71,6729,0.01247,1.9
5020_memo,0,4582,1542,134,6258,0.011244,1.71
5022_memo,0,4989,1847,174,7010,0.013223,2.01
5023_memo,0,4328,1089,69,5486,0.008495,1.29
5024_memo,0,4701,1675,75,6451,0.011688,1.78
5025_memo,0,4452,1222,154,5828,0.009663,1.47
5026_memo,0,4937,1756,63,6756,0.012181,1.85
5028_memo,0,6164,3455,119,9738,0.021722,3.3
5029_memo,0,5617,2755,71,8443,0.017641,2.68
5030_memo,0,4494,1582,72,6148,0.011079,1.68
5031_memo,0,6792,4015,72,10879,0.02468,3.75
5032_memo,0,5886,3139,71,9096,0.019729,3.0
5033_memo,0,4942,1783,141,6866,0.012709,1.93
5035_memo,0,4736,1682,73,6491,0.011735,1.78
5036_memo,0,4602,1608,116,6326,0.011496,1.75
5038_memo,0,4827,1873,89,6789,0.012827,1.95
5039_memo,0,4616,1476,75,6167,0.01064,1.62
5040_memo,0,6123,3615,90,9828,0.022352,3.4
5041_memo,0,4536,1434,89,6059,0.01045,1.59
5042_memo,0,4404,1264,65,5733,0.009397,1.43
5044_memo,0,4749,1703,102,6554,0.011993,1.82
5045_memo,0,4409,1310,71,5790,0.009661,1.47
5046_memo,0,4764,1802,51,6617,0.012242,1.86
5047_memo,0,12566,11266,71,23903,0.064539,9.81
5048_memo,0,4347,1130,97,5574,0.008852,1.35
5049_memo,0,4181,911,100,5192,0.007668,1.17
5050_memo,0,5282,2207,102,7591,0.014846,2.26
5051_memo,0,5343,2399,73,7815,0.015699,2.39
5052_memo,0,4879,1811,68,6758,0.012444,1.89
5053_memo,0,6045,3388,71,9504,0.021073,3.2
5054_memo,0,9098,7071,71,16240,0.041396,6.29
5055_memo,0,5203,2384,67,7654,0.015507,2.36
5056_memo,0,6079,3527,102,9708,0.021944,3.34
5057_memo,0,9290,7502,166,16958,0.044146,6.71
5058_memo,0,4768,1670,104,6542,0.01185,1.8
5059_memo,0,11476,10281,119,21876,0.059172,8.99
5060_memo,0,5079,2045,83,7207,0.013814,2.1
5061_memo,0,5181,2153,100,7434,0.014503,2.2
5062_memo,0,9135,7037,103,16275,0.041409,6.29
5064_memo,0,8433,6041,102,14576,0.035986,5.47
5066_memo,0,4615,1553,69,6237,0.010994,1.67
5067_memo,0,9589,8289,102,17980,0.047948,7.29
5068_memo,0,5671,2986,71,8728,0.018829,2.86
5069_memo,0,5015,2100,63,7178,0.013949,2.12
5070_memo,0,6238,3328,103,9669,0.021054,3.2
5071_memo,0,4398,1168,76,5642,0.008969,1.36
5072_memo,0,5085,2154,71,7310,0.014303,2.17
5073_memo,0,10373,8533,73,18979,0.049513,7.53
5075_memo,0,10448,8845,105,19398,0.05128,7.79
5076_memo,0,5209,2276,112,7597,0.015196,2.31
5077_memo,0,7833,5597,147,13577,0.033616,5.11
5078_memo,0,9225,7208,100,16533,0.042306,6.43
5079_memo,0,4789,1592,89,6470,0.011398,1.73
5080_memo,0,10867,8520,110,19497,0.049942,7.59
5081_memo,0,5601,2750,92,8443,0.017711,2.69
5083_memo,0,10286,8740,101,19127,0.050634,7.7
5084_memo,0,3997,692,100,4789,0.006458,0.98
5085_memo,0,4176,963,78,5217,0.007815,1.19
5086_memo,0,8785,6607,96,15488,0.039006,5.93
5088_memo,0,4014,785,69,4868,0.006779,1.03
5089_memo,0,10593,9286,74,19953,0.053421,8.12
5090_memo,0,5309,2418,82,7809,0.015818,2.4
5091_memo,0,5794,3212,101,9107,0.020186,3.07
5093_memo,0,10140,8317,67,18524,0.048258,7.34
5094_memo,0,5017,1843,89,6949,0.012796,1.94
5095_memo,0,8786,6081,100,14967,0.036396,5.53
5096_memo,0,5120,2113,85,7318,0.01419,2.16
5097_memo,0,10967,9272,72,20311,0.053574,8.14
5098_memo,0,4464,1201,164,5829,0.009615,1.46
5099_memo,0,12902,12152,94,25148,0.069294,10.53
5100_memo,0,10239,8404,69,18712,0.048764,7.41
5101_memo,0,10393,8983,87,19463,0.051846,7.88
5102_memo,0,5555,2626,69,8250,0.016947,2.58
5103_memo,0,4215,926,71,5212,0.007619,1.16
5104_memo,0,4977,2198,71,7246,0.014456,2.2
5105_memo,0,4829,1949,71,6849,0.013118,1.99
5106_memo,0,6501,3618,111,10230,0.022708,3.45
5107_memo,0,5176,2105,64,7345,0.01408,2.14
5108_memo,0,4497,1246,85,5828,0.009466,1.44
5109_memo,0,4078,794,84,4956,0.006939,1.05
5110_memo,0,5728,3113,102,8943,0.019655,2.99
5112_memo,0,5021,2069,86,7176,0.013913,2.11
5113_memo,0,5300,2500,67,7867,0.016147,2.45
5114_memo,0,4877,1937,62,6876,0.013043,1.98
5115_memo,0,4206,909,61,5176,0.007479,1.14
5116_memo,0,4883,2093,71,7047,0.013872,2.11
5117_memo,0,4439,1368,75,5882,0.009989,1.52
5118_memo,0,6232,4007,71,10310,0.024285,3.69
5119_memo,0,6387,4150,69,10606,0.025087,3.81
5120_memo,0,5716,3183,102,9001,0.019998,3.04
5121_memo,0,5173,2353,86,7612,0.015428,2.35
5123_memo,0,5657,2759,67,8483,0.017666,2.69
5124_memo,0,4326,1379,81,5786,0.010004,1.52
5125_memo,0,4788,1707,123,6618,0.012143,1.85
5126_memo,0,7669,5421,121,13211,0.032503,4.94
5127_memo,0,5568,2743,64,8375,0.017515,2.66
5128_memo,0,4950,2017,67,7034,0.013514,2.05
5129_memo,0,5013,1965,61,7039,0.013263,2.02
5130_memo,0,4966,2085,91,7142,0.013984,2.13
5131_memo,0,4571,1435,120,6126,0.010632,1.62
5132_memo,0,7570,5625,73,13268,0.033221,5.05
5133_memo,0,4600,1552,99,6251,0.01113,1.69
5134_memo,0,5120,1973,135,7228,0.01374,2.09
5135_memo,0,5254,2239,97,7590,0.014964,2.27
5136_memo,0,5184,2232,63,7479,0.014715,2.24
5137_memo,0,6052,3531,73,9656,0.021803,3.31
5138_memo,0,4722,1714,101,6537,0.012026,1.83
5139_memo,0,4863,1829,164,6856,0.013004,1.98
5140_memo,0,6005,2826,86,8917,0.018313,2.78
5141_memo,0,4601,1495,67,6163,0.010686,1.62
5142_memo,0,4255,1059,78,5392,0.008344,1.27
5143_memo,0,5854,3288,98,9240,0.020589,3.13
5144_memo,0,4490,1235,85,5810,0.009406,1.43
5145_memo,0,4897,1842,103,6842,0.012786,1.94
5146_memo,0,4709,1587,103,6399,0.011393,1.73
5147_memo,0,5490,2574,67,8131,0.016636,2.53
5148_memo,0,6452,4189,97,10738,0.025462,3.87
5149_memo,0,4680,1596,100,6376,0.011405,1.73
5150_memo,0,4682,1788,102,6572,0.012376,1.88
5151_memo,0,5793,3270,124,9187,0.020591,3.13
5152_memo,0,4555,1468,107,6130,0.010722,1.63
5153_memo,0,4286,1121,67,5474,0.008619,1.31
5154_memo,0,4988,1848,87,6923,0.012793,1.94
5155_memo,0,5100,1917,93,7110,0.013237,2.01
5156_memo,0,5225,2452,133,7810,0.016191,2.46
5157_memo,0,4535,1408,106,6049,0.010404,1.58
5158_memo,0,4687,1585,73,6345,0.011219,1.71
5159_memo,0,4806,1704,111,6621,0.012079,1.84
5160_memo,0,4923,2044,64,7031,0.013617,2.07
5161_memo,0,5266,2280,108,7654,0.015231,2.32
5162_memo,0,5799,3370,115,9284,0.021049,3.2
5163_memo,0,4611,1579,67,6257,0.011112,1.69
5164_memo,0,5785,3222,72,9079,0.020086,3.05
5165_memo,0,4535,1408,71,6014,0.010229,1.55
5166_memo,0,4652,1452,115,6219,0.010743,1.63
5167_memo,0,4453,1222,350,6025,0.010643,1.62
5168_memo,0,4507,1527,67,6101,0.010787,1.64
5169_memo,0,4637,1579,69,6285,0.011138,1.69
5170_memo,0,5024,2038,67,7129,0.013665,2.08
5171_memo,0,6448,3583,100,10131,0.022445,3.41
5172_memo,0,5568,2501,71,8140,0.01634,2.48
5173_memo,0,5856,3276,81,9213,0.020445,3.11
5174_memo,0,5364,2480,102,7946,0.016263,2.47
5175_memo,0,7339,5317,71,12727,0.031527,4.79
5176_memo,0,4005,647,87,4739,0.006173,0.94
5177_memo,0,5111,2094,101,7306,0.014169,2.15
5178_memo,0,5451,2556,73,8080,0.016552,2.52
5179_memo,0,4452,1254,89,5795,0.009498,1.44
5180_memo,0,4351,1174,105,5630,0.009114,1.39
5181_memo,0,4947,1872,73,6892,0.012817,1.95
5182_memo,0,4668,1651,115,6434,0.011747,1.79
5183_memo,0,5966,3278,71,9315,0.020474,3.11
5184_memo,0,5185,2191,172,7548,0.015056,2.29
5185_memo,0,4907,2093,73,7073,0.013897,2.11
5186_memo,0,6079,3407,61,9547,0.021139,3.21
5187_memo,0,7426,5031,96,12553,0.030276,4.6
5188_memo,0,5382,2508,64,7954,0.016224,2.47
5189_memo,0,5974,3342,62,9378,0.020754,3.15
5190_memo,0,6894,4460,134,11488,0.027279,4.15
5191_memo,0,4927,1830,70,6827,0.012579,1.91
5192_memo,0,4803,1781,67,6651,0.012242,1.86
5193_memo,0,5109,2136,103,7348,0.014388,2.19
5194_memo,0,4977,1981,86,7044,0.013446,2.04
5195_memo,0,6053,3224,74,9351,0.020273,3.08
5196_memo,0,5083,2192,67,7342,0.014472,2.2
5197_memo,0,5993,3287,61,9341,0.020486,3.11
5198_memo,0,5167,2322,73,7562,0.015204,2.31
5199_memo,0,5291,2391,114,7796,0.015832,2.41
5200_memo,0,4208,963,107,5278,0.00798,1.21
5201_memo,0,6569,3673,104,10346,0.022991,3.49
5202_memo,0,4855,1777,61,6693,0.012224,1.86
5203_memo,0,4992,2036,71,7099,0.013655,2.08
5204_memo,0,4825,1685,86,6596,0.011871,1.8
5205_memo,0,4771,1604,108,6483,0.011542,1.75
5206_memo,0,5049,2267,71,7387,0.014846,2.26
5207_memo,0,5129,2126,73,7328,0.014201,2.16
5208_memo,0,5706,3094,70,8870,0.019386,2.95
5209_memo,0,5553,2638,87,8278,0.017096,2.6
5210_memo,0,4635,1526,76,6237,0.010907,1.66
5211_memo,0,4632,1487,67,6186,0.010665,1.62
5212_memo,0,5311,2392,102,7805,0.015789,2.4
5213_memo,0,6042,3304,101,9447,0.020801,3.16
5214_memo,0,5610,2945,73,8628,0.018596,2.83
5215_memo,0,5145,2179,101,7425,0.014616,2.22
5216_memo,0,5547,2842,73,8462,0.018042,2.74
5217_memo,0,6143,4105,74,10322,0.024734,3.76
5218_memo,0,5562,2696,84,8342,0.017376,2.64
5219_memo,0,4614,1440,75,6129,0.010459,1.59
5220_memo,0,4414,1193,60,5667,0.009024,1.37
5221_memo,0,5309,2295,67,7671,0.015128,2.3
5222_memo,0,4200,998,61,5259,0.00792,1.2
5223_memo,0,4946,1857,105,6908,0.012901,1.96
5224_memo,0,4543,1330,174,6047,0.010359,1.57
5225_memo,0,4735,1682,71,6488,0.011724,1.78
5226_memo,0,5289,2477,92,7858,0.016151,2.45
5227_memo,0,5495,2637,105,8237,0.017144,2.61
5228_memo,0,4596,1514,79,6189,0.010837,1.65
5229_memo,0,4552,1440,125,6117,0.01067,1.62
5230_memo,0,10141,9978,89,20208,0.056673,8.61
5231_memo,0,4469,1463,83,6015,0.010523,1.6
5232_memo,0,4575,1412,162,6149,0.010729,1.63
5233_memo,0,3921,582,65,4568,0.005686,0.86
5234_memo,0,4144,945,122,5211,0.007925,1.2
5235_memo,0,4168,1066,86,5320,0.008365,1.27
5236_memo,0,4361,1316,89,5766,0.009751,1.48
5237_memo,0,4036,711,42,4789,0.006287,0.96
5238_memo,0,3603,126,55,3784,0.003157,0.48
5239_memo,0,5459,2482,100,8041,0.016322,2.48
5240_memo,0,4630,1766,101,6497,0.012229,1.86
5241_memo,0,4296,1127,100,5523,0.00882,1.34
5242_memo,0,4653,1468,72,6193,0.010608,1.61
5243_memo,0,8333,6683,71,15087,0.038978,5.92
5244_memo,0,5565,3677,88,9330,0.022303,3.39
5245_memo,0,4515,1342,69,5926,0.009877,1.5
5246_memo,0,4601,1781,67,6449,0.012116,1.84
5247_memo,0,7119,4688,71,11878,0.028244,4.29
5248_memo,0,4638,1581,67,6286,0.011139,1.69
5249_memo,0,4142,841,83,5066,0.007209,1.1
5250_memo,0,4570,1568,95,6233,0.011171,1.7
5251_memo,0,17498,16516,71,34085,0.093871,14.27
5252_memo,0,13358,12617,87,26062,0.071869,10.92
5253_memo,0,18279,17329,71,35679,0.098424,14.96
5254_memo,0,16655,16435,118,33208,0.093174,14.16
5255_memo,0,14352,13114,62,27528,0.07485,11.38
5256_memo,0,13271,12069,83,25423,0.069054,10.5
5257_memo,0,13323,13287,116,26726,0.075342,11.45
5258_memo,0,4936,1850,78,6864,0.012725,1.93
5259_memo,0,8238,5506,71,13815,0.033034,5.02
5260_memo,0,10823,9366,75,20264,0.053969,8.2
5261_memo,0,7668,5284,74,13026,0.031582,4.8
5262_memo,0,12370,11039,123,23532,0.063541,9.66
5263_memo,0,4703,1734,71,6508,0.011964,1.82
5264_memo,0,5526,2664,73,8263,0.017139,2.61
5265_memo,0,5443,2639,102,8184,0.017107,2.6
5266_memo,0,5227,2258,83,7568,0.014972,2.28
5267_memo,0,4970,1916,122,7008,0.013296,2.02
5268_memo,0,5059,2246,79,7384,0.014787,2.25
5269_memo,0,4254,1000,102,5356,0.008169,1.24
5270_memo,0,4865,1834,100,6799,0.012711,1.93
5271_memo,0,6294,3513,67,9874,0.021834,3.32
5272_memo,0,4393,1204,61,5658,0.009071,1.38
5273_memo,0,9336,7168,71,16575,0.04203,6.39
5274_memo,0,10220,8327,101,18648,0.048527,7.38
5275_memo,0,10660,9345,162,20167,0.054198,8.24
5276_memo,0,10454,8845,73,19372,0.051124,7.77
5277_memo,0,13124,12345,151,25620,0.070682,10.74
5278_memo,0,10580,8571,74,19225,0.049837,7.58
5280_memo,0,10177,9408,73,19658,0.053766,8.17
5281_memo,0,8430,6100,64,14594,0.036089,5.49
5282_memo,0,5159,1967,100,7226,0.013559,2.06
5283_memo,0,5272,2286,71,7629,0.01508,2.29
5284_memo,0,4950,2000,104,7054,0.013614,2.07
5285_memo,0,4948,1783,69,6800,0.012352,1.88
5286_memo,0,5954,3093,72,9119,0.019546,2.97
5287_memo,0,4106,761,70,4937,0.006721,1.02
5288_memo,0,10207,8568,86,18861,0.049649,7.55
5289_memo,0,5504,2598,127,8229,0.017065,2.59
5290_memo,0,6334,3635,141,10110,0.022839,3.47
5291_memo,0,11155,10127,71,21353,0.057962,8.81
5292_memo,0,5554,2905,111,8570,0.018551,2.82
5293_memo,0,12606,10909,118,23633,0.063014,9.58
5294_memo,0,4643,1463,94,6200,0.010687,1.62
5295_memo,0,4528,1372,106,6006,0.01022,1.55
5296_memo,0,10099,7778,92,17969,0.045662,6.94
5297_memo,0,6935,4830,100,11865,0.028984,4.41
5298_memo,0,9792,8016,104,17912,0.04672,7.1
5299_memo,0,9360,7524,71,16955,0.043825,6.66
5300_memo,0,5826,3079,71,8976,0.019391,2.95
5301_memo,0,5381,2276,72,7729,0.015103,2.3
5302_memo,0,8057,5829,103,13989,0.034696,5.27
5303_memo,0,5343,2388,100,7831,0.015779,2.4
5304_memo,0,5933,3018,71,9022,0.019153,2.91
5305_memo,0,8380,6476,74,14930,0.037988,5.77
5306_memo,0,5959,3484,86,9529,0.021574,3.28
5307_memo,0,9978,7989,71,18038,0.046536,7.07
5308_memo,0,6750,4077,82,10909,0.025014,3.8
5309_memo,0,5334,2476,104,7914,0.016234,2.47
5310_memo,0,8931,6694,72,15697,0.039412,5.99
5311_memo,0,4914,1893,88,6895,0.012976,1.97
5312_memo,0,6505,4029,72,10606,0.024571,3.73
5313_memo,0,9165,7716,102,16983,0.044818,6.81
5314_memo,0,6256,3626,88,9970,0.02248,3.42
5315_memo,0,9926,7917,89,17932,0.046234,7.03
5316_memo,0,7083,4864,67,12014,0.029082,4.42
5317_memo,0,6424,3870,103,10397,0.02388,3.63
5318_memo,0,4970,1931,97,6998,0.013246,2.01
5319_memo,0,11004,8857,72,19933,0.051522,7.83
5320_memo,0,5880,2909,103,8892,0.018735,2.85
5321_memo,0,8737,6877,71,15685,0.040201,6.11
5322_memo,0,5442,2781,75,8298,0.017681,2.69
5323_memo,0,5483,2515,74,8072,0.016372,2.49
5325_memo,0,6374,3641,71,10086,0.022544,3.43
5326_memo,0,9996,8175,73,18244,0.047488,7.22
5328_memo,0,5095,2017,48,7160,0.013509,2.05
5329_memo,0,5470,2460,102,8032,0.016229,2.47
5330_memo,0,11219,8877,68,20164,0.051737,7.86
5331_memo,0,5622,2788,101,8511,0.017959,2.73
5332_memo,0,6592,4262,62,10916,0.02574,3.91
5333_memo,0,5194,2159,100,7453,0.014541,2.21
5334_memo,0,11134,9780,133,21047,0.056524,8.59
5335_memo,0,5314,2433,103,7850,0.016001,2.43
5336_memo,0,6595,4142,74,10811,0.025202,3.83
5337_memo,0,5514,2517,71,8102,0.016386,2.49
5338_memo,0,5619,2744,107,8470,0.017767,2.7
5339_memo,0,9447,7473,84,17004,0.043689,6.64
5340_memo,0,6264,3790,61,10115,0.02317,3.52
5341_memo,0,12370,11728,86,24184,0.066801,10.15
5342_memo,0,6595,4048,90,10733,0.024812,3.77
5343_memo,0,12762,11280,71,24113,0.064731,9.84
5344_memo,0,5434,2454,69,7957,0.016011,2.43
5345_memo,0,5503,2725,73,8301,0.017429,2.65
5346_memo,0,10361,8089,99,18549,0.047416,7.21
5347_memo,0,4246,977,59,5282,0.007834,1.19
5348_memo,0,6405,4375,73,10853,0.026243,3.99
5349_memo,0,8247,5919,71,14237,0.035104,5.34
5350_memo,0,4799,1724,101,6624,0.012124,1.84
5351_memo,0,5178,2245,102,7525,0.014971,2.28
5353_memo,0,5693,2935,100,8728,0.018733,2.85
5354_memo,0,11967,10554,71,22592,0.060604,9.21
5355_memo,0,6059,3286,71,9416,0.020572,3.13
5356_memo,0,6264,3809,77,10150,0.023345,3.55
5357_memo,0,10389,8750,67,19206,0.050578,7.69
5358_memo,0,6127,3399,63,9589,0.021139,3.21
5359_memo,0,6523,3651,71,10245,0.022687,3.45
5360_memo,0,11133,8896,73,20102,0.051803,7.87
5362_memo,0,6320,3803,74,10197,0.023335,3.55
5363_memo,0,6418,3759,106,10283,0.023336,3.55
5365_memo,0,11212,10216,66,21494,0.058417,8.88
5366_memo,0,5634,2493,99,8226,0.016481,2.51
5367_memo,0,5336,2415,112,7863,0.01597,2.43
5368_memo,0,12827,11668,89,24584,0.066802,10.15
5369_memo,0,4121,793,63,4977,0.006856,1.04
5370_memo,0,8897,7197,72,16166,0.041906,6.37
5371_memo,0,8646,6278,71,14995,0.037149,5.65
5372_memo,0,5308,2232,100,7640,0.014978,2.28
5373_memo,0,5207,2184,75,7466,0.014549,2.21
5375_memo,0,4603,1526,61,6190,0.010812,1.64
5376_memo,0,4474,1253,112,5839,0.009621,1.46
5377_memo,0,8852,7608,69,16529,0.043918,6.68
5378_memo,0,7194,4884,98,12176,0.029406,4.47
5379_memo,0,4669,1611,71,6351,0.011328,1.72
5380_memo,0,5820,3003,62,8885,0.018963,2.88
5381_memo,0,12573,11443,73,24089,0.065438,9.95
5382_memo,0,6535,4380,73,10988,0.026349,4.01
5383_memo,0,7551,5086,85,12722,0.030574,4.65
5384_memo,0,5370,2377,75,7822,0.015616,2.37
5385_memo,0,6280,3753,111,10144,0.023245,3.53
5386_memo,0,4944,1736,126,6806,0.0124,1.88
5387_memo,0,6325,3536,62,9923,0.021943,3.34
5388_memo,0,6560,4428,87,11075,0.026675,4.05
5389_memo,0,4421,1263,64,5748,0.009398,1.43
5390_memo,0,4013,731,205,4949,0.007188,1.09
5391_memo,0,4686,1406,62,6154,0.010269,1.56
5392_memo,0,5211,2411,139,7761,0.016007,2.43
5393_memo,0,5683,2785,78,8546,0.017867,2.72
5395_memo,0,5773,2957,64,8794,0.018713,2.84
5396_memo,0,5508,3052,90,8650,0.019152,2.91
5397_memo,0,5902,3238,71,9211,0.020234,3.08
5398_memo,0,6292,3375,75,9742,0.021182,3.22
5399_memo,0,5876,3439,98,9413,0.021357,3.25
5400_memo,0,5262,2470,71,7803,0.015994,2.43
5401_memo,0,5374,2312,71,7757,0.015274,2.32
5402_memo,0,5575,2622,74,8271,0.016964,2.58
5403_memo,0,7839,5964,99,13902,0.035214,5.35
5404_memo,0,4727,1722,104,6553,0.012084,1.84
5405_memo,0,6477,4163,73,10713,0.025228,3.83
5407_memo,0,4197,949,99,5245,0.007863,1.2
5408_memo,0,6222,3801,89,10112,0.023339,3.55
5409_memo,0,4934,1883,102,6919,0.013009,1.98
5409_memo,0,4934,1883,102,6919,0.013009,1.98
5410_memo,0,6297,3334,71,9702,0.020961,3.19
5411_memo,0,5605,2921,67,8593,0.018443,2.8
5412_memo,0,5813,3075,71,8959,0.019363,2.94
5413_memo,0,6234,3262,93,9589,0.020671,3.14
5414_memo,0,5043,2150,69,7262,0.014247,2.17
5415_memo,0,5251,2474,91,7816,0.016107,2.45
5416_memo,0,5802,2759,73,8634,0.017786,2.7
5417_memo,0,4234,1026,82,5342,0.008186,1.24
5418_memo,0,5197,2407,111,7715,0.015838,2.41
5419_memo,0,5147,2097,69,7313,0.014047,2.14
5420_memo,0,4662,1704,85,6451,0.011859,1.8
5421_memo,0,5037,2157,77,7271,0.014318,2.18
5422_memo,0,7539,5523,100,13162,0.032827,4.99
5423_memo,0,6071,3427,67,9565,0.021264,3.23
5424_memo,0,4289,1050,100,5439,0.008431,1.28
5425_memo,0,5285,2408,62,7755,0.015653,2.38
5426_memo,0,6735,4434,71,11240,0.026734,4.06
5429_memo,0,5371,2562,147,8080,0.016902,2.57
5430_memo,0,5665,2972,87,8724,0.018836,2.86
5431_memo,0,5626,2738,89,8453,0.017651,2.68
5432_memo,0,7277,5092,73,12442,0.030373,4.62
5433_memo,0,6275,3499,71,9845,0.021772,3.31
5434_memo,0,7665,5586,74,13325,0.033091,5.03
5435_memo,0,4368,1199,195,5762,0.0097,1.47
5436_memo,0,4902,1989,102,6993,0.013519,2.05
5437_memo,0,5738,2786,85,8609,0.017941,2.73
5438_memo,0,5295,2397,93,7785,0.015759,2.4
5439_memo,0,5479,2668,110,8257,0.017314,2.63
5440_memo,0,6536,3949,111,10596,0.024385,3.71
5441_memo,0,4474,1302,67,5843,0.009641,1.47
5442_memo,0,6786,4363,64,11213,0.026376,4.01
5443_memo,0,4428,1297,95,5820,0.009728,1.48
5444_memo,0,5267,2450,65,7782,0.015867,2.41
5445_memo,0,6639,4278,73,10990,0.025904,3.94
5447_memo,0,7974,5878,90,13942,0.034824,5.29
5448_memo,0,5116,2041,124,7281,0.014023,2.13
5449_memo,0,5426,2385,82,7893,0.015726,2.39
5450_memo,0,5476,2663,165,8304,0.017563,2.67
5451_memo,0,5541,2588,101,8230,0.016908,2.57
5452_memo,0,5202,2224,99,7525,0.014866,2.26
5453_memo,0,4845,1824,65,6734,0.012473,1.9
5454_memo,0,4761,1709,103,6573,0.012036,1.83
5455_memo,0,4976,2137,65,7178,0.01412,2.15
5456_memo,0,4633,1466,89,6188,0.010671,1.62
5457_memo,0,5505,2519,90,8114,0.016486,2.51
5458_memo,0,6010,3192,71,9273,0.020071,3.05
5459_memo,0,5457,2594,71,8122,0.016736,2.54
5460_memo,0,4334,1117,50,5501,0.008544,1.3
5461_memo,0,7365,4928,71,12364,0.029598,4.5
5462_memo,0,4887,1992,64,6943,0.013334,2.03
5463_memo,0,6272,3629,62,9963,0.022375,3.4
5464_memo,0,5501,2575,100,8176,0.016813,2.56
5465_memo,0,5293,2287,71,7651,0.015098,2.29
5466_memo,0,5274,2285,73,7632,0.015086,2.29
5467_memo,0,5643,2521,100,8264,0.016632,2.53
5468_memo,0,5640,2886,71,8597,0.01831,2.78
5469_memo,0,6191,3472,75,9738,0.021604,3.28
5470_memo,0,4921,1812,71,6804,0.012491,1.9
5471_memo,0,5761,3031,103,8895,0.019271,2.93
5472_memo,0,5308,2475,71,7854,0.016047,2.44
5473_memo,0,4774,1653,63,6490,0.011564,1.76
5474_memo,0,5744,2862,116,8722,0.01848,2.81
5475_memo,0,6055,3567,62,9684,0.021929,3.33
5476_memo,0,4993,2050,67,7110,0.013706,2.08
5477_memo,0,7535,4958,62,12555,0.029809,4.53
5478_memo,0,5189,2167,71,7427,0.014433,2.19
5479_memo,0,5668,2788,89,8545,0.017927,2.72
5480_memo,0,4444,1301,73,5818,0.009647,1.47
5481_memo,0,4548,1363,87,5998,0.010092,1.53
5482_memo,0,5971,3160,100,9231,0.020032,3.04
5483_memo,0,5033,2373,62,7468,0.015321,2.33
5484_memo,0,5150,1995,140,7285,0.013894,2.11
5485_memo,0,5479,2699,102,8280,0.017429,2.65
5486_memo,0,6914,4150,87,11151,0.025506,3.88
5487_memo,0,4667,1475,91,6233,0.010747,1.63
5488_memo,0,5203,2003,69,7275,0.013612,2.07
5489_memo,0,7783,5720,65,13568,0.033789,5.14
5490_memo,0,5984,3235,100,9319,0.020415,3.1
5491_memo,0,5938,3469,118,9525,0.021646,3.29
5492_memo,0,6139,3623,105,9867,0.022477,3.42
5493_memo,0,5265,2296,83,7644,0.015186,2.31
5494_memo,0,6030,3282,117,9429,0.020764,3.16
5495_memo,0,6292,4024,92,10408,0.024512,3.73
5496_memo,0,5222,2296,71,7589,0.015099,2.3
5497_memo,0,7531,5484,71,13086,0.032482,4.94
5498_memo,0,6003,3248,77,9328,0.020377,3.1
5499_memo,0,5825,3063,90,8978,0.019406,2.95
5500_memo,0,6279,3668,115,10062,0.022839,3.47
5501_memo,0,7085,4876,110,12071,0.029358,4.46
5502_memo,0,5686,2663,73,8422,0.017234,2.62
5503_memo,0,5671,2704,71,8446,0.017419,2.65
5504_memo,0,7108,4315,71,11494,0.026373,4.01
5506_memo,0,5924,3273,71,9268,0.020423,3.1
5507_memo,0,5053,2276,164,7493,0.015358,2.33
5508_memo,0,6273,3526,62,9861,0.021861,3.32
5509_memo,0,5271,2311,71,7653,0.015204,2.31
5510_memo,0,5674,2707,67,8448,0.017416,2.65
5511_memo,0,5158,2569,58,7785,0.016359,2.49
5512_memo,0,4813,1671,100,6584,0.011863,1.8
5513_memo,0,5626,2774,85,8485,0.017811,2.71
5514_memo,0,4581,1440,96,6117,0.010543,1.6
5515_memo,0,8407,5711,116,14234,0.034389,5.23
5516_memo,0,7506,5382,64,12952,0.031921,4.85
5517_memo,0,5902,3121,63,9086,0.019609,2.98
5518_memo,0,5791,2994,67,8852,0.018924,2.88
5519_memo,0,5630,2605,61,8296,0.016849,2.56
5520_memo,0,5071,2075,128,7274,0.014184,2.16
5521_memo,0,7724,5084,73,12881,0.030613,4.65
5522_memo,0,4556,1443,67,6066,0.010398,1.58
5523_memo,0,4387,1254,82,5723,0.009422,1.43
5524_memo,0,5192,2149,93,7434,0.014455,2.2
5525_memo,0,5836,3022,102,8960,0.019267,2.93
5526_memo,0,5273,2136,64,7473,0.014296,2.17
5527_memo,0,5324,2240,65,7629,0.014853,2.26
5528_memo,0,5047,1996,103,7146,0.013649,2.07
5529_memo,0,5029,2316,62,7407,0.015033,2.29
5530_memo,0,5691,2763,73,8527,0.017737,2.7
5531_memo,0,6371,3795,67,10233,0.023292,3.54
5532_memo,0,6723,4095,116,10934,0.025257,3.84
5533_memo,0,6147,3419,67,9633,0.021272,3.23
5534_memo,0,4739,1673,102,6514,0.011837,1.8
5535_memo,0,5535,2389,72,7996,0.015764,2.4
5536_memo,0,8856,7399,94,16349,0.043,6.54
5537_memo,0,4677,1668,100,6445,0.011763,1.79
5538_memo,0,4980,1963,102,7045,0.013438,2.04
5539_memo,0,4677,1535,119,6331,0.011193,1.7
5540_memo,0,5187,2214,84,7485,0.014732,2.24
5541_memo,0,7163,5105,71,12339,0.030357,4.61
5542_memo,0,4825,1734,61,6620,0.011991,1.82
5543_memo,0,7792,6096,97,13985,0.035835,5.45
5544_memo,0,5640,2654,71,8365,0.01715,2.61
5545_memo,0,4500,1199,61,5760,0.009112,1.39
5546_memo,0,7566,5418,99,13083,0.032314,4.91
5547_memo,0,6299,4061,73,10433,0.024607,3.74
5548_memo,0,4144,890,97,5131,0.007525,1.14
5549_memo,0,5947,3002,77,9026,0.019112,2.91
5550_memo,0,4957,2021,69,7047,0.013548,2.06
5552_memo,0,6307,3795,114,10216,0.023487,3.57
5553_memo,0,4391,1247,58,5696,0.009269,1.41
5554_memo,0,4404,1279,75,5758,0.009522,1.45
5555_memo,0,5199,2353,102,7654,0.015524,2.36
5556_memo,0,6110,3324,72,9506,0.020799,3.16
5557_memo,0,5236,2205,65,7506,0.014623,2.22
5558_memo,0,7304,4719,76,12099,0.02854,4.34
5559_memo,0,5595,2871,102,8568,0.018362,2.79
5560_memo,0,7672,5378,64,13114,0.032005,4.86
5561_memo,0,6381,3880,99,10360,0.023883,3.63
5562_memo,0,4807,1767,63,6637,0.012154,1.85
5563_memo,0,6831,4305,71,11207,0.026149,3.97
5564_memo,0,5855,3291,102,9248,0.020624,3.13
5565_memo,0,8025,6652,71,14748,0.038631,5.87
5566_memo,0,5156,1989,112,7257,0.013728,2.09
5567_memo,0,5775,3162,101,9038,0.019924,3.03
5568_memo,0,5134,2079,87,7300,0.014039,2.13
5569_memo,0,6633,4448,104,11185,0.026906,4.09
5570_memo,0,5753,2879,71,8703,0.018346,2.79
5571_memo,0,6804,4105,71,10980,0.025132,3.82
5572_memo,0,5241,2600,71,7912,0.016631,2.53
5573_memo,0,6457,4268,70,10795,0.025726,3.91
5574_memo,0,5279,2227,69,7575,0.014779,2.25
5575_memo,0,6220,3814,87,10121,0.023393,3.56
5576_memo,0,6147,3887,71,10105,0.023632,3.59
5577_memo,0,4431,1296,102,5829,0.009759,1.48
5578_memo,0,4708,1649,71,6428,0.011543,1.75
5579_memo,0,7481,5420,71,12972,0.032131,4.88
5580_memo,0,5807,3093,91,8991,0.019549,2.97
5581_memo,0,4718,1617,65,6400,0.011359,1.73
5582_memo,0,5449,2692,71,8212,0.017221,2.62
5583_memo,0,5389,2567,73,8029,0.016568,2.52
5584_memo,0,5145,2354,161,7660,0.015791,2.4
5585_memo,0,5154,2339,113,7606,0.015481,2.35
5586_memo,0,6326,3992,73,10391,0.024279,3.69
5587_memo,0,6893,4324,90,11307,0.026378,4.01
5588_memo,0,6073,3485,77,9635,0.021606,3.28
5589_memo,0,5046,2212,108,7366,0.014754,2.24
5590_memo,0,5660,3043,65,8768,0.019078,2.9
5592_memo,0,5280,2499,97,7876,0.01628,2.47
5593_memo,0,4728,1536,71,6335,0.01099,1.67
5594_memo,0,5048,2082,104,7234,0.014085,2.14
5595_memo,0,4913,1757,123,6793,0.012471,1.9
5596_memo,0,6044,3449,71,9564,0.021378,3.25
5597_memo,0,5417,2436,67,7920,0.015901,2.42
5598_memo,0,5815,3010,68,8893,0.019024,2.89
5599_memo,0,5117,1975,119,7211,0.013668,2.08
5600_memo,0,5452,2539,69,8060,0.016448,2.5
5601_memo,0,6099,3384,100,9583,0.021232,3.23
5602_memo,0,6317,3837,102,10256,0.023643,3.59
5603_memo,0,4671,1642,67,6380,0.011464,1.74
5604_memo,0,5550,3126,67,8743,0.019434,2.95
5605_memo,0,6075,3360,112,9547,0.021157,3.22
5606_memo,0,5572,2931,114,8617,0.018707,2.84
5607_memo,0,6491,3758,74,10323,0.023217,3.53
5608_memo,0,5059,2319,73,7451,0.015122,2.3
5609_memo,0,6235,3489,115,9839,0.021917,3.33
5610_memo,0,8647,7074,181,15902,0.041679,6.34
5611_memo,0,6204,3561,86,9851,0.022113,3.36
5612_memo,0,5271,2465,65,7801,0.015944,2.42
5613_memo,0,4623,1523,110,6256,0.011054,1.68
5614_memo,0,6563,4126,69,10758,0.025077,3.81
5615_memo,0,5197,2400,89,7686,0.015693,2.39
5616_memo,0,6113,3391,80,9584,0.021176,3.22
5617_memo,0,6303,3601,157,10061,0.022729,3.45
5618_memo,0,5747,3035,64,8846,0.019087,2.9
5619_memo,0,6030,3121,62,9213,0.019684,2.99
5620_memo,0,4886,1903,83,6872,0.012984,1.97
5621_memo,0,5092,2013,102,7207,0.013758,2.09
5622_memo,0,5591,2879,102,8572,0.018399,2.8
5623_memo,0,5577,2929,106,8612,0.018661,2.84
5624_memo,0,5772,2922,73,8767,0.018582,2.82
5625_memo,0,8073,6399,71,14543,0.037396,5.68
5626_memo,0,6735,4605,73,11413,0.027599,4.2
5627_memo,0,5619,2790,105,8514,0.017987,2.73
5628_memo,0,5599,2715,102,8416,0.017584,2.67
5629_memo,0,5003,1953,72,7028,0.013252,2.01
5630_memo,0,5454,2436,75,7965,0.015964,2.43
5631_memo,0,5341,2356,62,7759,0.015428,2.35
5632_memo,0,4260,1018,89,5367,0.008197,1.25
5633_memo,0,7117,5185,62,12364,0.030683,4.66
5634_memo,0,4816,1657,100,6573,0.011795,1.79
5635_memo,0,6282,3695,73,10050,0.022766,3.46
5636_memo,0,6918,4384,100,11402,0.026744,4.07
5637_memo,0,5909,3104,102,9115,0.019723,3.0
5638_memo,0,5728,2966,67,8761,0.018745,2.85
5639_memo,0,6745,4400,64,11209,0.026536,4.03
5640_memo,0,7065,4614,201,11880,0.028491,4.33
5641_memo,0,4659,1553,66,6278,0.011007,1.67
5642_memo,0,5104,2046,71,7221,0.013775,2.09
5643_memo,0,5229,2257,99,7585,0.015048,2.29
5644_memo,0,6957,4908,102,11967,0.029398,4.47
5645_memo,0,7562,5665,71,13298,0.033406,5.08
5646_memo,0,5857,3161,70,9088,0.019816,3.01
5647_memo,0,5512,2653,71,8236,0.017065,2.59
5648_memo,0,4662,1607,89,6358,0.011394,1.73
5649_memo,0,7375,5166,86,12627,0.030869,4.69
5650_memo,0,5580,2997,71,8648,0.018828,2.86
5651_memo,0,4857,1750,112,6719,0.012346,1.88
5652_memo,0,5916,3398,83,9397,0.021102,3.21
5653_memo,0,5677,2738,62,8477,0.017548,2.67
5654_memo,0,4767,1591,100,6458,0.011434,1.74
5655_memo,0,4570,1450,102,6122,0.010616,1.61
5656_memo,0,5415,2685,103,8203,0.017324,2.63
5657_memo,0,5527,2555,71,8153,0.016584,2.52
5658_memo,0,5575,2733,73,8381,0.017514,2.66
5659_memo,0,5895,3249,71,9215,0.020284,3.08
5660_memo,0,5000,1974,104,7078,0.013515,2.05
5661_memo,0,6926,4801,103,11830,0.028849,4.39
5662_memo,0,5351,2493,77,7921,0.016194,2.46
5663_memo,0,4966,2005,116,7087,0.013709,2.08
5664_memo,0,4442,1270,62,5774,0.009436,1.43
5665_memo,0,5818,2906,89,8813,0.018611,2.83
5666_memo,0,5520,2742,89,8351,0.017605,2.68
5667_memo,0,7620,4896,64,12580,0.029562,4.49
5668_memo,0,5051,1993,102,7146,0.013632,2.07
5669_memo,0,6808,4357,71,11236,0.026395,4.01
5670_memo,0,5008,2122,121,7251,0.014345,2.18
5671_memo,0,5968,3161,94,9223,0.020005,3.04
5672_memo,0,5635,2780,77,8492,0.017807,2.71
5673_memo,0,8450,6877,71,15398,0.040021,6.08
5674_memo,0,4867,1721,82,6670,0.012057,1.83
5675_memo,0,5433,2264,89,7786,0.015161,2.3
5676_memo,0,5419,2578,71,8068,0.016632,2.53
5677_memo,0,4480,1322,88,5890,0.00985,1.5
5678_memo,0,7900,6215,72,14187,0.036373,5.53
5680_memo,0,5763,2887,99,8749,0.018532,2.82
5681_memo,0,6792,4427,64,11283,0.0267,4.06
5682_memo,0,4681,1509,51,6241,0.010726,1.63
5683_memo,0,6032,3492,71,9595,0.021585,3.28
5684_memo,0,5530,2763,71,8364,0.017626,2.68
5685_memo,0,4885,1870,67,6822,0.012738,1.94
5686_memo,0,6255,3994,124,10373,0.024499,3.72
5687_memo,0,4589,1378,123,6090,0.010373,1.58
5688_memo,0,4301,1033,69,5403,0.008198,1.25
5689_memo,0,6164,3459,63,9686,0.021463,3.26
5690_memo,0,6029,3182,99,9310,0.020173,3.07
5691_memo,0,5030,2020,62,7112,0.013554,2.06
5692_memo,0,4971,2006,67,7044,0.013472,2.05
5693_memo,0,6190,3305,70,9565,0.020744,3.15
5694_memo,0,5708,2940,71,8719,0.018623,2.83
5695_memo,0,5428,2421,135,7984,0.016172,2.46
5696_memo,0,5254,2412,71,7737,0.015699,2.39
5697_memo,0,4844,1805,40,6689,0.012253,1.86
5698_memo,0,6895,4440,73,11408,0.026874,4.08
5699_memo,0,6031,3720,72,9823,0.022729,3.45
5700_memo,0,5289,2341,69,7699,0.015356,2.33
5701_memo,0,4989,1935,73,6997,0.013158,2.0
5702_memo,0,5220,2323,97,7640,0.015362,2.34
5703_memo,0,8909,7036,65,16010,0.041073,6.24
5704_memo,0,5937,3135,115,9187,0.019961,3.03
5705_memo,0,4657,1575,84,6316,0.011206,1.7
5706_memo,0,4718,1573,89,6380,0.011259,1.71
5707_memo,0,6854,4416,100,11370,0.026864,4.08
5708_memo,0,5914,3283,64,9261,0.020431,3.11
5709_memo,0,5837,3272,74,9183,0.020378,3.1
5710_memo,0,6890,4455,73,11418,0.026946,4.1
5711_memo,0,5232,2355,101,7688,0.01555,2.36
5712_memo,0,6170,3389,62,9621,0.021111,3.21
5713_memo,0,6842,4617,71,11530,0.027716,4.21
5714_memo,0,4489,1323,100,5912,0.009921,1.51
5715_memo,0,5338,2479,100,7917,0.016231,2.47
5716_memo,0,6218,3244,71,9533,0.020461,3.11
5717_memo,0,5996,3641,71,9708,0.022308,3.39
5718_memo,0,8795,6622,73,15490,0.038972,5.92
5719_memo,0,6534,3779,110,10423,0.023529,3.58
5721_memo,0,6888,4337,71,11296,0.026345,4.0
5722_memo,0,9426,7303,71,16800,0.042761,6.5
5723_memo,0,4892,1772,90,6754,0.012367,1.88
5724_memo,0,6745,4209,102,11056,0.025771,3.92
5725_memo,0,7767,5032,86,12885,0.030444,4.63
5726_memo,0,6112,3239,117,9468,0.0206,3.13
5727_memo,0,7636,5507,72,13215,0.032668,4.97
5728_memo,0,5357,2640,82,8079,0.016958,2.58
5729_memo,0,5063,2050,100,7213,0.013914,2.11
5730_memo,0,6708,3785,80,10573,0.023517,3.57
5731_memo,0,6389,3930,74,10393,0.024013,3.65
5732_memo,0,6070,3194,62,9326,0.020074,3.05
5733_memo,0,6510,4371,103,10984,0.026439,4.02
5734_memo,0,5445,2616,125,8186,0.017108,2.6
5735_memo,0,6950,4246,101,11297,0.026079,3.96
5736_memo,0,6390,4000,62,10452,0.024304,3.69
5737_memo,0,5257,2271,71,7599,0.014996,2.28
5738_memo,0,5753,3133,65,8951,0.019586,2.98
5739_memo,0,6182,3404,100,9686,0.021384,3.25
5740_memo,0,5426,2504,86,8016,0.016341,2.48
5741_memo,0,6995,4238,99,11332,0.026057,3.96
5742_memo,0,5457,2672,87,8216,0.017206,2.62
5743_memo,0,6729,4324,102,11155,0.026336,4.0
5744_memo,0,4790,1737,120,6647,0.012279,1.87
5745_memo,0,6590,4192,73,10855,0.025444,3.87
5746_memo,0,6419,4024,73,10516,0.024497,3.72
5747_memo,0,8763,6103,71,14937,0.036347,5.52
5748_memo,0,4937,1937,71,6945,0.013126,2.0
5749_memo,0,6764,3847,71,10682,0.023817,3.62
5750_memo,0,6665,4446,64,11175,0.026716,4.06
5751_memo,0,7953,5578,71,13602,0.033216,5.05
5752_memo,0,4934,1876,62,6872,0.012774,1.94
5753_memo,0,6418,3635,89,10142,0.022631,3.44
5754_memo,0,8007,5897,67,13971,0.034824,5.29
5755_memo,0,6052,3343,99,9494,0.020993,3.19
5756_memo,0,8357,6652,93,15102,0.038948,5.92
5757_memo,0,5386,2223,71,7680,0.014836,2.26
5758_memo,0,5115,2077,67,7259,0.013917,2.12
5759_memo,0,5622,2571,83,8276,0.016784,2.55
5760_memo,0,5440,2423,194,8057,0.016485,2.51
5761_memo,0,9108,8034,71,17213,0.046217,7.03
5762_memo,0,5907,3387,69,9363,0.020972,3.19
5763_memo,0,5560,2813,69,8442,0.017885,2.72
5764_memo,0,4915,1906,126,6947,0.013232,2.01
5765_memo,0,5984,3955,62,10001,0.023825,3.62
5766_memo,0,4494,1282,102,5878,0.009729,1.48
5767_memo,0,6658,4170,77,10905,0.025396,3.86
5768_memo,0,4464,1186,164,5814,0.00954,1.45
5769_memo,0,4779,1667,111,6557,0.011877,1.81
5770_memo,0,4622,1513,67,6202,0.010789,1.64
5771_memo,0,6001,3290,102,9393,0.020711,3.15
5772_memo,0,4984,1854,101,6939,0.01289,1.96
5773_memo,0,5172,2117,77,7366,0.014202,2.16
5774_memo,0,4552,1463,102,6117,0.01067,1.62
5775_memo,0,4583,1446,73,6102,0.010459,1.59
5776_memo,0,5122,2257,65,7444,0.014811,2.25
5777_memo,0,5064,2049,75,7188,0.013785,2.1
5778_memo,0,5164,2366,86,7616,0.015488,2.35
5779_memo,0,5296,2451,116,7863,0.016145,2.45
5780_memo,0,4451,1200,69,5720,0.009127,1.39
5781_memo,0,5432,2659,69,8160,0.017035,2.59
5782_memo,0,6066,3407,72,9545,0.021186,3.22
5783_memo,0,5587,2537,110,8234,0.016727,2.54
5784_memo,0,4274,995,82,5351,0.008056,1.22
5785_memo,0,5888,2941,89,8918,0.01883,2.86
5786_memo,0,4815,1690,86,6591,0.011889,1.81
5787_memo,0,5278,2521,103,7902,0.016419,2.5
5788_memo,0,5800,2967,71,8838,0.018815,2.86
5789_memo,0,5324,2615,106,8045,0.016932,2.57
5790_memo,0,6636,4101,64,10801,0.024973,3.8
5791_memo,0,6238,3645,97,9980,0.022609,3.44
5792_memo,0,6339,3575,102,10016,0.022347,3.4
5793_memo,0,5217,2372,161,7750,0.015926,2.42
5794_memo,0,5420,2571,72,8063,0.016602,2.52
5795_memo,0,6392,3781,67,10240,0.023235,3.53
5796_memo,0,7022,4534,101,11657,0.027564,4.19
5797_memo,0,5001,1956,118,7075,0.013496,2.05
5798_memo,0,4859,1734,103,6696,0.012222,1.86
5799_memo,0,5601,2719,75,8395,0.017471,2.66
5800_memo,0,5965,3334,72,9371,0.020758,3.16
5801_memo,0,6895,4493,71,11459,0.027129,4.12
5802_memo,0,4784,1665,159,6608,0.01211,1.84
5803_memo,0,5682,2832,102,8616,0.018221,2.77
5804_memo,0,4143,930,67,5140,0.007574,1.15
5805_memo,0,6372,3914,102,10388,0.024062,3.66
5806_memo,0,4900,1822,74,6796,0.012542,1.91
5807_memo,0,6636,3752,71,10459,0.023262,3.54
5808_memo,0,5429,2439,62,7930,0.015898,2.42
5809_memo,0,5456,2385,71,7912,0.01569,2.38
5810_memo,0,5625,2902,71,8598,0.018381,2.79
5811_memo,0,4533,1362,71,5966,0.009998,1.52
5812_memo,0,4658,1643,87,6388,0.011561,1.76
5813_memo,0,6003,3379,71,9453,0.021002,3.19
5814_memo,0,4338,1096,84,5518,0.008611,1.31
5815_memo,0,8028,5754,72,13854,0.034147,5.19
5816_memo,0,5508,2661,71,8240,0.017102,2.6
5817_memo,0,5487,2735,71,8293,0.017459,2.65
5818_memo,0,4613,1531,71,6215,0.010893,1.66
5819_memo,0,6772,4332,89,11193,0.026337,4.0
5820_memo,0,4470,1188,123,5781,0.009349,1.42
5821_memo,0,4520,1421,62,6003,0.01024,1.56
5822_memo,0,5883,3308,64,9255,0.020537,3.12
5823_memo,0,4581,1506,103,6190,0.010908,1.66
5824_memo,0,5098,2118,164,7380,0.014596,2.22
5825_memo,0,5724,3053,71,8848,0.019197,2.92
5826_memo,0,4468,1211,67,5746,0.009182,1.4
5827_memo,0,5512,2777,71,8360,0.017685,2.69
5828_memo,0,4401,1178,71,5650,0.008996,1.37
5829_memo,0,6911,4591,72,11574,0.027634,4.2
5830_memo,0,4852,1674,67,6593,0.011737,1.78
5831_memo,0,5231,2141,67,7439,0.014309,2.18
5832_memo,0,6120,3463,157,9740,0.021925,3.33
5833_memo,0,5298,2188,67,7553,0.014586,2.22
5834_memo,0,7224,5361,77,12662,0.031705,4.82
5835_memo,0,5465,2451,73,7989,0.016036,2.44
5836_memo,0,6084,3566,189,9839,0.022578,3.43
5837_memo,0,4289,1081,71,5441,0.008441,1.28
5838_memo,0,5910,2954,67,8931,0.018799,2.86
5839_memo,0,4312,1111,78,5501,0.00864,1.31
5840_memo,0,5442,2461,100,8003,0.016206,2.46
5841_memo,0,4532,1491,66,6089,0.010618,1.61
5842_memo,0,4640,1550,71,6261,0.011005,1.67
5843_memo,0,5687,2991,79,8757,0.018904,2.87
5844_memo,0,6570,3619,96,10285,0.022681,3.45
5845_memo,0,4871,1800,73,6744,0.012409,1.89
5846_memo,0,5670,2887,89,8646,0.018424,2.8
5847_memo,0,4600,1538,61,6199,0.01087,1.65
5848_memo,0,5275,2211,103,7589,0.014867,2.26
5849_memo,0,6112,3492,99,9703,0.021775,3.31
5850_memo,0,5355,2528,163,8046,0.016802,2.55
5851_memo,0,8277,6542,111,14930,0.038438,5.84
5852_memo,0,6050,3270,69,9389,0.020476,3.11
5853_memo,0,4409,1215,67,5691,0.009166,1.39
5854_memo,0,5174,2108,64,7346,0.014094,2.14
5855_memo,0,6028,3613,62,9703,0.022142,3.37
5856_memo,0,5753,3112,72,8937,0.019516,2.97
5857_memo,0,5391,2345,69,7805,0.015439,2.35
5858_memo,0,4834,1829,161,6824,0.012971,1.97
5859_memo,0,5088,2110,75,7273,0.014105,2.14
5860_memo,0,5062,2091,100,7253,0.014119,2.15
5861_memo,0,5548,2682,63,8293,0.017192,2.61
5862_memo,0,5446,2827,71,8344,0.017894,2.72
5863_memo,0,4831,1712,89,6632,0.012024,1.83
5864_memo,0,5075,2256,105,7436,0.014977,2.28
5865_memo,0,4883,1850,66,6799,0.012632,1.92
5866_memo,0,4961,2050,63,7074,0.013666,2.08
5867_memo,0,5072,2170,100,7342,0.01452,2.21
5868_memo,0,5918,4080,92,10090,0.024559,3.73
5869_memo,0,7669,5228,102,12999,0.031443,4.78
5870_memo,0,4508,1330,64,5902,0.009788,1.49
5871_memo,0,5783,2857,69,8709,0.018244,2.77
5872_memo,0,4566,1358,64,5988,0.009964,1.51
5873_memo,0,5265,2321,160,7746,0.015696,2.39
5874_memo,0,6106,3634,87,9827,0.022421,3.41
5875_memo,0,6173,3120,89,9382,0.019903,3.03
5876_memo,0,6212,3596,100,9908,0.022363,3.4
5877_memo,0,5835,2883,65,8783,0.018387,2.79
5878_memo,0,6059,3301,71,9431,0.020647,3.14
5879_memo,0,4851,1750,67,6668,0.012117,1.84
5880_memo,0,6365,3916,73,10354,0.023923,3.64
5881_memo,0,5640,2766,92,8498,0.017815,2.71
5882_memo,0,4699,1681,51,6431,0.011597,1.76
5883_memo,0,5401,2528,100,8029,0.016516,2.51
5884_memo,0,5421,2817,83,8321,0.017888,2.72
5885_memo,0,7804,5944,90,13838,0.035048,5.33
5886_memo,0,4595,1424,69,6088,0.010337,1.57
5887_memo,0,5315,2482,71,7868,0.016087,2.45
5888_memo,0,6187,3459,89,9735,0.021607,3.28
5889_memo,0,4875,1746,83,6704,0.012192,1.85
5890_memo,0,4074,725,39,4838,0.006366,0.97
5891_memo,0,4793,1780,115,6688,0.012471,1.9
5893_memo,0,4540,1432,105,6077,0.010523,1.6
5894_memo,0,4588,1291,71,5950,0.009678,1.47
5895_memo,0,4143,779,61,4983,0.006789,1.03
5896_memo,0,5068,2135,57,7260,0.014127,2.15
5898_memo,0,5648,2792,73,8513,0.017855,2.71
5899_memo,0,6980,4853,62,11895,0.028937,4.4
5900_memo,0,5404,2497,85,7986,0.016287,2.48
5901_memo,0,5176,2369,82,7627,0.01549,2.35
5902_memo,0,6023,3159,102,9284,0.020069,3.05
5903_memo,0,7769,6076,108,13953,0.035776,5.44
5905_memo,0,13369,14238,61,27668,0.079851,12.14
5906_memo,0,19139,18959,77,38175,0.107142,16.29
5907_memo,0,13536,13294,89,26919,0.075375,11.46
5908_memo,0,19839,20772,63,40674,0.116574,17.72
5909_memo,0,5367,2327,114,7808,0.015559,2.37
5910_memo,0,16283,15851,62,32196,0.089742,13.64
5911_memo,0,6628,4089,78,10795,0.024977,3.8
5912_memo,0,5617,2741,67,8425,0.017551,2.67
5913_memo,0,8747,6349,71,15167,0.037567,5.71
5914_memo,0,8561,6846,71,15478,0.039936,6.07
5915_memo,0,13712,13190,62,26964,0.07483,11.37
5916_memo,0,7789,5800,73,13662,0.034233,5.2
5917_memo,0,6535,3881,71,10487,0.023844,3.62
5918_memo,0,4606,1520,71,6197,0.010834,1.65
5919_memo,0,10177,9184,103,19464,0.052796,8.02
5920_memo,0,7595,5041,116,12752,0.030532,4.64
5921_memo,0,9585,7886,89,17560,0.045866,6.97
5922_memo,0,4979,1945,62,6986,0.013147,2.0
5923_memo,0,9288,7568,64,16920,0.043965,6.68
5924_memo,0,5466,2581,73,8120,0.016686,2.54
5925_memo,0,5559,2675,71,8305,0.017204,2.62
5926_memo,0,11965,10580,74,22619,0.060748,9.23
5927_memo,0,5235,2271,62,7568,0.014937,2.27
5928_memo,0,11741,10570,71,22382,0.060543,9.2
5929_memo,0,4685,1478,72,6235,0.010678,1.62
5930_memo,0,9744,8462,69,18275,0.048745,7.41
5931_memo,0,6689,4472,72,11233,0.026901,4.09
5932_memo,0,10946,9380,93,20419,0.054206,8.24
5933_memo,0,5414,2472,100,7986,0.016244,2.47
5934_memo,0,6267,3738,69,10074,0.022952,3.49
5935_memo,0,8990,7113,69,16172,0.041529,6.31
5936_memo,0,6868,4128,71,11067,0.025288,3.84
5937_memo,0,4922,1862,68,6852,0.012726,1.93
5938_memo,0,6144,3143,89,9376,0.02,3.04
5939_memo,0,9975,8169,86,18230,0.047509,7.22
5940_memo,0,5831,2979,71,8881,0.018894,2.87
5941_memo,0,4420,1170,67,5657,0.008948,1.36
5942_memo,0,4540,1449,66,6055,0.010412,1.58
5943_memo,0,9687,7317,125,17129,0.043264,6.58
5944_memo,0,5131,2327,62,7520,0.015152,2.3
5945_memo,0,8953,6766,102,15821,0.039936,6.07
5946_memo,0,5906,3041,71,9018,0.019251,2.93
5947_memo,0,7047,4639,71,11757,0.027954,4.25
5948_memo,0,6632,3822,99,10553,0.02375,3.61
5949_memo,0,9838,8266,124,18228,0.048099,7.31
5950_memo,0,8313,5390,114,13817,0.032716,4.97
5951_memo,0,6525,4084,104,10713,0.025018,3.8
5952_memo,0,4955,1900,71,6926,0.012952,1.97
5953_memo,0,5334,2261,71,7666,0.014994,2.28
5954_memo,0,11890,9999,71,21960,0.057781,8.78
5955_memo,0,5482,2475,62,8019,0.016111,2.45
5956_memo,0,10173,8311,86,18570,0.048343,7.35
5958_memo,0,10300,8575,102,18977,0.049823,7.57
5959_memo,0,5640,3021,121,8782,0.019235,2.92
5960_memo,0,11771,11204,116,23091,0.063957,9.72
5961_memo,0,5556,2694,64,8314,0.017263,2.62
5962_memo,0,5282,2364,101,7747,0.015626,2.38
5963_memo,0,5489,2562,61,8112,0.016546,2.51
5964_memo,0,10655,9412,89,20156,0.054164,8.23
5965_memo,0,4435,1223,83,5741,0.009302,1.41
5966_memo,0,6002,3167,86,9255,0.020016,3.04
5967_memo,0,5721,2824,87,8632,0.018131,2.76
5968_memo,0,12730,11573,73,24376,0.066186,10.06
5969_memo,0,4854,1689,103,6646,0.011994,1.82
5970_memo,0,9342,7594,102,17038,0.044319,6.74
5971_memo,0,6098,3240,74,9412,0.020381,3.1
5972_memo,0,9498,7983,89,17570,0.046296,7.04
5973_memo,0,5108,1963,89,7160,0.013452,2.04
5974_memo,0,5061,1957,87,7105,0.013383,2.03
5975_memo,0,8359,6339,89,14787,0.037364,5.68
5976_memo,0,5460,2601,75,8136,0.016792,2.55
5977_memo,0,4805,1739,65,6609,0.012023,1.83
5978_memo,0,9112,7763,89,16964,0.044955,6.83
5979_memo,0,8485,6421,88,14994,0.037848,5.75
5980_memo,0,5049,1922,55,7026,0.013041,1.98
5981_memo,0,10487,9212,116,19815,0.053194,8.09
5982_memo,0,4892,1843,82,6817,0.012682,1.93
5983_memo,0,9404,7328,62,16794,0.042827,6.51
5984_memo,0,7221,4830,89,12140,0.029108,4.42
5985_memo,0,5944,3253,62,9259,0.02029,3.08
5986_memo,0,4787,1646,62,6495,0.011532,1.75
5987_memo,0,11383,9668,73,21124,0.055819,8.48
5988_memo,0,4155,836,134,5125,0.007447,1.13
5989_memo,0,10289,8474,124,18887,0.049421,7.51
5991_memo,0,9712,8177,71,17960,0.04731,7.19
5992_memo,0,5070,2059,99,7228,0.013959,2.12
5993_memo,0,13111,12388,71,25570,0.070489,10.71
5994_memo,0,5449,2572,64,8085,0.016586,2.52
5995_memo,0,7250,4739,73,12062,0.028591,4.35
5996_memo,0,4719,1581,151,6451,0.011609,1.76
5997_memo,0,7785,5372,90,13247,0.032176,4.89
5998_memo,0,12106,10567,64,22737,0.060721,9.23
5999_memo,0,6467,3713,69,10249,0.022952,3.49
6000_memo,0,6312,3467,102,9881,0.02179,3.31
6001_memo,0,9910,8422,121,18453,0.048909,7.43
6002_memo,0,5671,3050,74,8795,0.019164,2.91
6003_memo,0,5752,2881,71,8704,0.018355,2.79
6004_memo,0,5841,3035,72,8948,0.019186,2.92
6005_memo,0,5276,2283,62,7621,0.015022,2.28
6006_memo,0,6942,4526,127,11595,0.027604,4.2
6007_memo,0,5294,2335,102,7731,0.015494,2.36
6008_memo,0,7270,5001,116,12387,0.030129,4.58
6009_memo,0,4683,1666,86,6435,0.011687,1.78
6010_memo,0,9614,8020,109,17743,0.046654,7.09
6011_memo,0,5910,3138,94,9142,0.019854,3.02
6012_memo,0,6232,3650,104,9986,0.022665,3.45
6013_memo,0,9433,7313,110,16856,0.043011,6.54
6014_memo,0,4668,1626,55,6349,0.011322,1.72
6015_memo,0,4744,1565,64,6373,0.01111,1.69
6016_memo,0,6695,3968,74,10737,0.024394,3.71
6017_memo,0,6129,3553,89,9771,0.022041,3.35
6018_memo,0,5838,3208,87,9133,0.020124,3.06
6019_memo,0,6444,3748,102,10294,0.023277,3.54
6020_memo,0,5911,3241,84,9236,0.020319,3.09
6021_memo,0,4963,2017,67,7047,0.013522,2.06
6022_memo,0,5561,2738,102,8401,0.017676,2.69
6023_memo,0,5465,2832,115,8412,0.018151,2.76
6024_memo,0,6015,3077,67,9159,0.019479,2.96
6025_memo,0,5003,1841,71,6915,0.012687,1.93
6026_memo,0,6506,4072,92,10670,0.024886,3.78
6027_memo,0,4991,2202,82,7275,0.014539,2.21
6028_memo,0,4658,1451,71,6180,0.010521,1.6
6029_memo,0,7076,4410,74,11560,0.026843,4.08
6030_memo,0,5446,2221,120,7787,0.015109,2.3
6031_memo,0,5930,3089,67,9086,0.019486,2.96
6032_memo,0,6082,3421,100,9603,0.021406,3.25
6033_memo,0,5324,2359,71,7754,0.015477,2.35
6034_memo,0,6828,4508,89,11425,0.027253,4.14
6035_memo,0,5303,2388,112,7803,0.015814,2.4
6036_memo,0,11645,10430,71,22146,0.059783,9.09
6037_memo,0,6045,3219,101,9365,0.020378,3.1
6038_memo,0,10943,9488,116,20547,0.054859,8.34
6039_memo,0,4419,1302,122,5843,0.009882,1.5
6040_memo,0,7024,4602,101,11727,0.027905,4.24
6041_memo,0,8292,6655,79,15026,0.038853,5.91
6042_memo,0,9218,7380,83,16681,0.043076,6.55
6043_memo,0,5548,2773,88,8409,0.017772,2.7
6044_memo,0,9646,7644,104,17394,0.044769,6.8
6045_memo,0,6611,4119,69,10799,0.025072,3.81
6046_memo,0,4862,1720,104,6686,0.012159,1.85
6047_memo,0,5312,2390,97,7799,0.015755,2.39
6048_memo,0,5286,2289,168,7743,0.015589,2.37
6049_memo,0,5490,2551,117,8158,0.016771,2.55
6050_memo,0,6531,4061,124,10716,0.025007,3.8
6051_memo,0,4211,907,62,5180,0.007477,1.14
6052_memo,0,4586,1574,115,6275,0.011311,1.72
6053_memo,0,7229,4863,105,12197,0.029358,4.46
6054_memo,0,4566,1503,65,6134,0.010694,1.63
6055_memo,0,5415,2442,62,7919,0.015904,2.42
6056_memo,0,4547,1490,71,6108,0.010647,1.62
6057_memo,0,5007,2171,63,7241,0.014299,2.17
6058_memo,0,11162,9492,75,20729,0.054811,8.33
6059_memo,0,7055,4546,62,11663,0.027449,4.17
6060_memo,0,5352,2251,86,7689,0.01503,2.28
6061_memo,0,8774,6650,71,15495,0.039089,5.94
6062_memo,0,5052,2239,71,7362,0.014708,2.24
6063_memo,0,4546,1412,77,6035,0.010286,1.56
6064_memo,0,5140,1972,78,7190,0.013463,2.05
6065_memo,0,4566,1478,77,6121,0.010629,1.62
6066_memo,0,5421,2452,73,7946,0.016013,2.43
6067_memo,0,4971,1971,62,7004,0.013272,2.02
6068_memo,0,4533,1357,78,5968,0.010008,1.52
6069_memo,0,4838,1894,100,6832,0.012994,1.98
6070_memo,0,4569,1398,77,6044,0.010231,1.56
6071_memo,0,5321,2255,73,7649,0.014966,2.27
6072_memo,0,4628,1504,103,6235,0.010927,1.66
6073_memo,0,6438,4281,62,10781,0.025739,3.91
6074_memo,0,5324,2285,64,7673,0.015072,2.29
6075_memo,0,6602,3962,73,10637,0.024301,3.69
6076_memo,0,7091,4444,101,11636,0.027157,4.13
6078_memo,0,6551,3488,102,10141,0.022044,3.35
6079_memo,0,6234,3469,73,9776,0.021606,3.28
6080_memo,0,5341,2266,102,7709,0.015178,2.31
6081_memo,0,5978,2995,102,9075,0.019221,2.92
6082_memo,0,5456,2507,71,8034,0.0163,2.48
6083_memo,0,8203,5932,119,14254,0.035382,5.38
6084_memo,0,5459,2679,77,8215,0.017192,2.61
6085_memo,0,5988,3249,100,9337,0.020487,3.11
6086_memo,0,4795,1769,133,6697,0.012507,1.9
6087_memo,0,5544,2521,93,8158,0.016535,2.51
6088_memo,0,5955,3125,62,9142,0.019657,2.99
6089_memo,0,8479,6319,71,14869,0.037249,5.66
6090_memo,0,5540,2639,93,8272,0.017122,2.6
6091_memo,0,4571,1554,101,6226,0.011132,1.69
6092_memo,0,11359,10329,64,21752,0.059064,8.98
6093_memo,0,5029,2004,85,7118,0.013588,2.07
6094_memo,0,4832,1752,81,6665,0.012185,1.85
6095_memo,0,6049,3272,71,9392,0.020496,3.12
6096_memo,0,5129,2069,62,7260,0.013861,2.11
6097_memo,0,4442,1166,137,5745,0.009291,1.41
6098_memo,0,4561,1465,70,6096,0.010526,1.6
6101_memo,0,5113,2071,116,7300,0.014131,2.15
6102_memo,0,4534,1530,111,6175,0.011039,1.68
6103_memo,0,6352,4139,67,10558,0.025,3.8
6104_memo,0,4802,1726,71,6599,0.011986,1.82
6105_memo,0,6403,3683,102,10188,0.022927,3.48
6107_memo,0,5537,2624,116,8277,0.017161,2.61
6108_memo,0,6620,3797,102,10519,0.023633,3.59
6109_memo,0,8406,6064,113,14583,0.036139,5.49
6110_memo,0,5038,2106,61,7205,0.013984,2.13
6111_memo,0,6209,3207,71,9487,0.020271,3.08
6112_memo,0,6518,4084,72,10674,0.024854,3.78
6113_memo,0,4790,1631,71,6492,0.011504,1.75
6114_memo,0,7344,5085,117,12546,0.0306,4.65
6115_memo,0,4718,1603,67,6388,0.011299,1.72
6116_memo,0,5787,2710,72,8569,0.017527,2.66
6117_memo,0,6526,3923,119,10568,0.024289,3.69
6118_memo,0,6775,4384,71,11230,0.026509,4.03
6119_memo,0,6400,3939,116,10455,0.024275,3.69
6120_memo,0,7484,5246,99,12829,0.031402,4.77
6121_memo,0,6905,4221,102,11228,0.025931,3.94
6122_memo,0,6261,3677,68,10006,0.022638,3.44
6123_memo,0,4510,1320,97,5927,0.009904,1.51
6124_memo,0,7081,4497,73,11651,0.027276,4.15
6125_memo,0,7841,5353,74,13268,0.032036,4.87
6126_memo,0,4355,1081,100,5536,0.008627,1.31
6127_memo,0,6247,3566,71,9884,0.022089,3.36
6128_memo,0,5806,3083,89,8978,0.019489,2.96
6129_memo,0,4360,1109,92,5561,0.00873,1.33
6130_memo,0,8991,6848,71,15910,0.040214,6.11
6131_memo,0,5174,2106,111,7391,0.014319,2.18
6132_memo,0,5152,2151,106,7409,0.014505,2.2
6133_memo,0,7309,4488,71,11868,0.027363,4.16
6134_memo,0,4933,1866,67,6866,0.012748,1.94
6135_memo,0,4642,1444,68,6154,0.010461,1.59
6136_memo,0,5251,2258,89,7598,0.015017,2.28
6137_memo,0,4516,1326,86,5928,0.009883,1.5
6138_memo,0,6329,3625,85,10039,0.022506,3.42
6139_memo,0,4550,1435,89,6074,0.010464,1.59
6140_memo,0,6307,3921,64,10292,0.023867,3.63
6141_memo,0,4354,1127,82,5563,0.008766,1.33
6142_memo,0,5936,3267,146,9349,0.020775,3.16
6143_memo,0,5969,3065,82,9116,0.019466,2.96
6144_memo,0,4878,1872,100,6850,0.012909,1.96
6145_memo,0,6739,4052,72,10863,0.024832,3.77
6146_memo,0,5354,2632,147,8133,0.017241,2.62
6147_memo,0,6266,3793,67,10126,0.023216,3.53
6148_memo,0,4783,1667,64,6514,0.011644,1.77
6149_memo,0,5193,2200,71,7464,0.014601,2.22
6150_memo,0,7718,5538,73,13329,0.032879,5.0
6151_memo,0,5914,3289,75,9278,0.020516,3.12
6152_memo,0,6497,3862,115,10474,0.023946,3.64
6153_memo,0,5461,2709,100,8270,0.017458,2.65
6154_memo,0,6658,3847,89,10594,0.023841,3.62
6155_memo,0,6319,3431,86,9836,0.021534,3.27
6156_memo,0,4537,1287,82,5906,0.009681,1.47
6157_memo,0,4451,1288,69,5808,0.009567,1.45
6158_memo,0,6102,3376,113,9591,0.021259,3.23
6159_memo,0,4558,1322,102,5982,0.009969,1.52
6160_memo,0,6804,4019,114,10937,0.024918,3.79
6161_memo,0,4724,1738,114,6576,0.012212,1.86
6162_memo,0,4409,1310,61,5780,0.009611,1.46
6163_memo,0,7027,4372,113,11512,0.026817,4.08
6164_memo,0,4748,1677,104,6529,0.011872,1.8
6165_memo,0,8013,6062,67,14142,0.035653,5.42
6166_memo,0,8000,5805,171,13976,0.03488,5.3
6167_memo,0,5143,2132,82,7357,0.014284,2.17
6168_memo,0,4615,1405,101,6121,0.010414,1.58
6169_memo,0,6322,3292,67,9681,0.020746,3.15
6170_memo,0,5160,2172,85,7417,0.01451,2.21
6171_memo,0,4569,1447,89,6105,0.010536,1.6
6172_memo,0,6041,3190,113,9344,0.020291,3.08
6173_memo,0,5467,2627,96,8190,0.017032,2.59
6174_memo,0,7640,5076,88,12804,0.030595,4.65
6175_memo,0,5040,1966,67,7073,0.013315,2.02
6176_memo,0,4528,1326,103,5957,0.009975,1.52
6177_memo,0,4480,1399,67,5946,0.01013,1.54
6178_memo,0,5571,2730,73,8374,0.017497,2.66
6179_memo,0,6117,3312,93,9522,0.020848,3.17
6180_memo,0,7541,5093,75,12709,0.030553,4.64
6181_memo,0,7990,5715,190,13895,0.034519,5.25
6182_memo,0,6573,3945,84,10602,0.024253,3.69
6183_memo,0,4664,1459,103,6226,0.010725,1.63
6184_memo,0,6608,3820,101,10529,0.023735,3.61
6185_memo,0,5206,2152,89,7447,0.014459,2.2
6186_memo,0,4642,1621,77,6340,0.011391,1.73
6187_memo,0,5408,2342,67,7817,0.015425,2.34
6188_memo,0,9595,8179,64,17838,0.047212,7.18
6189_memo,0,5526,2593,82,8201,0.016829,2.56
6190_memo,0,6280,3347,108,9735,0.0212,3.22
6191_memo,0,6900,4233,77,11210,0.025863,3.93
6192_memo,0,5004,2009,67,7080,0.013508,2.05
6193_memo,0,4908,1686,67,6661,0.011832,1.8
6194_memo,0,4798,1680,102,6580,0.011909,1.81
6196_memo,0,4595,1410,71,6076,0.010277,1.56
6197_memo,0,6752,3778,86,10616,0.02354,3.58
6198_memo,0,4652,1501,78,6231,0.010803,1.64
6199_memo,0,4910,1843,73,6826,0.012649,1.92
6200_memo,0,7345,5015,72,12432,0.030026,4.56
6201_memo,0,7854,5399,108,13361,0.032444,4.93
6202_memo,0,5274,2325,68,7667,0.015261,2.32
6203_memo,0,4543,1400,73,6016,0.010204,1.55
6204_memo,0,6488,3790,67,10345,0.02334,3.55
6205_memo,0,5446,2461,100,8007,0.016209,2.46
6206_memo,0,4440,1274,109,5823,0.00969,1.47
6208_memo,0,6249,3672,69,9990,0.022611,3.44
6209_memo,0,4361,1068,104,5533,0.008586,1.31
6210_memo,0,4584,1425,100,6109,0.01049,1.59
6211_memo,0,6622,3922,74,10618,0.024119,3.67
6212_memo,0,7153,4948,65,12166,0.029536,4.49
6213_memo,0,7815,5053,129,12997,0.030794,4.68
6214_memo,0,6893,4204,65,11162,0.025653,3.9
6215_memo,0,5421,2408,69,7898,0.015773,2.4
6216_memo,0,8729,6624,64,15417,0.038896,5.91
6217_memo,0,4658,1433,100,6191,0.010576,1.61
6218_memo,0,5584,2528,71,8183,0.016485,2.51
6219_memo,0,5076,1974,99,7149,0.013538,2.06
6220_memo,0,4773,1554,94,6421,0.011223,1.71
6221_memo,0,7656,5590,102,13348,0.033245,5.05
6222_memo,0,8980,7015,69,16064,0.041032,6.24
6223_memo,0,5859,3031,76,8966,0.019197,2.92
6224_memo,0,4646,1535,144,6325,0.011299,1.72
6225_memo,0,6629,3641,71,10341,0.022703,3.45
6226_memo,0,4526,1361,71,5958,0.009989,1.52
6227_memo,0,5636,2550,125,8311,0.016897,2.57
6228_memo,0,8214,6496,113,14823,0.038179,5.8
6229_memo,0,5175,2176,116,7467,0.014694,2.23
6231_memo,0,6643,4155,86,10884,0.025357,3.85
6232_memo,0,7073,4383,132,11588,0.026996,4.1
6233_memo,0,5462,2580,62,8104,0.016624,2.53
6235_memo,0,5962,3255,67,9284,0.020336,3.09
6236_memo,0,5656,2818,100,8574,0.018125,2.76
6237_memo,0,6287,3377,124,9788,0.021434,3.26
6238_memo,0,5408,2668,136,8212,0.0174,2.64
6239_memo,0,4372,1090,71,5533,0.008537,1.3
6240_memo,0,5620,2782,116,8518,0.018002,2.74
6242_memo,0,4692,1497,100,6289,0.010918,1.66
6243_memo,0,4405,1138,71,5614,0.008798,1.34
6244_memo,0,10294,8203,65,18562,0.047774,7.26
6245_memo,0,5343,2339,89,7771,0.015479,2.35
6246_memo,0,8356,6329,69,14754,0.037212,5.66
6247_memo,0,4603,1481,71,6155,0.010637,1.62
6248_memo,0,7362,4845,67,12274,0.029161,4.43
6250_memo,0,4617,1604,173,6394,0.011771,1.79
6251_memo,0,4445,1202,103,5750,0.009303,1.41
6252_memo,0,7108,4739,72,11919,0.028498,4.33
6253_memo,0,4857,1827,85,6769,0.012596,1.91
6254_memo,0,5112,2116,63,7291,0.01409,2.14
6255_memo,0,6847,4475,87,11409,0.027089,4.12
6257_memo,0,6297,3632,71,10000,0.022451,3.41
6258_memo,0,4525,1306,71,5902,0.009713,1.48
6259_memo,0,5881,2966,97,8944,0.018991,2.89
6260_memo,0,5023,1912,61,6996,0.013004,1.98
6261_memo,0,6061,3112,71,9244,0.019703,2.99
6262_memo,0,6376,3623,89,10088,0.022545,3.43
6264_memo,0,5823,2820,72,8715,0.018099,2.75
6265_memo,0,9025,6927,106,16058,0.040806,6.2
6266_memo,0,7756,5515,73,13344,0.032787,4.98
6267_memo,0,6747,3954,103,10804,0.024502,3.72
6268_memo,0,5102,2110,71,7283,0.014094,2.14
6269_memo,0,5621,2845,61,8527,0.018043,2.74
6270_memo,0,9122,7194,102,16418,0.042181,6.41
6271_memo,0,6043,3314,71,9428,0.020702,3.15
6272_memo,0,6844,4407,126,11377,0.026942,4.1
6273_memo,0,6225,3606,85,9916,0.022346,3.4
6274_memo,0,5530,2609,102,8241,0.017011,2.59
6275_memo,0,4618,1473,133,6224,0.010916,1.66
6276_memo,0,6358,3884,78,10320,0.023784,3.62
6277_memo,0,6172,3297,102,9571,0.020852,3.17
6278_memo,0,4689,1484,67,6240,0.010686,1.62
6279_memo,0,5241,2210,100,7551,0.014826,2.25
6280_memo,0,4988,2070,68,7126,0.013808,2.1
6282_memo,0,5154,2102,73,7329,0.014096,2.14
6283_memo,0,5308,2266,75,7649,0.015023,2.28
6284_memo,0,7592,4963,102,12657,0.03007,4.57
6286_memo,0,4481,1386,82,5949,0.010141,1.54
6287_memo,0,7405,5247,73,12725,0.031228,4.75
6288_memo,0,6052,3393,67,9512,0.021083,3.2
6289_memo,0,5366,2379,71,7816,0.015604,2.37
6290_memo,0,6759,4077,89,10925,0.025054,3.81
6291_memo,0,4549,1428,62,6039,0.010293,1.56
6292_memo,0,6153,3230,63,9446,0.020311,3.09
6293_memo,0,7295,4828,71,12194,0.029054,4.42
6294_memo,0,5133,2203,89,7425,0.014668,2.23
6295_memo,0,5657,2587,72,8316,0.016831,2.56
6296_memo,0,4939,1970,75,6984,0.013312,2.02
6297_memo,0,4504,1415,73,5992,0.010255,1.56
6298_memo,0,5778,3064,223,9065,0.020046,3.05
6299_memo,0,4555,1440,89,6084,0.010492,1.59
6301_memo,0,4756,1738,67,6561,0.011997,1.82
6302_memo,0,4943,1974,95,7012,0.013434,2.04
6303_memo,0,6298,3486,102,9886,0.021876,3.33
6304_memo,0,8646,6727,62,15435,0.039349,5.98
6305_memo,0,5333,2338,113,7784,0.015588,2.37
6306_memo,0,5834,2895,72,8801,0.018481,2.81
6307_memo,0,4516,1425,107,6048,0.010483,1.59
6308_memo,0,5273,2389,73,7735,0.015606,2.37
6309_memo,0,7594,4965,73,12632,0.029936,4.55
6310_memo,0,5320,2285,72,7677,0.01511,2.3
6311_memo,0,5856,3111,62,9029,0.019525,2.97
6312_memo,0,7990,5704,64,13758,0.033834,5.14
6313_memo,0,4842,1794,127,6763,0.012631,1.92
6314_memo,0,6945,4686,91,11722,0.028226,4.29
6315_memo,0,4604,1385,115,6104,0.010377,1.58
6316_memo,0,5119,2025,72,7216,0.013684,2.08
6317_memo,0,4802,1721,93,6616,0.012071,1.83
6318_memo,0,5051,2180,75,7306,0.014432,2.19
6319_memo,0,7266,4899,103,12268,0.029551,4.49
6320_memo,0,6235,3704,99,10038,0.022912,3.48
6321_memo,0,6333,3695,114,10142,0.023003,3.5
6322_memo,0,6814,4438,103,11355,0.026964,4.1
6323_memo,0,4825,1735,111,6671,0.012246,1.86
6324_memo,0,4989,2108,65,7162,0.013983,2.13
6325_memo,0,8184,5845,72,14101,0.0347,5.27
6326_memo,0,5256,2269,67,7592,0.014965,2.27
6327_memo,0,4910,1932,108,6950,0.013269,2.02
6328_memo,0,4299,1116,67,5482,0.008602,1.31
6330_memo,0,4790,1867,112,6769,0.012889,1.96
6331_memo,0,5495,2450,71,8016,0.016039,2.44
6332_memo,0,6781,4431,63,11275,0.026708,4.06
6333_memo,0,4862,1818,75,6755,0.012504,1.9
6334_memo,0,5228,2337,90,7655,0.015402,2.34
6335_memo,0,4899,1936,65,6900,0.013067,1.99
6336_memo,0,5991,3150,73,9214,0.019859,3.02
6337_memo,0,7876,5911,99,13886,0.034973,5.32
6338_memo,0,5935,3193,90,9218,0.020124,3.06
6339_memo,0,7220,4538,99,11857,0.027697,4.21
6340_memo,0,5961,3250,83,9294,0.020391,3.1
6342_memo,0,4480,1229,103,5812,0.00946,1.44
6343_memo,0,5827,2873,127,8827,0.018642,2.83
6344_memo,0,5674,2689,77,8440,0.017376,2.64
6345_memo,0,5087,2112,65,7264,0.014064,2.14
6346_memo,0,4226,973,163,5362,0.008321,1.26
6347_memo,0,6122,3382,102,9606,0.021246,3.23
6348_memo,0,5544,2737,162,8443,0.01796,2.73
6349_memo,0,5165,2245,75,7485,0.014828,2.25
6350_memo,0,5386,2239,112,7737,0.015121,2.3
6351_memo,0,7049,4931,72,12052,0.029421,4.47
6352_memo,0,4957,1805,71,6833,0.012478,1.9
6353_memo,0,6286,3686,73,10045,0.022724,3.45
6354_memo,0,5604,2756,65,8425,0.017608,2.68
6356_memo,0,6739,4124,118,10981,0.025422,3.86
6358_memo,0,4686,1472,69,6227,0.010634,1.62
6359_memo,0,5348,2494,73,7915,0.016177,2.46
6360_memo,0,6740,4300,73,11113,0.026078,3.96
6361_memo,0,6831,4734,135,11700,0.028614,4.35
6362_memo,0,4652,1588,143,6383,0.011562,1.76
6363_memo,0,7792,5751,126,13669,0.034255,5.21
6364_memo,0,7687,5476,73,13236,0.032549,4.95
6365_memo,0,6042,3139,86,9267,0.019901,3.02
6366_memo,0,6042,3293,121,9456,0.020846,3.17
6367_memo,0,5687,2920,86,8693,0.018584,2.82
6369_memo,0,5441,2827,99,8367,0.018031,2.74
6370_memo,0,7939,5009,102,13050,0.030517,4.64
6371_memo,0,5464,2687,71,8222,0.017205,2.62
6372_memo,0,5274,2410,94,7778,0.015816,2.4
6373_memo,0,5903,3415,67,9385,0.021099,3.21
6374_memo,0,5973,3133,71,9177,0.019753,3.0
6375_memo,0,5822,3086,83,8991,0.019484,2.96
6376_memo,0,7303,6138,113,13554,0.035819,5.44
6378_memo,0,4689,1527,67,6283,0.010901,1.66
6379_memo,0,5932,3150,100,9182,0.019957,3.03
6381_memo,0,6360,3758,73,10191,0.02313,3.52
6382_memo,0,6055,3278,112,9445,0.020734,3.15
6383_memo,0,6295,3729,104,10128,0.023099,3.51
6384_memo,0,5251,2365,119,7735,0.015702,2.39
6385_memo,0,4704,1539,67,6310,0.01097,1.67
6386_memo,0,5726,3086,83,8895,0.019424,2.95
6387_memo,0,5874,3299,73,9246,0.020531,3.12
6388_memo,0,6277,3729,90,10096,0.023018,3.5
6389_memo,0,5674,2765,86,8525,0.017801,2.71
6390_memo,0,8491,6616,89,15196,0.038832,5.9
6391_memo,0,6634,4000,102,10736,0.024656,3.75
6392_memo,0,5552,2713,102,8367,0.017545,2.67
6393_memo,0,5240,2344,62,7646,0.015305,2.33
6394_memo,0,9658,7933,77,17668,0.046086,7.01
6395_memo,0,5621,2814,84,8519,0.018003,2.74
6396_memo,0,5826,2983,72,8881,0.018916,2.88
6397_memo,0,5190,2221,86,7497,0.014779,2.25
6398_memo,0,5796,2807,216,8819,0.018738,2.85
6400_memo,0,4786,1696,67,6549,0.011806,1.79
6401_memo,0,8576,6733,62,15371,0.039335,5.98
6402_memo,0,6507,3986,73,10566,0.024362,3.7
6403_memo,0,4697,1527,72,6296,0.010931,1.66
6405_memo,0,5741,3294,67,9102,0.020393,3.1
6406_memo,0,4675,1633,103,6411,0.011602,1.76
6407_memo,0,7776,6037,99,13912,0.03554,5.4
6408_memo,0,4644,1472,64,6180,0.010582,1.61
6409_memo,0,5800,2689,121,8610,0.017675,2.69
6410_memo,0,5783,3053,109,8945,0.019424,2.95
6411_memo,0,5413,2274,89,7776,0.015198,2.31
6412_memo,0,4808,1743,111,6662,0.012275,1.87
6413_memo,0,6497,3503,163,10163,0.022391,3.4
6414_memo,0,5032,2161,82,7275,0.01436,2.18
6415_memo,0,5111,2138,140,7389,0.014584,2.22
6416_memo,0,5313,2189,69,7571,0.014611,2.22
6418_memo,0,5391,2558,82,8031,0.016569,2.52
6419_memo,0,4280,1039,67,5386,0.008205,1.25
6420_memo,0,7749,6531,116,14396,0.038078,5.79
6421_memo,0,5947,3342,78,9367,0.020817,3.16
6423_memo,0,6739,4262,89,11090,0.025967,3.95
6424_memo,0,5824,3386,64,9274,0.02089,3.18
6425_memo,0,4998,2021,98,7117,0.013719,2.09
6426_memo,0,4644,1538,85,6267,0.011017,1.67
6427_memo,0,6008,3326,67,9401,0.02072,3.15
6428_memo,0,5324,2375,71,7770,0.015557,2.36
6429_memo,0,6471,3842,86,10399,0.023684,3.6
6430_memo,0,5189,2246,74,7509,0.014843,2.26
6431_memo,0,4983,2107,108,7198,0.014189,2.16
6432_memo,0,4770,1732,77,6579,0.012026,1.83
6433_memo,0,4570,1411,103,6084,0.010426,1.58
6434_memo,0,5455,2658,124,8237,0.017319,2.63
6435_memo,0,4518,1352,105,5975,0.010109,1.54
6436_memo,0,4179,917,67,5163,0.007532,1.14
6437_memo,0,4308,1174,85,5567,0.008987,1.37
6439_memo,0,5442,2643,85,8170,0.017041,2.59
6440_memo,0,4961,1948,67,6976,0.013176,2.0
6441_memo,0,6057,3251,114,9422,0.020611,3.13
6442_memo,0,5747,2892,93,8732,0.018517,2.81
6443_memo,0,4646,1816,85,6547,0.012409,1.89
6444_memo,0,4845,1737,89,6671,0.012158,1.85
6445_memo,0,4996,2100,73,7169,0.013987,2.13
6446_memo,0,5443,2634,116,8193,0.017152,2.61
6447_memo,0,4707,1672,62,6441,0.011612,1.77
6448_memo,0,5317,2184,123,7624,0.014858,2.26
6449_memo,0,5428,2498,102,8028,0.016392,2.49
6450_memo,0,4143,958,78,5179,0.007769,1.18
6451_memo,0,5098,2048,69,7215,0.013771,2.09
6452_memo,0,4783,1725,59,6567,0.011909,1.81
6453_memo,0,4669,1601,86,6356,0.011353,1.73
6454_memo,0,4827,1833,71,6731,0.012537,1.91
6455_memo,0,5712,2947,62,8721,0.018615,2.83
6456_memo,0,6529,4088,98,10715,0.025011,3.8
6457_memo,0,5558,2439,102,8099,0.016179,2.46
6458_memo,0,5597,2744,71,8412,0.017573,2.67
6459_memo,0,4816,1678,58,6552,0.01169,1.78
6460_memo,0,6016,3095,101,9212,0.01974,3.0
6462_memo,0,5306,2343,86,7735,0.015461,2.35
6463_memo,0,5101,2106,64,7271,0.014038,2.13
6464_memo,0,5003,1862,135,7000,0.013112,1.99
6465_memo,0,5473,2423,85,7981,0.015961,2.43
6466_memo,0,4763,1678,62,6503,0.011677,1.77
6467_memo,0,4658,1594,64,6316,0.011201,1.7
6468_memo,0,4739,1543,86,6368,0.011107,1.69
6469_memo,0,4468,1311,102,5881,0.009857,1.5
6470_memo,0,4828,1774,71,6673,0.012242,1.86
6471_memo,0,8081,6041,62,14184,0.035566,5.41
6472_memo,0,6049,3345,69,9463,0.020851,3.17
6473_memo,0,6008,3248,70,9326,0.020345,3.09
6475_memo,0,4931,1904,88,6923,0.013042,1.98
6476_memo,0,6071,3480,73,9624,0.021559,3.28
6477_memo,0,5567,2748,99,8414,0.017714,2.69
6478_memo,0,6487,3617,92,10196,0.022599,3.44
6479_memo,0,5577,2584,64,8225,0.016726,2.54
6480_memo,0,4465,1228,67,5760,0.009266,1.41
6481_memo,0,5502,2531,125,8158,0.016719,2.54
6482_memo,0,4909,1847,89,6845,0.012748,1.94
6483_memo,0,4310,1101,92,5503,0.008659,1.32
6484_memo,0,4887,1874,71,6832,0.012779,1.94
6485_memo,0,5235,2218,102,7555,0.014872,2.26
6486_memo,0,5506,2550,107,8163,0.016726,2.54
6487_memo,0,9816,7984,72,17872,0.046415,7.06
6489_memo,0,7767,5192,102,13061,0.031324,4.76
6490_memo,0,5806,2803,62,8671,0.017954,2.73
6491_memo,0,4808,1639,61,6508,0.011505,1.75
6492_memo,0,4472,1213,118,5803,0.00945,1.44
6493_memo,0,5632,2742,73,8447,0.017595,2.67
6494_memo,0,4545,1311,81,5937,0.009801,1.49
6495_memo,0,4401,1298,82,5781,0.009651,1.47
6496_memo,0,6361,3616,102,10079,0.022566,3.43
6497_memo,0,5789,2730,119,8638,0.017863,2.72
6498_memo,0,5273,2278,68,7619,0.015026,2.28
6499_memo,0,6359,3842,93,10294,0.023649,3.59
6500_memo,0,6139,3470,64,9673,0.021507,3.27
6501_memo,0,5267,2282,68,7617,0.015042,2.29
6502_memo,0,6265,3523,118,9906,0.022121,3.36
6503_memo,0,7417,4851,96,12364,0.029371,4.46
6504_memo,0,6661,4325,86,11072,0.026218,3.99
6505_memo,0,5702,2816,64,8582,0.017964,2.73
6506_memo,0,8024,5805,73,13902,0.034405,5.23
6507_memo,0,5349,2147,112,7608,0.014638,2.22
6508_memo,0,5270,2200,100,7570,0.014794,2.25
6509_memo,0,5141,2037,67,7245,0.013733,2.09
6510_memo,0,5314,2311,71,7696,0.015231,2.32
6511_memo,0,5184,2148,103,7435,0.014495,2.2
6512_memo,0,6921,4838,73,11832,0.028881,4.39
6513_memo,0,5526,2490,61,8077,0.016209,2.46
6514_memo,0,5420,2394,106,7920,0.015888,2.41
6515_memo,0,7027,4889,73,11989,0.029202,4.44
6516_memo,0,4462,1332,88,5882,0.009889,1.5
6517_memo,0,4626,1561,113,6300,0.011261,1.71
6518_memo,0,5294,2322,71,7687,0.015274,2.32
6519_memo,0,7345,5119,102,12566,0.030696,4.67
6520_memo,0,5666,2591,71,8328,0.016851,2.56
6522_memo,0,5786,3113,86,8985,0.019611,2.98
6523_memo,0,6040,3116,102,9258,0.019865,3.02
6524_memo,0,5250,2043,69,7362,0.013841,2.1
6525_memo,0,4454,1402,71,5927,0.010149,1.54
6526_memo,0,6176,3547,83,9806,0.02201,3.35
6527_memo,0,4670,1555,199,6424,0.011689,1.78
6528_memo,0,8138,6752,86,14976,0.039276,5.97
6529_memo,0,5108,2110,113,7331,0.014308,2.17
6530_memo,0,4703,1606,76,6385,0.011349,1.73
6531_memo,0,7094,4378,102,11574,0.026834,4.08
6532_memo,0,5313,2222,77,7612,0.014816,2.25
6533_memo,0,4850,1804,64,6718,0.012371,1.88
6534_memo,0,4912,1768,62,6742,0.01222,1.86
6535_memo,0,5368,2624,86,8078,0.016905,2.57
6536_memo,0,6485,4062,124,10671,0.024983,3.8
6537_memo,0,7562,5234,63,12859,0.031211,4.74
6538_memo,0,7841,5496,66,13403,0.032711,4.97
6539_memo,0,8506,6439,100,15045,0.038011,5.78
6540_memo,0,4805,1626,64,6495,0.011453,1.74
6541_memo,0,5400,2517,162,8079,0.01677,2.55
6542_memo,0,5157,2143,67,7367,0.014273,2.17
6543_memo,0,5576,2692,93,8361,0.01741,2.65
6544_memo,0,8298,5638,90,14026,0.033826,5.14
6545_memo,0,6320,3449,67,9836,0.02153,3.27
6546_memo,0,5031,1906,112,7049,0.013234,2.01
6547_memo,0,4803,1749,73,6625,0.012112,1.84
6548_memo,0,5507,2533,74,8114,0.016477,2.5
6549_memo,0,5117,2096,102,7315,0.014188,2.16
6550_memo,0,5309,2536,71,7916,0.016353,2.49
6552_memo,0,8799,6771,133,15703,0.040019,6.08
6553_memo,0,4436,1313,67,5816,0.009673,1.47
6554_memo,0,15893,15633,200,31726,0.089098,13.54
6555_memo,0,6034,3384,86,9504,0.021121,3.21
6556_memo,0,3960,624,74,4658,0.005965,0.91
6557_memo,0,4073,695,167,4935,0.006856,1.04
6559_memo,0,4096,799,63,4958,0.00687,1.04
6560_memo,0,6270,3849,66,10185,0.023494,3.57
6561_memo,0,4413,1234,67,5714,0.009263,1.41
6562_memo,0,5084,2144,71,7299,0.014252,2.17
6563_memo,0,4271,979,59,5309,0.007859,1.19
6564_memo,0,4498,1550,97,6145,0.011046,1.68
6565_memo,0,4315,1178,87,5580,0.009022,1.37
6566_memo,0,5415,2519,77,8011,0.016364,2.49
6567_memo,0,4504,1280,63,5847,0.00953,1.45
6568_memo,0,6792,4618,64,11474,0.027655,4.2
6569_memo,0,4031,641,51,4723,0.005979,0.91
6570_memo,0,5764,2953,71,8788,0.018723,2.85
6571_memo,0,8130,5500,73,13703,0.032946,5.01
6572_memo,0,4723,1588,85,6396,0.011317,1.72
6573_memo,0,5182,2152,89,7423,0.014444,2.2
6574_memo,0,4340,1112,105,5557,0.008797,1.34
6575_memo,0,3996,653,179,4828,0.006658,1.01
6576_memo,0,4520,1341,67,5928,0.009865,1.5
6577_memo,0,4498,1229,86,5813,0.009386,1.43
6578_memo,0,4835,1783,124,6742,0.012557,1.91
6579_memo,0,4407,1124,99,5630,0.008869,1.35
6580_memo,0,4417,1265,87,5769,0.009521,1.45
6581_memo,0,5627,2904,35,8566,0.018212,2.77
6582_memo,0,5012,1984,101,7097,0.013558,2.06
6583_memo,0,4773,1812,67,6652,0.012378,1.88
6584_memo,0,19727,20044,86,39857,0.112979,17.17
6585_memo,0,16855,16569,102,33526,0.093889,14.27
6586_memo,0,12367,11243,89,23699,0.064389,9.79
6587_memo,0,19281,19238,71,38590,0.108596,16.51
6588_memo,0,5644,2914,71,8629,0.018453,2.8
6589_memo,0,5367,2407,104,7878,0.015909,2.42
6590_memo,0,4849,1789,100,6738,0.012476,1.9
6591_memo,0,6059,3277,62,9398,0.020482,3.11
6592_memo,0,11406,10216,99,21721,0.058704,8.92
6593_memo,0,9400,7886,74,17360,0.045675,6.94
6594_memo,0,10345,8371,76,18792,0.048701,7.4
6595_memo,0,9287,7612,65,16964,0.044189,6.72
6596_memo,0,12411,11400,71,23882,0.065112,9.9
6597_memo,0,12156,10811,74,23041,0.062023,9.43
6598_memo,0,10784,9815,117,20716,0.0564,8.57
6599_memo,0,9906,8464,90,18460,0.048961,7.44
6600_memo,0,11239,9424,87,20750,0.054579,8.3
6601_memo,0,9433,7168,104,16705,0.042256,6.42
6602_memo,0,6792,4292,86,11170,0.026135,3.97
6603_memo,0,10826,9847,106,20779,0.056531,8.59
6604_memo,0,9364,7773,65,17202,0.045042,6.85
6605_memo,0,9768,7753,78,17599,0.04526,6.88
6606_memo,0,13646,12588,65,26299,0.071794,10.91
6607_memo,0,8787,6394,98,15279,0.037952,5.77
6608_memo,0,9370,7925,89,17384,0.045926,6.98
6609_memo,0,10300,8408,71,18779,0.048833,7.42
6610_memo,0,11268,10078,94,21440,0.057903,8.8
6611_memo,0,9992,8504,79,18575,0.04916,7.47
6612_memo,0,9633,7409,97,17139,0.043551,6.62
6613_memo,0,7292,4808,62,12162,0.028907,4.39
6614_memo,0,10098,8695,83,18876,0.050201,7.63
6615_memo,0,12180,10882,73,23135,0.062387,9.48
6616_memo,0,10549,8391,78,19018,0.048938,7.44
6617_memo,0,10400,9532,71,20003,0.054515,8.29
6618_memo,0,9408,7050,100,16558,0.04163,6.33
6619_memo,0,6698,4039,72,10809,0.024741,3.76
6620_memo,0,9749,7881,74,17704,0.045868,6.97
6621_memo,0,9479,7786,64,17329,0.045174,6.87
6622_memo,0,14919,14637,102,29658,0.083019,12.62
6746_memo,0,4850,1711,89,6650,0.012031,1.83
6747_memo,0,5495,2561,71,8127,0.016594,2.52
6749_memo,0,4914,2004,68,6986,0.013431,2.04
6750_memo,0,8498,6683,72,15253,0.039086,5.94
6751_memo,0,4942,1770,103,6815,0.012454,1.89
6752_memo,0,5826,2802,72,8700,0.018011,2.74
6753_memo,0,7011,4125,96,11232,0.025487,3.87
6754_memo,0,5540,2740,74,8354,0.017532,2.66
6756_memo,0,5199,2304,73,7576,0.015134,2.3
6757_memo,0,6787,4303,76,11166,0.026137,3.97
6758_memo,0,6015,3352,71,9438,0.020874,3.17
6759_memo,0,7694,5240,86,13020,0.031439,4.78
6760_memo,0,6107,3380,62,9549,0.021027,3.2
6761_memo,0,5352,2257,73,7682,0.014995,2.28
6763_memo,0,6095,3494,100,9689,0.021779,3.31
6764_memo,0,5198,2332,126,7656,0.015539,2.36
6765_memo,0,4583,1431,58,6072,0.010309,1.57
6766_memo,0,5680,2898,64,8642,0.01836,2.79
6767_memo,0,7496,5634,146,13276,0.033585,5.1
6768_memo,0,5290,2389,71,7750,0.015606,2.37
6769_memo,0,7524,5983,102,13609,0.035127,5.34
6770_memo,0,5012,2086,100,7198,0.014063,2.14
6772_memo,0,5117,2186,97,7400,0.014613,2.22
6773_memo,0,5840,3113,72,9025,0.019575,2.98
6774_memo,0,5828,3276,71,9175,0.020377,3.1
6775_memo,0,6712,3965,123,10800,0.024635,3.74
6776_memo,0,8889,6791,77,15757,0.039896,6.06
6777_memo,0,6658,4183,96,10937,0.025556,3.88
6778_memo,0,5051,2067,103,7221,0.014007,2.13
6780_memo,0,6690,4074,90,10854,0.025001,3.8
6781_memo,0,5595,2513,67,8175,0.016397,2.49
6782_memo,0,4317,1063,85,5465,0.008438,1.28
6783_memo,0,7199,4638,102,11939,0.028199,4.29
6784_memo,0,6610,3880,99,10589,0.024026,3.65
6785_memo,0,4707,1571,68,6346,0.011137,1.69
6786_memo,0,6293,3698,90,10081,0.022873,3.48
6787_memo,0,6214,3652,161,10027,0.022949,3.49
6789_memo,0,6992,4682,65,11739,0.028105,4.27
6791_memo,0,5920,3052,102,9074,0.01947,2.96
6792_memo,0,5815,3088,69,8972,0.019419,2.95
6793_memo,0,5808,2877,124,8809,0.018635,2.83
6794_memo,0,5535,2601,86,8222,0.016894,2.57
6795_memo,0,4760,1704,87,6551,0.01193,1.81
6796_memo,0,5284,2349,69,7702,0.015392,2.34
6797_memo,0,6114,3318,67,9499,0.020746,3.15
6798_memo,0,5437,2536,100,8073,0.016578,2.52
6799_memo,0,5930,3278,142,9350,0.020806,3.16
6800_memo,0,5080,2014,69,7163,0.01359,2.07
6801_memo,0,7886,5297,71,13254,0.031769,4.83
6802_memo,0,7270,4741,89,12100,0.028694,4.36
6804_memo,0,5376,2474,73,7923,0.016095,2.45
6805_memo,0,4980,1949,67,6996,0.013192,2.01
6806_memo,0,4851,1877,73,6801,0.012782,1.94
6807_memo,0,6939,4321,71,11331,0.026297,4.0
6808_memo,0,4971,1966,112,7049,0.013497,2.05
6809_memo,0,4748,1663,67,6478,0.011617,1.77
6811_memo,0,7698,5519,126,13343,0.033036,5.02
6812_memo,0,5776,2972,62,8810,0.01878,2.85
6813_memo,0,4857,1773,72,6702,0.012261,1.86
6814_memo,0,9039,6698,102,15839,0.039649,6.03
6815_memo,0,7251,4648,73,11972,0.028137,4.28
6817_memo,0,5457,2465,82,8004,0.016146,2.45
6818_memo,0,5010,1975,72,7057,0.013366,2.03
6819_memo,0,6304,3439,126,9869,0.021765,3.31
6820_memo,0,5839,3000,52,8891,0.018909,2.87
6821_memo,0,4574,1461,85,6120,0.010589,1.61
6822_memo,0,5711,2735,72,8518,0.017604,2.68
6823_memo,0,7550,5103,121,12774,0.030839,4.69
6824_memo,0,5901,3266,57,9224,0.020303,3.09
6825_memo,0,5033,1929,93,7055,0.013256,2.01
6827_memo,0,7857,5672,83,13612,0.033686,5.12
6828_memo,0,7402,5019,73,12494,0.030086,4.57
6829_memo,0,7384,5310,64,12758,0.031485,4.79
6830_memo,0,7401,4906,67,12374,0.029491,4.48
6831_memo,0,5247,2520,61,7828,0.016184,2.46
6832_memo,0,7164,4567,100,11831,0.027813,4.23
6833_memo,0,5627,2613,78,8318,0.016972,2.58
6834_memo,0,5381,2466,102,7949,0.016203,2.46
6836_memo,0,7013,4220,67,11300,0.025818,3.92
6837_memo,0,5033,1971,75,7079,0.013376,2.03
6838_memo,0,5265,2233,62,7560,0.014766,2.24
6839_memo,0,4638,1600,67,6305,0.011234,1.71
6841_memo,0,5431,2588,139,8158,0.017029,2.59
6842_memo,0,6224,3982,97,10303,0.024285,3.69
6843_memo,0,5361,2555,114,8030,0.016696,2.54
6844_memo,0,5190,2124,73,7387,0.014229,2.16
6845_memo,0,5551,2643,67,8261,0.017019,2.59
6846_memo,0,4599,1476,89,6164,0.010699,1.63
6848_memo,0,4713,1604,96,6413,0.011446,1.74
6849_memo,0,4951,1936,117,7004,0.013359,2.03
6850_memo,0,4737,1736,69,6542,0.011986,1.82
6851_memo,0,5288,2368,73,7729,0.01551,2.36
6852_memo,0,5177,2219,62,7458,0.014641,2.23
6853_memo,0,6338,3909,78,10325,0.023896,3.63
6854_memo,0,5405,2409,84,7898,0.015843,2.41
6855_memo,0,4657,1728,97,6482,0.012036,1.83
6857_memo,0,7055,4612,70,11737,0.027819,4.23
6858_memo,0,8510,6177,105,14792,0.036729,5.58
6859_memo,0,5879,2944,73,8896,0.018759,2.85
6860_memo,0,5257,2267,72,7596,0.014981,2.28
6861_memo,0,7954,5584,82,13620,0.033301,5.06
6862_memo,0,5607,2764,62,8433,0.017634,2.68
6863_memo,0,5346,2334,67,7747,0.015346,2.33
6864_memo,0,4713,1527,86,6326,0.011011,1.67
6865_memo,0,4840,1734,56,6630,0.011975,1.82
6866_memo,0,5172,2096,73,7341,0.014077,2.14
6867_memo,0,6014,3201,62,9277,0.020074,3.05
6869_memo,0,5068,2012,71,7151,0.013583,2.06
6870_memo,0,5199,2111,71,7381,0.014159,2.15
6871_memo,0,4688,1625,101,6414,0.01156,1.76
6872_memo,0,5520,2960,115,8595,0.018825,2.86
6873_memo,0,6480,3678,133,10291,0.023105,3.51
6874_memo,0,6805,4186,102,11093,0.025693,3.91
6875_memo,0,5120,2125,83,7328,0.01424,2.16
6876_memo,0,4719,1646,63,6428,0.011494,1.75
6877_memo,0,6514,3820,72,10406,0.023531,3.58
6878_memo,0,4975,1870,104,6949,0.012979,1.97
6879_memo,0,5297,2286,85,7668,0.015166,2.31
6880_memo,0,5414,2381,78,7873,0.015679,2.38
6881_memo,0,5200,2192,102,7494,0.01472,2.24
6882_memo,0,5688,2670,99,8457,0.0174,2.64
6883_memo,0,6302,3592,71,9965,0.022254,3.38
6884_memo,0,6463,3861,73,10397,0.023709,3.6
6885_memo,0,4873,1826,103,6802,0.012691,1.93
6886_memo,0,6133,3399,71,9603,0.021183,3.22
6887_memo,0,8461,6208,71,14740,0.036683,5.58
6888_memo,0,6061,3147,62,9270,0.019833,3.01
6889_memo,0,5493,2525,83,8101,0.016473,2.5
6890_memo,0,6762,3949,74,10785,0.024341,3.7
6891_memo,0,8169,6378,69,14616,0.037341,5.68
6892_memo,0,6350,3654,73,10077,0.022604,3.44
6893_memo,0,7508,5841,119,13468,0.034493,5.24
6894_memo,0,5911,3277,62,9250,0.020389,3.1
6895_memo,0,5162,2182,100,7444,0.014636,2.22
6896_memo,0,4706,1671,86,6463,0.011726,1.78
6897_memo,0,5780,2946,115,8841,0.018918,2.88
6898_memo,0,6673,3871,99,10643,0.024021,3.65
6899_memo,0,5335,2494,84,7913,0.016224,2.47
6900_memo,0,5301,2252,67,7620,0.014908,2.27
6901_memo,0,6319,3397,147,9863,0.021669,3.29
6902_memo,0,6564,4463,89,11116,0.026862,4.08
6903_memo,0,4703,1580,71,6354,0.011194,1.7
6904_memo,0,5415,2408,62,7885,0.015734,2.39
6905_memo,0,6543,3527,69,10139,0.022069,3.35
6906_memo,0,5071,2028,71,7170,0.013664,2.08
6907_memo,0,5365,2369,67,7801,0.015533,2.36
6908_memo,0,6072,3367,71,9510,0.020985,3.19
6910_memo,0,4726,1521,82,6329,0.010969,1.67
6911_memo,0,5518,2543,102,8163,0.016674,2.53
6912_memo,0,7397,5137,71,12605,0.030663,4.66
6913_memo,0,5432,2403,100,7935,0.01591,2.42
6914_memo,0,6417,3883,64,10364,0.023746,3.61
6915_memo,0,8062,6002,71,14135,0.035404,5.38
6916_memo,0,5375,2495,100,7970,0.016334,2.48
6917_memo,0,4552,1412,69,6033,0.01025,1.56
6918_memo,0,5260,2389,72,7721,0.015593,2.37
6919_memo,0,7888,5476,103,13467,0.032825,4.99
6920_memo,0,5000,1797,63,6860,0.012425,1.89
6921_memo,0,5073,1998,69,7140,0.013506,2.05
6922_memo,0,4427,1177,89,5693,0.009097,1.38
6923_memo,0,5253,2282,104,7639,0.015213,2.31
6924_memo,0,6396,3692,90,10178,0.022908,3.48
6925_memo,0,6193,3272,75,9540,0.020606,3.13
6926_memo,0,5416,2403,75,7894,0.015775,2.4
6927_memo,0,6296,3499,102,9897,0.02194,3.33
6928_memo,0,6088,3521,106,9715,0.02194,3.33
6929_memo,0,4795,1725,67,6587,0.011957,1.82
6930_memo,0,5338,2175,100,7613,0.014711,2.24
6931_memo,0,5555,2679,102,8336,0.017377,2.64
6932_memo,0,6902,3684,71,10657,0.023089,3.51
6933_memo,0,6968,4353,86,11407,0.02655,4.04
6934_memo,0,4918,1893,78,6889,0.012929,1.97
6935_memo,0,4786,1560,89,6435,0.011236,1.71
6936_memo,0,5694,2789,66,8549,0.017834,2.71
6938_memo,0,5773,2881,74,8728,0.018383,2.79
6939_memo,0,4522,1400,62,5984,0.010136,1.54
6940_memo,0,5207,2462,117,7786,0.016149,2.45
6941_memo,0,8159,5860,71,14090,0.034754,5.28
6942_memo,0,5954,3294,73,9321,0.020556,3.12
6943_memo,0,4993,1847,99,6939,0.012851,1.95
6944_memo,0,6863,4356,71,11290,0.026424,4.02
6945_memo,0,5687,2585,103,8375,0.016994,2.58
6946_memo,0,5234,2379,63,7676,0.015481,2.35
6947_memo,0,6127,3287,86,9500,0.020694,3.15
6948_memo,0,4952,1963,100,7015,0.01341,2.04
6949_memo,0,6497,3828,67,10392,0.023536,3.58
6950_memo,0,6487,3724,87,10298,0.023109,3.51
6951_memo,0,4693,1572,69,6334,0.011138,1.69
6952_memo,0,5034,2119,102,7255,0.014251,2.17
6953_memo,0,4604,1437,114,6155,0.010632,1.62
6954_memo,0,5015,1976,89,7080,0.013459,2.05
6955_memo,0,5206,2111,140,7457,0.014509,2.21
6956_memo,0,8297,6068,73,14438,0.035891,5.46
6957_memo,0,8138,5960,71,14169,0.035241,5.36
6958_memo,0,5035,2003,69,7107,0.013507,2.05
6959_memo,0,6894,4074,99,11067,0.025174,3.83
6960_memo,0,4949,1919,143,7011,0.013403,2.04
6961_memo,0,4937,1937,99,6973,0.013266,2.02
6962_memo,0,7389,4776,67,12232,0.028833,4.38
6963_memo,0,4773,1703,83,6559,0.011913,1.81
6964_memo,0,5031,2012,63,7106,0.013519,2.05
6965_memo,0,7219,4500,102,11821,0.027522,4.18
6966_memo,0,7042,4466,102,11610,0.027241,4.14
6967_memo,0,6848,4292,73,11213,0.026105,3.97
6968_memo,0,8586,6914,70,15570,0.040286,6.12
6969_memo,0,5318,2247,72,7637,0.014919,2.27
6970_memo,0,5304,2187,87,7578,0.014685,2.23
6971_memo,0,5401,2432,73,7906,0.015901,2.42
6972_memo,0,5309,2306,102,7717,0.015358,2.33
6973_memo,0,4829,1804,71,6704,0.012393,1.88
6974_memo,0,6495,3597,71,10163,0.022399,3.4
6975_memo,0,5365,2502,67,7934,0.016198,2.46
6976_memo,0,4989,1975,86,7050,0.013423,2.04
6977_memo,0,6730,4066,75,10871,0.024911,3.79
6978_memo,0,4783,1804,102,6689,0.012519,1.9
6979_memo,0,7696,5748,107,13551,0.034085,5.18
6980_memo,0,4959,1970,71,7000,0.013304,2.02
6981_memo,0,5512,2636,102,8250,0.017135,2.6
6982_memo,0,7387,4903,86,12376,0.029562,4.49
6983_memo,0,5616,2999,62,8677,0.018815,2.86
6623_memo,0,10743,8832,69,19644,0.051219,7.79
6624_memo,0,8307,5971,97,14375,0.035532,5.4
6625_memo,0,10200,8114,107,18421,0.04748,7.22
6626_memo,0,10409,8872,73,19354,0.051231,7.79
6627_memo,0,8658,6426,98,15182,0.038031,5.78
6628_memo,0,14039,13923,74,28036,0.078759,11.97
6629_memo,0,10093,9117,150,19360,0.052643,8.0
6630_memo,0,10023,8239,72,18334,0.047819,7.27
6631_memo,0,11697,11016,127,22840,0.063026,9.58
6632_memo,0,14782,14096,62,28940,0.080029,12.16
6633_memo,0,13435,12830,73,26338,0.072912,11.08
6634_memo,0,11376,9797,164,21337,0.056915,8.65
6635_memo,0,5981,3152,86,9219,0.019928,3.03
6636_memo,0,10666,9346,140,20152,0.054096,8.22
6637_memo,0,7347,4877,71,12295,0.029332,4.46
6638_memo,0,6684,4018,75,10777,0.024643,3.75
6639_memo,0,6740,3882,71,10693,0.023977,3.64
6641_memo,0,6078,3319,86,9483,0.020824,3.17
6642_memo,0,6724,3967,94,10785,0.024508,3.73
6643_memo,0,5397,2577,102,8076,0.016768,2.55
6645_memo,0,7769,5581,89,13439,0.033206,5.05
6646_memo,0,7324,4855,102,12281,0.029362,4.46
6647_memo,0,6422,3634,86,10142,0.022614,3.44
6648_memo,0,5732,2995,67,8794,0.018892,2.87
6649_memo,0,7476,5016,69,12561,0.030097,4.57
6650_memo,0,5754,2774,71,8599,0.017821,2.71
6651_memo,0,6732,4127,117,10976,0.025428,3.86
6652_memo,0,8064,5497,67,13628,0.03286,4.99
6653_memo,0,6414,3774,62,10250,0.023189,3.52
6654_memo,0,6086,3346,89,9521,0.020979,3.19
6655_memo,0,5433,2465,103,8001,0.016236,2.47
6656_memo,0,7055,4702,94,11851,0.028389,4.32
6657_memo,0,8779,6841,64,15684,0.040012,6.08
6658_memo,0,5988,3096,73,9157,0.019587,2.98
6659_memo,0,6043,3343,101,9487,0.020997,3.19
6660_memo,0,5327,2467,85,7879,0.016089,2.45
6661_memo,0,6752,3436,102,10290,0.02191,3.33
6662_memo,0,7110,4563,92,11765,0.027719,4.21
6663_memo,0,4757,1639,67,6463,0.011503,1.75
6664_memo,0,6158,3625,101,9884,0.022479,3.42
6665_memo,0,7660,6076,72,13808,0.035528,5.4
6666_memo,0,7783,5881,86,13750,0.034699,5.27
6667_memo,0,6385,3749,61,10195,0.023041,3.5
6668_memo,0,8344,6274,111,14729,0.03714,5.65
6669_memo,0,6505,3774,78,10357,0.023326,3.55
6670_memo,0,7725,5153,86,12964,0.031023,4.72
6671_memo,0,5236,2022,85,7343,0.013808,2.1
6672_memo,0,7176,4638,75,11889,0.02805,4.26
6673_memo,0,6089,3080,98,9267,0.019696,2.99
6674_memo,0,6868,4230,82,11180,0.025853,3.93
6675_memo,0,5960,3231,62,9253,0.02019,3.07
6676_memo,0,5748,2860,86,8694,0.018322,2.79
6677_memo,0,6866,4528,73,11467,0.027296,4.15
6678_memo,0,5277,2172,101,7550,0.014663,2.23
6679_memo,0,5825,3011,72,8908,0.019056,2.9
6680_memo,0,5324,2520,71,7915,0.016282,2.47
6681_memo,0,7613,4960,85,12658,0.029983,4.56
6682_memo,0,5488,2474,67,8029,0.016135,2.45
6683_memo,0,7617,5448,71,13136,0.032356,4.92
6684_memo,0,5110,2102,62,7274,0.014014,2.13
6685_memo,0,5466,2632,89,8187,0.017021,2.59
6686_memo,0,5710,2890,72,8672,0.018379,2.79
6687_memo,0,6742,4566,62,11370,0.027354,4.16
6688_memo,0,6193,3388,99,9680,0.021306,3.24
6689_memo,0,7968,5516,71,13555,0.032915,5.0
6690_memo,0,12482,11467,117,24066,0.065721,9.99
6691_memo,0,5933,3125,108,9166,0.019873,3.02
6692_memo,0,8024,5843,74,13941,0.0346,5.26
6693_memo,0,5137,2085,67,7289,0.013971,2.12
6694_memo,0,6423,3901,84,10408,0.023939,3.64
6695_memo,0,7118,4444,116,11678,0.027249,4.14
6696_memo,0,8824,6799,80,15703,0.03991,6.07
6697_memo,0,9544,7256,116,16916,0.042825,6.51
6698_memo,0,9415,7501,93,17009,0.043854,6.67
6699_memo,0,6402,3572,71,10045,0.022216,3.38
6700_memo,0,6539,4207,99,10845,0.025617,3.89
6701_memo,0,6871,4363,71,11305,0.026464,4.02
6702_memo,0,6881,4711,116,11708,0.028436,4.32
6703_memo,0,7066,4711,62,11839,0.028281,4.3
6704_memo,0,8391,6005,99,14495,0.035764,5.44
6705_memo,0,5506,2660,86,8252,0.017171,2.61
6706_memo,0,7017,4502,71,11590,0.027251,4.14
6707_memo,0,7635,5428,98,13161,0.032402,4.93
6708_memo,0,6861,4356,100,11317,0.026568,4.04
6709_memo,0,6525,3817,64,10406,0.023483,3.57
6710_memo,0,7430,5240,65,12735,0.031169,4.74
6711_memo,0,7804,5366,116,13286,0.032287,4.91
6712_memo,0,6869,4242,62,11173,0.025813,3.92
6713_memo,0,6936,4327,67,11330,0.026305,4.0
6714_memo,0,5998,3336,85,9419,0.020854,3.17
6715_memo,0,6773,4201,102,11076,0.025748,3.91
6716_memo,0,5161,2181,67,7409,0.014466,2.2
6717_memo,0,6776,4152,89,11017,0.02544,3.87
6718_memo,0,6638,3971,115,10724,0.024579,3.74
6719_memo,0,9922,7945,98,17965,0.046416,7.06
6720_memo,0,8643,6590,79,15312,0.038747,5.89
6721_memo,0,7094,4582,86,11762,0.027774,4.22
6722_memo,0,6176,3500,86,9762,0.02179,3.31
6723_memo,0,5283,2403,69,7755,0.015662,2.38
6724_memo,0,4809,1746,169,6724,0.012581,1.91
6725_memo,0,6310,3676,62,10048,0.022634,3.44
6726_memo,0,9530,7282,112,16924,0.042926,6.52
6727_memo,0,7735,5534,99,13368,0.032999,5.02
6728_memo,0,6959,4456,71,11486,0.026984,4.1
6729_memo,0,6069,3379,69,9517,0.021033,3.2
6730_memo,0,7018,5364,74,12456,0.031576,4.8
6731_memo,0,5938,3234,89,9261,0.020326,3.09
6732_memo,0,7239,4557,119,11915,0.027904,4.24
6733_memo,0,5843,2907,89,8839,0.018632,2.83
6734_memo,0,5313,2366,84,7763,0.015571,2.37
6735_memo,0,5015,1946,67,7028,0.013199,2.01
6736_memo,0,5941,3221,124,9286,0.020438,3.11
6737_memo,0,5000,1907,102,7009,0.01317,2.0
6738_memo,0,4572,1409,74,6055,0.010273,1.56
6739_memo,0,7161,4794,62,12017,0.028756,4.37
6740_memo,0,6769,4264,83,11116,0.025966,3.95
6741_memo,0,5473,2552,86,8111,0.016611,2.52
6743_memo,0,6298,3761,62,10121,0.023051,3.5
6744_memo,0,5328,2478,67,7873,0.016055,2.44
6745_memo,0,5934,3010,72,9016,0.019119,2.91
6984_memo,0,4926,2035,102,7063,0.013764,2.09
6985_memo,0,4751,1604,62,6417,0.011299,1.72
6986_memo,0,5149,2374,73,7596,0.015453,2.35
6987_memo,0,5936,3037,71,9044,0.01925,2.93
6988_memo,0,5539,2487,67,8093,0.016232,2.47
6989_memo,0,5141,2350,62,7553,0.015273,2.32
6990_memo,0,5520,2886,109,8515,0.018425,2.8
6991_memo,0,5450,2553,87,8090,0.016606,2.52
6992_memo,0,6240,3561,84,9885,0.022125,3.36
6993_memo,0,5164,2227,85,7476,0.014787,2.25
6994_memo,0,5055,1998,71,7124,0.013504,2.05
6995_memo,0,5414,2370,105,7889,0.015759,2.4
6996_memo,0,7037,4921,118,12076,0.029593,4.5
6997_memo,0,5142,2218,69,7429,0.014649,2.23
6998_memo,0,4475,1248,85,5808,0.009462,1.44
6999_memo,0,4922,1799,69,6790,0.012416,1.89
7000_memo,0,4891,1842,76,6809,0.012647,1.92
7001_memo,0,9222,7352,73,16647,0.042889,6.52
7002_memo,0,9008,6774,73,15855,0.039865,6.06
7003_memo,0,4665,1599,62,6326,0.011221,1.71
7004_memo,0,7657,5477,64,13198,0.032491,4.94
7005_memo,0,4870,1899,71,6840,0.012894,1.96
7006_memo,0,6216,3380,72,9668,0.021145,3.21
7007_memo,0,6685,4087,74,10846,0.024983,3.8
7008_memo,0,4965,1935,77,6977,0.013163,2.0
7009_memo,0,4686,1586,157,6429,0.011644,1.77
7010_memo,0,6523,3721,142,10386,0.023392,3.56
7011_memo,0,4895,1930,74,6899,0.013079,1.99
7012_memo,0,4666,1523,106,6295,0.011061,1.68
7013_memo,0,5636,2821,67,8524,0.017962,2.73
7014_memo,0,7571,5356,85,13012,0.031937,4.85
7015_memo,0,4788,1705,69,6562,0.011862,1.8
7016_memo,0,6401,3646,75,10122,0.022606,3.44
7017_memo,0,5011,1930,71,7012,0.013137,2.0
7018_memo,0,4532,1419,77,6028,0.010312,1.57
7019_memo,0,4619,1471,101,6191,0.010747,1.63
7020_memo,0,4402,1176,100,5678,0.009131,1.39
7021_memo,0,4650,1410,71,6131,0.010311,1.57
7022_memo,0,4604,1535,71,6210,0.010908,1.66
7023_memo,0,4712,1683,113,6508,0.011925,1.81
7024_memo,0,4396,1231,107,5734,0.009437,1.43
7025_memo,0,5134,2136,114,7384,0.014459,2.2
7026_memo,0,4215,1039,69,5323,0.008174,1.24
7027_memo,0,4910,1713,124,6747,0.012254,1.86
7028_memo,0,4384,1136,84,5604,0.00884,1.34
7029_memo,0,6654,4149,99,10902,0.025399,3.86
7030_memo,0,4597,1531,73,6201,0.010893,1.66
7031_memo,0,6224,3328,102,9654,0.02104,3.2
7032_memo,0,5520,2483,102,8105,0.016375,2.49
7033_memo,0,5478,2693,104,8275,0.017409,2.65
7034_memo,0,5621,2734,103,8458,0.017698,2.69
7035_memo,0,5229,2164,89,7482,0.014533,2.21
7036_memo,0,5077,2034,83,7194,0.013758,2.09
7037_memo,0,5729,2860,114,8703,0.018451,2.8
7038_memo,0,6614,3909,64,10587,0.023999,3.65
7039_memo,0,5836,3090,71,8997,0.019453,2.96
7040_memo,0,6310,3508,90,9908,0.021934,3.33
7041_memo,0,5120,2152,82,7354,0.01437,2.18
7042_memo,0,5169,2129,71,7369,0.014231,2.16
7043_memo,0,4882,1752,67,6701,0.012146,1.85
7044_memo,0,5403,2329,155,7887,0.015797,2.4
7045_memo,0,5189,2155,101,7445,0.014523,2.21
7046_memo,0,7446,4971,71,12488,0.029864,4.54
7047_memo,0,4155,891,102,5148,0.007562,1.15
7048_memo,0,5162,2167,62,7391,0.014371,2.18
7049_memo,0,4793,1788,102,6683,0.012446,1.89
7050_memo,0,5823,3134,71,9028,0.019664,2.99
7051_memo,0,6593,3839,109,10541,0.023861,3.63
7052_memo,0,6006,3198,67,9271,0.020079,3.05
7053_memo,0,5920,3317,157,9394,0.02107,3.2
7054_memo,0,4997,1947,98,7042,0.013348,2.03
7055_memo,0,5398,2667,100,8165,0.017209,2.62
7056_memo,0,5731,3048,102,8881,0.019332,2.94
7057_memo,0,6137,3310,71,9518,0.020741,3.15
7058_memo,0,7865,5488,88,13441,0.032796,4.98
7059_memo,0,4413,1302,71,5786,0.009623,1.46
7060_memo,0,7352,5105,71,12528,0.030475,4.63
7061_memo,0,5074,2087,67,7228,0.013941,2.12
7062_memo,0,5635,2669,84,8388,0.017287,2.63
7063_memo,0,5602,3145,72,8819,0.019586,2.98
7064_memo,0,4937,1871,65,6873,0.012766,1.94
7065_memo,0,4452,1206,57,5715,0.009098,1.38
7066_memo,0,5033,2009,103,7145,0.013706,2.08
7067_memo,0,6213,3672,71,9956,0.022598,3.43
7068_memo,0,4797,1590,88,6475,0.011388,1.73
7069_memo,0,5692,2760,94,8546,0.017828,2.71
7070_memo,0,5489,2605,105,8199,0.016981,2.58
7071_memo,0,5013,2029,64,7106,0.013598,2.07
7072_memo,0,4996,1993,100,7089,0.013587,2.07
7073_memo,0,4819,1768,89,6676,0.012297,1.87
7074_memo,0,5921,3157,71,9149,0.019841,3.02
7075_memo,0,4669,1525,125,6319,0.011168,1.7
7076_memo,0,5192,2183,72,7447,0.01452,2.21
7077_memo,0,4733,1638,64,6435,0.011468,1.74
7078_memo,0,5065,2056,68,7189,0.013786,2.1
7079_memo,0,5357,2362,100,7819,0.015658,2.38
7080_memo,0,8320,5721,73,14114,0.03417,5.19
7081_memo,0,5240,2434,123,7797,0.01606,2.44
7082_memo,0,6037,3161,71,9269,0.019933,3.03
7083_memo,0,5235,2432,91,7758,0.015887,2.41
7084_memo,0,4575,1605,100,6280,0.011384,1.73
7085_memo,0,8012,5537,105,13654,0.033218,5.05
7086_memo,0,6765,4382,106,11253,0.026668,4.05
7087_memo,0,5807,2796,64,8667,0.017929,2.73
7088_memo,0,5721,2685,102,8508,0.017511,2.66
7089_memo,0,6828,4262,124,11214,0.026198,3.98
7090_memo,0,7253,5341,102,12696,0.031748,4.83
7091_memo,0,4164,892,69,5125,0.007408,1.13
7092_memo,0,7119,5073,114,12306,0.030384,4.62
7093_memo,0,5165,2214,64,7443,0.014618,2.22
7094_memo,0,4518,1403,85,6006,0.010264,1.56
7095_memo,0,6336,3524,104,9964,0.0221,3.36
7096_memo,0,5086,2009,62,7157,0.013534,2.06
7097_memo,0,6600,3784,86,10470,0.023475,3.57
7098_memo,0,4874,1884,67,6825,0.012801,1.95
7099_memo,0,5564,2835,72,8471,0.018013,2.74
7100_memo,0,4609,1528,67,6204,0.010856,1.65
7101_memo,0,4585,1348,81,6014,0.010011,1.52
7102_memo,0,7025,4373,69,11467,0.026601,4.04
7103_memo,0,5632,2779,97,8508,0.0179,2.72
7104_memo,0,8135,5719,71,13925,0.034034,5.17
7105_memo,0,5289,2318,72,7679,0.015256,2.32
7106_memo,0,5525,2628,140,8293,0.017293,2.63
7107_memo,0,5785,2943,102,8830,0.018841,2.86
7108_memo,0,5322,2361,71,7754,0.015486,2.35
7110_memo,0,6528,3822,71,10421,0.023545,3.58
7111_memo,0,7136,5005,73,12214,0.02985,4.54
7112_memo,0,5130,2131,67,7328,0.014196,2.16
7113_memo,0,4970,2001,71,7042,0.013466,2.05
7114_memo,0,5095,1876,71,7042,0.012919,1.96
7115_memo,0,4864,1641,67,6572,0.01158,1.76
7116_memo,0,4727,1564,64,6355,0.011094,1.69
7117_memo,0,5074,1975,64,7113,0.013366,2.03
7118_memo,0,5018,2062,174,7254,0.014316,2.18
7119_memo,0,4512,1267,71,5850,0.00951,1.45
7120_memo,0,5763,2870,63,8696,0.018267,2.78
7121_memo,0,5050,2055,61,7166,0.013736,2.09
7122_memo,0,5514,2579,106,8199,0.016871,2.56
7123_memo,0,4894,1640,62,6596,0.011569,1.76
7124_memo,0,4791,1787,72,6650,0.012289,1.87
7125_memo,0,6188,3432,116,9736,0.021607,3.28
7126_memo,0,4821,1768,85,6674,0.012278,1.87
7127_memo,0,6461,3722,88,10271,0.023088,3.51
7128_memo,0,7527,5242,100,12869,0.031414,4.77
7129_memo,0,4777,1631,100,6508,0.011641,1.77
7130_memo,0,5353,2338,112,7803,0.015596,2.37
7131_memo,0,5159,2342,71,7572,0.015289,2.32
7132_memo,0,6204,3499,83,9786,0.021788,3.31
7134_memo,0,7500,5093,73,12666,0.030517,4.64
7135_memo,0,5588,2615,100,8303,0.017067,2.59
7136_memo,0,4893,1837,75,6805,0.012618,1.92
7137_memo,0,4350,1207,67,5624,0.009089,1.38
7138_memo,0,4974,1908,77,6959,0.013034,1.98
7139_memo,0,8278,6171,77,14526,0.036414,5.53
7140_memo,0,5327,2403,163,7893,0.016159,2.46
7141_memo,0,5101,2339,84,7524,0.015303,2.33
7142_memo,0,4473,1396,122,5991,0.010386,1.58
7143_memo,0,6134,3287,69,9490,0.020614,3.13
7144_memo,0,4734,1600,31,6365,0.011114,1.69
7145_memo,0,5991,3075,105,9171,0.019644,2.99
7146_memo,0,4965,1902,67,6934,0.012948,1.97
7147_memo,0,5327,2112,63,7502,0.014204,2.16
7148_memo,0,4952,1931,86,6969,0.01318,2.0
7149_memo,0,6681,4034,73,10788,0.024711,3.76
7150_memo,0,5292,2358,87,7737,0.015532,2.36
7151_memo,0,6124,3315,62,9501,0.020712,3.15
7152_memo,0,6207,3228,102,9537,0.020529,3.12
7153_memo,0,5793,2970,100,8863,0.018971,2.88
7155_memo,0,4618,1467,67,6152,0.010556,1.6
7156_memo,0,4689,1429,69,6187,0.010421,1.58
7157_memo,0,4380,1198,69,5647,0.009073,1.38
7158_memo,0,6798,4167,74,11039,0.025454,3.87
7159_memo,0,4665,1415,102,6182,0.010501,1.6
7160_memo,0,4717,1557,64,6338,0.011053,1.68
7161_memo,0,4889,1898,75,6862,0.012921,1.96
7162_memo,0,7094,4966,71,12131,0.029619,4.5
7163_memo,0,4581,1402,71,6054,0.010228,1.55
7164_memo,0,5239,2181,67,7487,0.014514,2.21
7165_memo,0,4839,1668,67,6574,0.011699,1.78
7166_memo,0,6657,3969,112,10738,0.024566,3.73
7167_memo,0,5136,2164,113,7413,0.014595,2.22
7168_memo,0,5588,2733,73,8394,0.017522,2.66
7169_memo,0,4871,1709,69,6649,0.011934,1.81
7170_memo,0,5258,2334,116,7708,0.015536,2.36
7171_memo,0,7542,5023,113,12678,0.030394,4.62
7172_memo,0,4819,1705,72,6596,0.011897,1.81
7173_memo,0,5175,2085,75,7335,0.014034,2.13
7174_memo,0,9562,8047,85,17694,0.046636,7.09
7175_memo,0,7044,4771,77,11892,0.028642,4.35
7176_memo,0,5513,2504,62,8079,0.016276,2.47
7177_memo,0,5064,2005,71,7140,0.013545,2.06
7178_memo,0,4795,1750,65,6610,0.012072,1.83
7179_memo,0,5058,2004,91,7153,0.013636,2.07
7180_memo,0,4458,1259,96,5813,0.009561,1.45
7181_memo,0,4795,1540,67,6402,0.011032,1.68
7182_memo,0,5088,2078,101,7267,0.014075,2.14
7183_memo,0,5007,2092,102,7201,0.014099,2.14
7184_memo,0,4776,1547,62,6385,0.01103,1.68
7185_memo,0,5543,2491,71,8105,0.016274,2.47
7186_memo,0,6283,3531,71,9885,0.021937,3.33
7187_memo,0,6458,3588,110,10156,0.022526,3.42
7188_memo,0,6484,3555,89,10128,0.022273,3.39
7190_memo,0,6589,3989,98,10676,0.024553,3.73
7191_memo,0,5681,2830,69,8580,0.018046,2.74
7192_memo,0,4887,1755,67,6709,0.012164,1.85
7193_memo,0,7143,4879,62,12084,0.029169,4.43
7194_memo,0,5219,2224,67,7510,0.014717,2.24
7195_memo,0,6976,4700,71,11747,0.028215,4.29
7196_memo,0,5034,2037,101,7172,0.013836,2.1
7197_memo,0,9452,7606,90,17148,0.044388,6.75
7198_memo,0,8238,5933,71,14242,0.035169,5.35
7199_memo,0,5932,3099,72,9103,0.019563,2.97
7200_memo,0,5584,2629,71,8284,0.01699,2.58
7201_memo,0,5757,2792,122,8671,0.018168,2.76
7202_memo,0,6658,4209,86,10953,0.025636,3.9
7203_memo,0,5449,2542,73,8064,0.016481,2.51
7204_memo,0,6314,3777,71,10162,0.023186,3.52
7205_memo,0,5869,3116,125,9110,0.019873,3.02
7206_memo,0,4529,1335,165,6029,0.010331,1.57
7207_memo,0,5216,2254,101,7571,0.015035,2.29
7208_memo,0,5604,2931,71,8606,0.018512,2.81
7209_memo,0,4905,1791,69,6765,0.012366,1.88
7210_memo,0,5251,2222,73,7546,0.014757,2.24
7211_memo,0,6464,3725,62,10251,0.022975,3.49
7212_memo,0,5662,2731,75,8468,0.017569,2.67
7213_memo,0,4472,1354,120,5946,0.010165,1.55
7215_memo,0,6642,3947,122,10711,0.024496,3.72
7216_memo,0,5359,2279,65,7703,0.015069,2.29
7217_memo,0,4245,977,85,5307,0.007963,1.21
7218_memo,0,5861,3098,72,9031,0.019513,2.97
7219_memo,0,4949,1715,72,6736,0.012028,1.83
7221_memo,0,6425,3592,84,10101,0.022396,3.4
7222_memo,0,6065,3143,102,9310,0.020016,3.04
7223_memo,0,4678,1646,102,6426,0.011664,1.77
7224_memo,0,4404,1427,79,5910,0.010282,1.56
7225_memo,0,5993,3126,62,9181,0.019686,2.99
7226_memo,0,5911,3058,67,9036,0.019319,2.94
7227_memo,0,4810,1647,67,6524,0.011576,1.76
7228_memo,0,4506,1261,71,5838,0.009476,1.44
7229_memo,0,4759,1657,104,6520,0.011779,1.79
7230_memo,0,4675,1464,71,6210,0.010597,1.61
7231_memo,0,5242,2140,99,7481,0.014471,2.2
7232_memo,0,4558,1334,100,5992,0.010019,1.52
7233_memo,0,4716,1572,89,6377,0.011252,1.71
7234_memo,0,4388,1125,102,5615,0.008877,1.35
7235_memo,0,4877,1808,67,6752,0.012423,1.89
7236_memo,0,5344,2426,102,7872,0.01598,2.43
7237_memo,0,6985,4366,92,11443,0.026656,4.05
7238_memo,0,5014,1922,59,6995,0.013039,1.98
7239_memo,0,6201,3488,89,9778,0.021761,3.31
7240_memo,0,17948,19196,71,37215,0.107552,16.35
7241_memo,0,5246,2166,102,7514,0.014619,2.22
7242_memo,0,5167,2055,73,7295,0.013869,2.11
7243_memo,0,4687,1441,100,6228,0.010634,1.62
7244_memo,0,5030,1966,100,7096,0.013474,2.05
7245_memo,0,4829,1624,140,6593,0.011838,1.8
7246_memo,0,4884,1874,86,6844,0.012852,1.95
7247_memo,0,6793,4453,64,11310,0.026831,4.08
7248_memo,0,4602,1299,101,6002,0.009876,1.5
7249_memo,0,5155,1959,99,7213,0.013512,2.05
7250_memo,0,4226,913,90,5229,0.007656,1.16
7251_memo,0,5489,2740,85,8314,0.017556,2.67
7252_memo,0,4649,1562,69,6280,0.011061,1.68
7253_memo,0,4355,1117,85,5557,0.008732,1.33
7254_memo,0,4904,1742,71,6717,0.01213,1.84
7255_memo,0,4443,1180,86,5709,0.009107,1.38
7256_memo,0,5095,2192,61,7348,0.014449,2.2
7257_memo,0,23650,25601,103,49354,0.143301,21.78
7258_memo,0,17895,20123,84,38102,0.112219,17.06
7259_memo,0,24081,26190,65,50336,0.146326,22.24
7260_memo,0,18751,18500,62,37313,0.104529,15.89
7261_memo,0,4661,1561,75,6297,0.011093,1.69
7262_memo,0,4101,771,63,4935,0.006733,1.02
7264_memo,0,5380,2615,87,8082,0.016872,2.56
7265_memo,0,10357,8711,82,19150,0.050438,7.67
7266_memo,0,10233,7977,106,18316,0.046811,7.12
7267_memo,0,17098,18017,72,35187,0.101131,15.37
7268_memo,0,11179,9640,122,20941,0.055797,8.48
7269_memo,0,7687,4863,71,12621,0.029474,4.48
7270_memo,0,9409,7260,104,16773,0.042701,6.49
7271_memo,0,10118,8030,99,18247,0.046969,7.14
7272_memo,0,11999,11505,71,23575,0.065379,9.94
7273_memo,0,10238,8471,62,18771,0.049064,7.46
7274_memo,0,16125,14919,93,31137,0.085138,12.94
7275_memo,0,7129,4344,73,11546,0.026541,4.03
7276_memo,0,12636,11575,72,24283,0.066132,10.05
7277_memo,0,11071,10088,71,21230,0.057714,8.77
7278_memo,0,8708,6960,61,15729,0.040548,6.16
7279_memo,0,10493,8559,143,19195,0.050068,7.61
7280_memo,0,9745,7865,71,17681,0.045771,6.96
7281_memo,0,10811,9782,98,20691,0.056157,8.54
7282_memo,0,8813,6726,93,15632,0.039603,6.02
7283_memo,0,9450,7781,67,17298,0.045146,6.86
7284_memo,0,9324,7105,71,16500,0.041708,6.34
7285_memo,0,9982,8026,73,18081,0.046734,7.1
7286_memo,0,9499,7111,71,16681,0.041847,6.36
7287_memo,0,8272,5716,73,14061,0.034115,5.19
7288_memo,0,9663,7532,103,17298,0.044214,6.72
7289_memo,0,10888,9340,86,20314,0.053935,8.2
7290_memo,0,5863,3079,62,9004,0.019369,2.94
7291_memo,0,8440,6480,103,15023,0.03819,5.8
7292_memo,0,9336,7437,116,16889,0.0436,6.63
7293_memo,0,13054,12624,93,25771,0.071744,10.91
7294_memo,0,10112,8706,65,18883,0.050175,7.63
7295_memo,0,9006,7343,65,16414,0.042669,6.49
7296_memo,0,8345,6421,85,14851,0.037746,5.74
7297_memo,0,12145,10698,73,22916,0.061446,9.34
7298_memo,0,10549,8627,79,19255,0.050123,7.62
7299_memo,0,10962,9965,89,21016,0.057121,8.68
7300_memo,0,9573,7412,71,17056,0.043398,6.6
7301_memo,0,10636,8951,63,19650,0.051717,7.86
7302_memo,0,11886,10539,95,22520,0.060599,9.21
7303_memo,0,8485,5893,89,14467,0.035213,5.35
7304_memo,0,12445,10805,116,23366,0.062383,9.48
7305_memo,0,8723,6470,102,15295,0.038312,5.82
7306_memo,0,8487,5952,86,14525,0.035494,5.4
7307_memo,0,12333,11109,74,23516,0.063623,9.67
7308_memo,0,10386,8729,102,19217,0.050646,7.7
7309_memo,0,13508,13247,97,26852,0.075162,11.42
7310_memo,0,6292,3470,101,9863,0.021788,3.31
7311_memo,0,4772,1644,55,6471,0.011477,1.74
7312_memo,0,5619,2762,106,8487,0.017852,2.71
7313_memo,0,6365,3651,65,10081,0.022558,3.43
7315_memo,0,5840,3152,101,9093,0.019915,3.03
7316_memo,0,7470,5032,118,12620,0.030419,4.62
7317_memo,0,11203,10304,66,21573,0.058852,8.95
7318_memo,0,6840,4076,84,11000,0.025075,3.81
7319_memo,0,6200,3452,102,9754,0.021645,3.29
7320_memo,0,5415,2467,97,7979,0.016204,2.46
7321_memo,0,6479,3639,114,10232,0.022814,3.47
7322_memo,0,5537,2587,102,8226,0.016906,2.57
7323_memo,0,7458,4964,115,12537,0.030056,4.57
7324_memo,0,6336,3711,103,10150,0.02303,3.5
7325_memo,0,10657,8990,158,19805,0.052401,7.96
7326_memo,0,6084,3332,75,9491,0.020837,3.17
7327_memo,0,6411,3800,102,10313,0.023517,3.57
7328_memo,0,6480,3501,62,10043,0.021865,3.32
7329_memo,0,9269,7233,71,16573,0.042313,6.43
7330_memo,0,8961,7052,101,16114,0.041366,6.29
7331_memo,0,5358,2441,64,7863,0.015874,2.41
7332_memo,0,11848,10947,75,22870,0.062515,9.5
7333_memo,0,5930,3143,89,9162,0.019866,3.02
7334_memo,0,6613,3872,102,10587,0.024003,3.65
7335_memo,0,8706,6889,174,15769,0.040756,6.19
7336_memo,0,5627,2568,69,8264,0.016702,2.54
7337_memo,0,7175,4486,89,11750,0.027359,4.16
7338_memo,0,6518,3705,102,10325,0.023109,3.51
7339_memo,0,8329,6181,77,14587,0.036496,5.55
7340_memo,0,7579,5044,72,12695,0.030317,4.61
7341_memo,0,6516,4051,71,10638,0.024682,3.75
7342_memo,0,7208,4941,73,12222,0.029575,4.5
7343_memo,0,4851,1693,62,6606,0.011807,1.79
7344_memo,0,5966,3156,93,9215,0.019974,3.04
7345_memo,0,7899,5983,74,13956,0.035222,5.35
7346_memo,0,5401,2425,71,7897,0.015856,2.41
7347_memo,0,8611,6266,115,14992,0.037287,5.67
7348_memo,0,7550,4971,79,12600,0.029969,4.56
7349_memo,0,7317,4832,103,12252,0.029248,4.45
7350_memo,0,5546,2651,71,8268,0.017076,2.6
7351_memo,0,5642,2705,73,8420,0.017416,2.65
7352_memo,0,5969,3139,83,9191,0.019841,3.02
7353_memo,0,5839,2924,101,8864,0.018774,2.85
7354_memo,0,7494,5751,69,13314,0.033784,5.14
7355_memo,0,7281,4698,71,12050,0.028396,4.32
7356_memo,0,6380,3634,86,10100,0.022588,3.43
7357_memo,0,8479,6702,101,15282,0.039314,5.98
7358_memo,0,9730,8748,71,18549,0.050176,7.63
7359_memo,0,7075,4679,86,11840,0.028247,4.29
7361_memo,0,6883,4260,71,11214,0.025957,3.95
7362_memo,0,7026,4655,65,11746,0.027991,4.25
7363_memo,0,8017,6162,56,14235,0.036101,5.49
7364_memo,0,6795,4199,62,11056,0.025552,3.88
7365_memo,0,6744,3949,116,10809,0.02454,3.73
7366_memo,0,6670,3843,73,10586,0.023749,3.61
7367_memo,0,6436,3979,86,10501,0.024348,3.7
7368_memo,0,7834,5919,74,13827,0.034861,5.3
7369_memo,0,7988,5869,72,13929,0.034698,5.27
7370_memo,0,5577,2766,71,8414,0.017671,2.69
7371_memo,0,8428,6189,94,14711,0.036682,5.58
7372_memo,0,5185,2151,71,7407,0.014351,2.18
7373_memo,0,4702,1507,104,6313,0.010994,1.67
7374_memo,0,7629,5411,73,13113,0.032188,4.89
7375_memo,0,5162,2201,76,7439,0.014611,2.22
7376_memo,0,7288,4588,71,11947,0.02785,4.23
7377_memo,0,7436,5103,119,12658,0.030758,4.68
7378_memo,0,5381,2488,100,7969,0.016303,2.48
7379_memo,0,5192,2186,113,7491,0.01474,2.24
7380_memo,0,4951,1911,69,6931,0.012994,1.98
7381_memo,0,5967,3209,100,9276,0.020274,3.08
7382_memo,0,5150,2041,99,7290,0.013919,2.12
7383_memo,0,4925,1806,116,6847,0.012688,1.93
7384_memo,0,8228,6739,116,15083,0.039418,5.99
7385_memo,0,5925,2958,67,8950,0.018828,2.86
7386_memo,0,5137,1985,102,7224,0.013646,2.07
7387_memo,0,6340,3427,61,9828,0.021403,3.25
7388_memo,0,5833,3062,99,8994,0.019451,2.96
7389_memo,0,6112,3059,124,9295,0.019735,3.0
7390_memo,0,5115,2213,62,7390,0.014572,2.21
7391_memo,0,5807,3058,83,8948,0.019334,2.94
7392_memo,0,5820,3163,103,9086,0.019967,3.04
7393_memo,0,5399,2387,73,7859,0.015674,2.38
7394_memo,0,5324,2380,67,7771,0.015562,2.37
7395_memo,0,5047,1929,106,7082,0.013329,2.03
7396_memo,0,7711,5629,90,13430,0.033414,5.08
7397_memo,0,4937,1837,97,6871,0.012756,1.94
7398_memo,0,5751,2898,62,8711,0.018394,2.8
7399_memo,0,5446,2566,102,8114,0.016744,2.55
7400_memo,0,5317,2433,105,7855,0.016013,2.43
7401_memo,0,5440,2551,86,8077,0.016585,2.52
7402_memo,0,7286,4809,65,12160,0.028924,4.4
7403_memo,0,5425,2653,102,8180,0.017166,2.61
7404_memo,0,5654,2895,68,8617,0.018349,2.79
7405_memo,0,5225,2224,71,7520,0.014741,2.24
7406_memo,0,7827,5515,101,13443,0.032972,5.01
7408_memo,0,6585,4178,117,10880,0.025591,3.89
7409_memo,0,5431,2534,104,8069,0.016584,2.52
7410_memo,0,5373,2463,102,7938,0.016183,2.46
7411_memo,0,5411,2453,62,7926,0.015957,2.43
7412_memo,0,5752,2878,73,8703,0.01835,2.79
7413_memo,0,5733,3042,71,8846,0.019148,2.91
7414_memo,0,5320,2481,40,7841,0.01593,2.42
7415_memo,0,5016,2019,87,7122,0.013665,2.08
7416_memo,0,6867,4310,72,11249,0.026202,3.98
7418_memo,0,5655,2626,78,8359,0.017054,2.59
7419_memo,0,5774,2872,69,8715,0.018314,2.78
7420_memo,0,5719,2926,99,8744,0.018699,2.84
7421_memo,0,6130,3591,86,9807,0.022216,3.38
7422_memo,0,7430,4894,86,12410,0.029544,4.49
7423_memo,0,6684,4198,102,10984,0.025677,3.9
7424_memo,0,5271,2433,150,7854,0.016209,2.46
7425_memo,0,5567,2536,85,8188,0.016584,2.52
7426_memo,0,6082,3366,73,9521,0.020996,3.19
7427_memo,0,5705,2989,89,8783,0.018956,2.88
7428_memo,0,4643,1574,150,6367,0.011522,1.75
7430_memo,0,7185,4589,83,11857,0.027851,4.23
7431_memo,0,5528,2668,72,8268,0.017155,2.61
7432_memo,0,6593,3928,73,10594,0.024126,3.67
7433_memo,0,4736,1632,100,6468,0.01162,1.77
7434_memo,0,7546,5330,70,12946,0.031716,4.82
7435_memo,0,5580,2739,73,8392,0.017548,2.67
7436_memo,0,9763,8454,75,18292,0.048747,7.41
7437_memo,0,5362,2350,73,7785,0.015466,2.35
7438_memo,0,6312,3528,115,9955,0.02216,3.37
7439_memo,0,6378,3841,100,10319,0.023691,3.6
7440_memo,0,5673,2739,73,8485,0.017606,2.68
7441_memo,0,4950,1923,102,6975,0.013219,2.01
7442_memo,0,4683,1608,162,6453,0.011777,1.79
7443_memo,0,5199,2105,83,7387,0.014189,2.16
7444_memo,0,5304,2390,83,7777,0.01568,2.38
7445_memo,0,5199,2245,116,7560,0.015054,2.29
7446_memo,0,5966,3135,67,9168,0.019739,3.0
7447_memo,0,4845,1673,89,6607,0.011838,1.8
7448_memo,0,9656,7569,75,17300,0.044255,6.73
7449_memo,0,4943,1934,90,6967,0.013209,2.01
7450_memo,0,5496,2593,89,8178,0.016845,2.56
7451_memo,0,6809,4196,75,11080,0.025611,3.89
7452_memo,0,7094,4656,71,11821,0.028069,4.27
7454_memo,0,4315,1046,67,5428,0.008262,1.26
7455_memo,0,5338,2301,69,7708,0.015186,2.31
7456_memo,0,7487,5552,96,13135,0.032919,5.0
7457_memo,0,8748,6797,89,15634,0.039898,6.06
7458_memo,0,5072,2053,89,7214,0.01388,2.11
7459_memo,0,4779,1728,100,6607,0.012127,1.84
7460_memo,0,5111,2072,66,7249,0.013884,2.11
7461_memo,0,5165,2288,97,7550,0.015153,2.3
7462_memo,0,5915,3332,117,9364,0.020942,3.18
7463_memo,0,6061,3502,89,9652,0.021743,3.3
7464_memo,0,7124,4558,64,11746,0.027563,4.19
7465_memo,0,5452,2627,69,8148,0.016887,2.57
7466_memo,0,4723,1605,75,6403,0.011352,1.73
7467_memo,0,6207,3313,171,9691,0.021299,3.24
7468_memo,0,5810,3037,71,8918,0.019171,2.91
7469_memo,0,5986,3273,71,9330,0.020461,3.11
7470_memo,0,6876,4324,107,11307,0.026453,4.02
7471_memo,0,4646,1553,54,6253,0.010939,1.66
7472_memo,0,6192,3478,69,9739,0.021605,3.28
7473_memo,0,5644,2729,72,8445,0.017532,2.66
7474_memo,0,6577,4273,84,10934,0.025896,3.94
7475_memo,0,5626,2780,139,8545,0.018111,2.75
7476_memo,0,4277,1047,118,5442,0.008498,1.29
7477_memo,0,5627,2830,108,8565,0.018207,2.77
7478_memo,0,5824,2918,71,8813,0.018585,2.82
7479_memo,0,5176,2122,67,7365,0.01418,2.16
7480_memo,0,6344,3495,100,9939,0.02194,3.33
7481_memo,0,6015,3055,101,9171,0.019539,2.97
7482_memo,0,5308,2408,75,7791,0.015732,2.39
7483_memo,0,6233,3370,98,9701,0.021236,3.23
7484_memo,0,5238,2032,135,7405,0.014109,2.14
7485_memo,0,5004,2024,83,7111,0.013662,2.08
7486_memo,0,4630,1549,123,6302,0.011254,1.71
7487_memo,0,5674,2778,67,8519,0.017771,2.7
7488_memo,0,5845,2996,72,8913,0.018993,2.89
7489_memo,0,4778,1697,85,6560,0.011896,1.81
7490_memo,0,5267,2412,67,7746,0.015687,2.38
7491_memo,0,6104,3329,86,9519,0.02089,3.18
7492_memo,0,5864,3133,73,9070,0.019695,2.99
7493_memo,0,6268,3572,71,9911,0.022132,3.36
7494_memo,0,7222,4803,102,12127,0.029039,4.41
7495_memo,0,5318,2380,118,7816,0.015814,2.4
7497_memo,0,7074,4597,102,11773,0.027916,4.24
7498_memo,0,5094,2000,99,7193,0.013679,2.08
7499_memo,0,5184,2249,64,7497,0.014805,2.25
7500_memo,0,6157,3504,105,9766,0.021893,3.33
7501_memo,0,4428,1258,91,5777,0.009513,1.45
7502_memo,0,5376,2405,86,7867,0.015815,2.4
7503_memo,0,4624,1420,119,6163,0.010585,1.61
7504_memo,0,9301,7293,100,16694,0.042778,6.5
7505_memo,0,5800,2921,92,8813,0.01869,2.84
7506_memo,0,5110,2216,106,7432,0.014804,2.25
7507_memo,0,4997,1985,67,7049,0.013383,2.03
7508_memo,0,6448,3716,62,10226,0.02292,3.48
7509_memo,0,5076,2028,102,7206,0.013822,2.1
7510_memo,0,6123,3304,62,9489,0.020657,3.14
7511_memo,0,5416,2556,103,8075,0.01668,2.54
7512_memo,0,6449,3753,79,10281,0.023191,3.52
7513_memo,0,6171,3302,103,9576,0.020882,3.17
7514_memo,0,7131,4927,62,12120,0.029402,4.47
7515_memo,0,7591,5578,89,13258,0.033079,5.03
7516_memo,0,5460,2748,74,8282,0.017522,2.66
7518_memo,0,6295,3641,65,10001,0.022464,3.41
7519_memo,0,5330,2428,68,7826,0.015811,2.4
7520_memo,0,6694,4222,116,11032,0.025874,3.93
7521_memo,0,5296,2352,64,7712,0.01539,2.34
7522_memo,0,6104,3204,102,9410,0.020345,3.09
7524_memo,0,5823,3004,116,8943,0.019239,2.92
7525_memo,0,6124,3439,116,9679,0.021603,3.28
7526_memo,0,5711,2938,151,8800,0.019014,2.89
7527_memo,0,4445,1234,98,5777,0.009438,1.43
7528_memo,0,5124,2157,74,7355,0.014358,2.18
7529_memo,0,7777,5484,61,13322,0.032586,4.95
7530_memo,0,4676,1673,88,6437,0.011728,1.78
7531_memo,0,6297,3764,100,10161,0.023256,3.53
7532_memo,0,4927,1879,61,6867,0.012779,1.94
7533_memo,0,6095,3619,71,9785,0.022259,3.38
7534_memo,0,7811,5555,89,13455,0.033102,5.03
7535_memo,0,5221,2363,73,7657,0.015443,2.35
7536_memo,0,4619,1526,61,6206,0.010822,1.64
7537_memo,0,5103,2133,83,7319,0.014269,2.17
7538_memo,0,5798,2943,98,8839,0.018829,2.86
7539_memo,0,5654,2812,64,8530,0.017914,2.72
7540_memo,0,5525,2716,76,8317,0.017413,2.65
7541_memo,0,5661,2671,159,8491,0.017688,2.69
7542_memo,0,4910,1938,62,6910,0.013069,1.99
7543_memo,0,7348,4837,78,12263,0.029167,4.43
7544_memo,0,6143,3610,83,9836,0.022304,3.39
7545_memo,0,6430,3733,73,10236,0.023049,3.5
7546_memo,0,5336,2313,71,7720,0.015255,2.32
7547_memo,0,10864,9552,102,20518,0.05506,8.37
7548_memo,0,7603,4732,100,12435,0.028912,4.39
7549_memo,0,6593,4250,85,10928,0.025796,3.92
7550_memo,0,4979,1912,71,6962,0.013027,1.98
7551_memo,0,4747,1639,70,6456,0.011512,1.75
7552_memo,0,6364,3876,72,10312,0.023718,3.61
7553_memo,0,5361,2599,62,8022,0.016656,2.53
7554_memo,0,5734,2783,102,8619,0.018009,2.74
7555_memo,0,5010,2045,101,7156,0.013861,2.11
7556_memo,0,7039,4397,89,11525,0.026829,4.08
7557_memo,0,5331,2554,61,7946,0.016407,2.49
7558_memo,0,5406,2551,100,8057,0.016634,2.53
7559_memo,0,6820,4359,76,11255,0.026437,4.02
7560_memo,0,6013,3193,86,9292,0.020153,3.06
7561_memo,0,5766,3140,71,8977,0.019659,2.99
7562_memo,0,6214,3430,71,9715,0.021389,3.25
7563_memo,0,5990,2911,112,9013,0.018859,2.87
7564_memo,0,6348,3630,100,10078,0.022617,3.44
7565_memo,0,4439,1276,101,5816,0.009659,1.47
7566_memo,0,6532,4054,97,10683,0.024838,3.78
7567_memo,0,7094,4712,64,11870,0.028314,4.3
7568_memo,0,5225,2110,85,7420,0.014241,2.16
7570_memo,0,4322,1059,67,5448,0.008331,1.27
7571_memo,0,5106,2093,73,7272,0.014021,2.13
7572_memo,0,5142,2144,71,7357,0.014289,2.17
7573_memo,0,7445,4926,73,12444,0.029648,4.51
7574_memo,0,5596,2479,64,8139,0.016213,2.46
7575_memo,0,5120,1996,62,7178,0.01349,2.05
7576_memo,0,5829,2906,67,8802,0.018508,2.81
7577_memo,0,6162,3438,99,9699,0.021536,3.27
7578_memo,0,7911,5479,102,13492,0.032849,4.99
7579_memo,0,8654,6697,96,15447,0.039374,5.98
7580_memo,0,6412,3745,72,10229,0.023093,3.51
7581_memo,0,5511,2587,69,8167,0.016724,2.54
7582_memo,0,4231,982,67,5280,0.007889,1.2
7583_memo,0,5325,2413,99,7837,0.015888,2.41
7584_memo,0,5437,2712,65,8214,0.017283,2.63
7585_memo,0,5898,3391,72,9361,0.021001,3.19
7587_memo,0,4422,1174,71,5667,0.008989,1.37
7588_memo,0,4776,1623,97,6496,0.011585,1.76
7589_memo,0,4444,1243,67,5754,0.009328,1.42
7590_memo,0,5175,2129,71,7375,0.014234,2.16
7591_memo,0,4633,1410,100,6143,0.010446,1.59
7592_memo,0,6846,4150,102,11098,0.025539,3.88
7593_memo,0,5309,2430,71,7810,0.015823,2.41
7594_memo,0,4485,1250,64,5799,0.009373,1.42
7595_memo,0,4927,1803,67,6797,0.012429,1.89
7596_memo,0,4828,1689,101,6618,0.011967,1.82
7597_memo,0,3915,667,62,4644,0.006092,0.93
7598_memo,0,5700,3111,101,8912,0.019623,2.98
7599_memo,0,5825,2863,67,8755,0.018291,2.78
7600_memo,0,5527,2522,71,8120,0.016419,2.5
7601_memo,0,5746,2931,108,8785,0.018786,2.86
7602_memo,0,5580,2618,85,8283,0.017003,2.58
7603_memo,0,6211,3508,102,9821,0.021932,3.33
7604_memo,0,5452,2466,67,7985,0.016072,2.44
7605_memo,0,9561,7857,130,17548,0.045911,6.98
7606_memo,0,7573,5220,104,12897,0.031353,4.77
7608_memo,0,5324,2345,73,7742,0.015418,2.34
7609_memo,0,5081,2089,99,7269,0.014116,2.15
7610_memo,0,5508,2586,85,8179,0.016797,2.55
7611_memo,0,5505,2657,117,8279,0.017311,2.63
7612_memo,0,6578,4507,124,11209,0.027266,4.14
7613_memo,0,5300,2366,83,7749,0.015557,2.36
7614_memo,0,6178,3584,74,9836,0.022151,3.37
7615_memo,0,4861,1778,75,6714,0.012303,1.87
7616_memo,0,5363,2452,61,7876,0.015917,2.42
7617_memo,0,5616,2611,89,8316,0.01701,2.59
7618_memo,0,5817,2906,71,8794,0.018521,2.82
7619_memo,0,5266,2241,74,7581,0.014866,2.26
7620_memo,0,5564,2682,142,8388,0.017598,2.67
7621_memo,0,4356,1300,71,5727,0.009577,1.46
7622_memo,0,4872,1772,63,6707,0.01222,1.86
7623_memo,0,5341,2456,87,7884,0.016053,2.44
7624_memo,0,5304,2295,102,7701,0.0153,2.33
7625_memo,0,4798,1615,97,6510,0.011559,1.76
7626_memo,0,7297,4966,100,12363,0.029891,4.54
7627_memo,0,4715,1730,103,6548,0.012112,1.84
7628_memo,0,4673,1552,72,6297,0.011041,1.68
7629_memo,0,4818,1759,67,6644,0.012141,1.85
7630_memo,0,5419,2589,65,8073,0.016657,2.53
7631_memo,0,4874,1681,69,6624,0.011796,1.79
7632_memo,0,7392,5053,86,12531,0.030315,4.61
7633_memo,0,7297,4980,69,12346,0.029806,4.53
7634_memo,0,6872,4493,95,11460,0.027235,4.14
7635_memo,0,5487,2547,92,8126,0.016624,2.53
7636_memo,0,6091,3374,102,9567,0.021187,3.22
7637_memo,0,5628,2817,86,8531,0.018032,2.74
7638_memo,0,5721,3004,71,8796,0.018951,2.88
7639_memo,0,5826,3181,89,9096,0.019991,3.04
7640_memo,0,6606,3906,133,10645,0.024324,3.7
7641_memo,0,5152,2018,71,7241,0.013665,2.08
7642_memo,0,5329,2413,116,7858,0.015976,2.43
7643_memo,0,6277,3370,72,9719,0.021133,3.21
7644_memo,0,5885,3169,72,9126,0.019883,3.02
7645_memo,0,10966,10067,72,21105,0.057549,8.75
7646_memo,0,6480,3947,73,10500,0.02415,3.67
7647_memo,0,4793,1832,116,6741,0.012736,1.94
7649_memo,0,9090,6707,75,15872,0.039591,6.02
7650_memo,0,5012,1946,62,7020,0.013172,2.0
7651_memo,0,5101,1978,71,7150,0.013433,2.04
7652_memo,0,5024,1985,71,7080,0.01342,2.04
7653_memo,0,4390,1205,71,5666,0.009124,1.39
7654_memo,0,5969,3059,74,9102,0.019396,2.95
7655_memo,0,7229,4727,74,12030,0.028523,4.34
7656_memo,0,5963,3113,71,9147,0.019647,2.99
7657_memo,0,5697,2832,117,8646,0.018306,2.78
7658_memo,0,5827,3088,61,8976,0.019387,2.95
7659_memo,0,4938,1720,67,6725,0.012021,1.83
7660_memo,0,4672,1604,102,6378,0.01145,1.74
7661_memo,0,5480,2382,85,7947,0.01576,2.4
7662_memo,0,6729,4019,68,10816,0.024641,3.75
7663_memo,0,4903,1804,94,6801,0.012554,1.91
7664_memo,0,7209,5171,101,12481,0.030866,4.69
7665_memo,0,5738,2683,71,8492,0.017356,2.64
7666_memo,0,6491,4003,68,10562,0.024412,3.71
7667_memo,0,5996,3348,108,9452,0.021028,3.2
7668_memo,0,6680,4186,86,10952,0.025535,3.88
7669_memo,0,4544,1297,108,5949,0.009865,1.5
7670_memo,0,4785,1543,74,6402,0.011076,1.68
7671_memo,0,4517,1322,103,5942,0.009948,1.51
7672_memo,0,5444,2413,72,7929,0.015827,2.41
7673_memo,0,5764,3064,115,8943,0.019498,2.96
7674_memo,0,5302,2330,102,7734,0.015474,2.35
7675_memo,0,8764,6960,89,15813,0.040722,6.19
7676_memo,0,4961,1740,101,6802,0.012306,1.87
7677_memo,0,5111,2120,61,7292,0.014099,2.14
7678_memo,0,5641,2608,127,8376,0.017201,2.61
7679_memo,0,4989,1979,71,7039,0.013368,2.03
7680_memo,0,6604,3801,89,10494,0.023577,3.58
7681_memo,0,6793,4010,124,10927,0.024916,3.79
7682_memo,0,5926,3030,71,9027,0.019209,2.92
7683_memo,0,5259,2326,163,7748,0.015732,2.39
7684_memo,0,7436,5054,74,12564,0.030287,4.6
7686_memo,0,5460,2674,94,8228,0.017253,2.62
7687_memo,0,4570,1343,106,6019,0.010101,1.54
7688_memo,0,5091,2075,101,7267,0.014062,2.14
7689_memo,0,5100,2102,67,7269,0.014032,2.13
7690_memo,0,5681,2961,73,8715,0.018721,2.85
7691_memo,0,4424,1155,67,5646,0.008875,1.35
7692_memo,0,7305,4928,71,12304,0.029561,4.49
7693_memo,0,4839,1751,103,6693,0.012294,1.87
7694_memo,0,5651,2702,71,8424,0.017397,2.64
7695_memo,0,5558,2795,86,8439,0.017879,2.72
7696_memo,0,5063,1964,85,7112,0.013409,2.04
7697_memo,0,8626,6671,63,15360,0.039061,5.94
7698_memo,0,9860,7984,70,17914,0.046433,7.06
7699_memo,0,5942,3166,113,9221,0.020109,3.06
7700_memo,0,5442,2357,55,7854,0.015461,2.35
7701_memo,0,6616,3994,110,10720,0.024655,3.75
7702_memo,0,4968,1948,62,6978,0.013155,2.0
7704_memo,0,5307,2515,101,7923,0.016397,2.49
7705_memo,0,5025,2192,73,7290,0.014466,2.2
7706_memo,0,5937,3269,130,9336,0.020706,3.15
7707_memo,0,4587,1453,123,6163,0.010747,1.63
7708_memo,0,6182,3571,70,9823,0.022069,3.35
7709_memo,0,8000,5753,71,13824,0.03412,5.19
7710_memo,0,4518,1323,65,5906,0.009764,1.48
7711_memo,0,4699,1673,92,6464,0.011762,1.79
7712_memo,0,4954,2028,103,7085,0.013751,2.09
7713_memo,0,5890,3148,71,9109,0.019776,3.01
7714_memo,0,4153,871,67,5091,0.007286,1.11
7715_memo,0,6504,3841,121,10466,0.023875,3.63
7716_memo,0,5419,2382,64,7865,0.015617,2.37
7717_memo,0,8227,6384,90,14701,0.037512,5.7
7718_memo,0,7269,5749,103,13121,0.033803,5.14
7719_memo,0,4947,1929,94,6970,0.013207,2.01
7720_memo,0,5441,2422,102,7965,0.016021,2.44
7721_memo,0,4667,1642,71,6380,0.011482,1.75
7722_memo,0,6603,3755,62,10420,0.023212,3.53
7723_memo,0,5165,2234,52,7451,0.014658,2.23
7724_memo,0,4975,1964,77,7016,0.013314,2.02
7725_memo,0,5189,2120,84,7393,0.014263,2.17
7726_memo,0,5094,2223,90,7407,0.014749,2.24
7727_memo,0,5027,1999,115,7141,0.013712,2.08
7728_memo,0,5363,2416,108,7887,0.015972,2.43
7729_memo,0,7191,4401,98,11690,0.026989,4.1
7730_memo,0,7214,4805,102,12121,0.029044,4.41
7731_memo,0,7169,4674,62,11905,0.028161,4.28
7732_memo,0,4558,1428,67,6053,0.010324,1.57
7733_memo,0,7624,4941,89,12654,0.029915,4.55
7734_memo,0,4940,2017,115,7072,0.013748,2.09
7735_memo,0,5303,2284,89,7676,0.015179,2.31
7736_memo,0,4580,1323,72,5975,0.009838,1.5
7737_memo,0,6040,3079,140,9259,0.01987,3.02
7738_memo,0,5902,3015,64,8981,0.019084,2.9
7739_memo,0,5252,2286,112,7650,0.015273,2.32
7740_memo,0,6237,3242,86,9565,0.020538,3.12
7741_memo,0,5366,2315,102,7783,0.015439,2.35
7742_memo,0,5265,2313,64,7642,0.015176,2.31
7743_memo,0,4846,1918,67,6831,0.012954,1.97
7744_memo,0,5628,2822,61,8511,0.017933,2.73
7745_memo,0,7160,4915,74,12149,0.02942,4.47
7746_memo,0,5213,2478,139,7830,0.016343,2.48
7747_memo,0,4850,1738,116,6704,0.012301,1.87
7748_memo,0,4627,1421,75,6123,0.010372,1.58
7749_memo,0,5023,1987,72,7082,0.013434,2.04
7750_memo,0,5296,2609,101,8006,0.01686,2.56
7751_memo,0,4976,1989,125,7090,0.01368,2.08
7752_memo,0,5333,2193,67,7593,0.014633,2.22
7753_memo,0,7514,4760,160,12434,0.029296,4.45
7754_memo,0,5394,2588,71,8053,0.016666,2.53
7755_memo,0,9540,7537,120,17197,0.044248,6.73
7756_memo,0,6338,4099,140,10577,0.025156,3.82
7758_memo,0,6945,4295,73,11313,0.026181,3.98
7759_memo,0,5715,2985,65,8765,0.018822,2.86
7760_memo,0,5110,2073,75,7258,0.013934,2.12
7761_memo,0,6856,4745,86,11687,0.02844,4.32
7762_memo,0,7633,5218,138,12989,0.031551,4.8
7763_memo,0,6096,3246,63,9405,0.020355,3.09
7764_memo,0,5084,2268,62,7414,0.014828,2.25
7765_memo,0,4838,1749,86,6673,0.012199,1.85
7766_memo,0,4755,1650,101,6506,0.011727,1.78
7767_memo,0,7104,4950,64,12118,0.02951,4.49
7768_memo,0,4879,1788,100,6767,0.012489,1.9
7769_memo,0,6305,3542,73,9920,0.022016,3.35
7770_memo,0,5118,2094,99,7311,0.014164,2.15
7771_memo,0,5526,2645,71,8242,0.017034,2.59
7772_memo,0,5291,2437,151,7879,0.016247,2.47
7773_memo,0,6991,4914,74,11979,0.029309,4.46
7774_memo,0,5905,3310,75,9290,0.020616,3.13
7775_memo,0,5560,2652,71,8283,0.01709,2.6
7776_memo,0,4746,1646,62,6454,0.011506,1.75
7777_memo,0,6099,3386,73,9558,0.021107,3.21
7778_memo,0,8091,5906,99,14096,0.035082,5.33
7779_memo,0,5156,2134,107,7397,0.014427,2.19
7780_memo,0,5563,2717,71,8351,0.017417,2.65
7781_memo,0,6055,3385,102,9542,0.021219,3.23
7782_memo,0,4605,1335,85,6025,0.009978,1.52
7783_memo,0,5613,2690,70,8373,0.017308,2.63
7784_memo,0,5169,2214,73,7456,0.014666,2.23
7786_memo,0,5236,2193,64,7493,0.014558,2.21
7787_memo,0,8151,6029,73,14253,0.035604,5.41
7788_memo,0,5382,2398,113,7893,0.015919,2.42
7789_memo,0,5092,2173,76,7341,0.014428,2.19
7790_memo,0,5103,2192,75,7370,0.014524,2.21
7791_memo,0,6804,4128,98,11030,0.025382,3.86
7792_memo,0,5372,2485,89,7946,0.016227,2.47
7793_memo,0,7529,5663,71,13263,0.033376,5.07
7794_memo,0,5549,2669,71,8289,0.017168,2.61
7795_memo,0,5977,3073,99,9149,0.019596,2.98
7796_memo,0,7093,4298,71,11462,0.026278,3.99
7797_memo,0,6204,3458,89,9751,0.021612,3.29
7798_memo,0,6218,3394,62,9674,0.021166,3.22
7799_memo,0,5941,3385,114,9440,0.021208,3.22
7800_memo,0,4905,1944,68,6917,0.013126,2.0
7801_memo,0,4859,1842,181,6882,0.013152,2.0
7802_memo,0,6413,3658,130,10201,0.022948,3.49
7803_memo,0,5414,2641,67,8122,0.016924,2.57
7804_memo,0,4871,1755,68,6694,0.012159,1.85
7805_memo,0,6961,4839,77,11877,0.028931,4.4
7806_memo,0,5095,2159,101,7355,0.014484,2.2
7807_memo,0,5543,2720,87,8350,0.017499,2.66
7808_memo,0,5915,3101,74,9090,0.019572,2.97
7809_memo,0,8227,5907,133,14267,0.035342,5.37
7810_memo,0,6344,3544,100,9988,0.022185,3.37
7811_memo,0,5218,2427,83,7728,0.015811,2.4
7812_memo,0,4774,1756,112,6642,0.012324,1.87
7813_memo,0,5118,2212,86,7416,0.014689,2.23
7814_memo,0,6357,3622,89,10068,0.022528,3.42
7815_memo,0,5549,2619,71,8239,0.016918,2.57
7816_memo,0,5434,2546,71,8051,0.016481,2.51
7817_memo,0,6286,3741,74,10101,0.023004,3.5
7818_memo,0,8752,6624,71,15447,0.038945,5.92
7819_memo,0,5559,2866,187,8612,0.018739,2.85
7820_memo,0,5693,2777,71,8541,0.017798,2.71
7821_memo,0,6245,3343,71,9659,0.020973,3.19
7822_memo,0,5266,2403,73,7742,0.015671,2.38
7823_memo,0,8392,6791,64,15247,0.03952,6.01
7824_memo,0,6279,3668,71,10018,0.022619,3.44
7825_memo,0,4938,1836,73,6847,0.012631,1.92
7826_memo,0,7285,4529,65,11879,0.027523,4.18
7827_memo,0,4979,2010,74,7063,0.013532,2.06
7828_memo,0,4993,1964,83,7040,0.013356,2.03
7829_memo,0,4632,1491,67,6190,0.010685,1.62
7830_memo,0,4955,1874,101,6930,0.012972,1.97
7831_memo,0,5197,2204,86,7487,0.014698,2.23
7832_memo,0,5902,3119,69,9090,0.019629,2.98
7833_memo,0,6344,3440,86,9870,0.021595,3.28
7834_memo,0,9509,7563,71,17143,0.044113,6.71
7835_memo,0,8458,6743,72,15273,0.039361,5.98
7836_memo,0,7052,4336,89,11477,0.026533,4.03
7837_memo,0,4924,1926,64,6914,0.013028,1.98
7838_memo,0,7394,5059,71,12524,0.030271,4.6
7839_memo,0,4926,1868,101,6895,0.012924,1.96
7840_memo,0,5886,3280,126,9292,0.020709,3.15
7841_memo,0,6478,3568,89,10135,0.022334,3.39
7842_memo,0,6903,4167,119,11189,0.025744,3.91
7843_memo,0,5535,2646,82,8263,0.017099,2.6
7844_memo,0,5546,2691,71,8308,0.017276,2.63
7845_memo,0,5041,1936,71,7048,0.013186,2.0
7846_memo,0,4811,1721,75,6607,0.011987,1.82
7847_memo,0,5469,2483,102,8054,0.016343,2.48
7848_memo,0,6181,3395,64,9640,0.021158,3.22
7849_memo,0,4770,1724,62,6556,0.011911,1.81
7850_memo,0,6795,4201,74,11070,0.025622,3.89
7851_memo,0,6000,3159,86,9245,0.019975,3.04
7852_memo,0,7283,5018,61,12362,0.029947,4.55
7853_memo,0,4618,1439,71,6128,0.010436,1.59
7854_memo,0,5035,1967,69,7071,0.013327,2.03
7855_memo,0,5129,2067,63,7259,0.013856,2.11
7856_memo,0,5842,3211,115,9168,0.020281,3.08
7857_memo,0,5380,2444,106,7930,0.016113,2.45
7858_memo,0,7472,5260,139,12871,0.031665,4.81
7859_memo,0,6964,5008,102,12074,0.029902,4.55
7861_memo,0,6118,3469,64,9651,0.021489,3.27
7862_memo,0,4999,2091,102,7192,0.014089,2.14
7863_memo,0,4479,1198,106,5783,0.009319,1.42
7864_memo,0,5230,2459,81,7770,0.015969,2.43
7865_memo,0,4943,1773,67,6783,0.012289,1.87
7866_memo,0,6805,4282,116,11203,0.026243,3.99
7867_memo,0,6822,4440,106,11368,0.026994,4.1
7868_memo,0,6080,3292,69,9441,0.020605,3.13
7869_memo,0,5671,3042,67,8780,0.019089,2.9
7870_memo,0,6532,3619,112,10263,0.022737,3.46
7871_memo,0,5036,2193,111,7340,0.014667,2.23
7872_memo,0,6133,3393,112,9638,0.021358,3.25
7873_memo,0,6243,3548,102,9893,0.022152,3.37
7874_memo,0,6420,3661,97,10178,0.022803,3.47
7875_memo,0,5661,2585,82,8328,0.016873,2.56
7876_memo,0,5780,3038,89,8907,0.019248,2.93
7877_memo,0,5793,3061,102,8956,0.019436,2.95
7878_memo,0,5809,2944,67,8820,0.018686,2.84
7879_memo,0,5181,2216,72,7469,0.014678,2.23
7880_memo,0,6725,3863,104,10692,0.024038,3.65
7881_memo,0,5684,2903,71,8658,0.018423,2.8
7882_memo,0,5394,2484,89,7967,0.016236,2.47
7883_memo,0,6039,3188,102,9329,0.020224,3.07
7884_memo,0,11181,10352,106,21639,0.059278,9.01
7885_memo,0,9090,7098,71,16259,0.041526,6.31
7886_memo,0,4886,1803,60,6749,0.012369,1.88
7887_memo,0,7497,5029,71,12597,0.030186,4.59
7888_memo,0,5891,2789,78,8758,0.018017,2.74
7889_memo,0,4784,1938,71,6793,0.013035,1.98
7891_memo,0,5195,2445,71,7711,0.015827,2.41
7893_memo,0,5327,2234,71,7632,0.014854,2.26
7894_memo,0,5226,2357,67,7650,0.015386,2.34
7895_memo,0,6599,3974,98,10671,0.024484,3.72
7896_memo,0,5051,2053,71,7175,0.013777,2.09
7897_memo,0,5429,2585,69,8083,0.016663,2.53
7898_memo,0,5552,2868,102,8522,0.01832,2.78
7899_memo,0,5353,2490,64,7907,0.016116,2.45
7900_memo,0,6485,3831,102,10418,0.023718,3.61
7901_memo,0,6317,3658,89,10064,0.022683,3.45
7902_memo,0,7023,4152,71,11246,0.025504,3.88
7903_memo,0,5432,2587,116,8135,0.01691,2.57
7904_memo,0,4728,1545,71,6344,0.011035,1.68
7905_memo,0,5509,2489,82,8080,0.016298,2.48
7906_memo,0,8058,5581,71,13710,0.033296,5.06
7907_memo,0,5079,2005,69,7153,0.013544,2.06
7908_memo,0,6148,3346,83,9577,0.020987,3.19
7909_memo,0,7555,5723,86,13364,0.033767,5.13
7910_memo,0,5849,2875,67,8791,0.018366,2.79
7911_memo,0,5521,2568,107,8196,0.016826,2.56
7912_memo,0,5077,2065,102,7244,0.014008,2.13
7913_memo,0,4927,1809,69,6805,0.012469,1.9
7914_memo,0,6990,4202,103,11295,0.025894,3.94
7915_memo,0,6775,4192,94,11061,0.025664,3.9
7916_memo,0,5136,2149,71,7356,0.01431,2.18
7917_memo,0,5550,2927,107,8584,0.018639,2.83
7918_memo,0,4789,1798,102,6689,0.012493,1.9
7920_memo,0,4671,1575,120,6366,0.011394,1.73
7921_memo,0,5061,2101,89,7251,0.014113,2.15
7922_memo,0,5558,2631,116,8305,0.017209,2.62
7923_memo,0,5254,2343,71,7668,0.015354,2.33
7924_memo,0,5200,2125,71,7396,0.01423,2.16
7925_memo,0,5572,2686,99,8357,0.017407,2.65
7926_memo,0,4978,1880,141,6999,0.013216,2.01
7927_memo,0,5429,2511,86,8026,0.016378,2.49
7928_memo,0,6749,4173,73,10995,0.025448,3.87
7929_memo,0,4607,1493,66,6166,0.010674,1.62
7930_memo,0,7516,5229,106,12851,0.031372,4.77
7931_memo,0,5441,2727,78,8246,0.017426,2.65
7932_memo,0,5472,2749,71,8292,0.01752,2.66
7933_memo,0,5820,3128,71,9019,0.019632,2.98
7934_memo,0,6312,3617,72,10001,0.02239,3.4
7936_memo,0,5843,2942,83,8868,0.018777,2.85
7938_memo,0,6722,4591,65,11378,0.027481,4.18
7939_memo,0,4005,658,76,4739,0.006173,0.94
7941_memo,0,6008,3393,87,9488,0.021155,3.22
7942_memo,0,4876,1800,65,6741,0.012372,1.88
7943_memo,0,5833,3017,64,8914,0.019051,2.9
7944_memo,0,5185,2094,68,7347,0.014051,2.14
7945_memo,0,6203,3833,86,10122,0.023472,3.57
7946_memo,0,6692,4167,62,10921,0.025328,3.85
7947_memo,0,4727,1743,64,6534,0.011989,1.82
7948_memo,0,15144,12266,124,27534,0.071415,10.86
7949_memo,0,14193,13765,70,28028,0.078046,11.86
7950_memo,0,5477,2399,67,7943,0.015753,2.39
7951_memo,0,12202,11461,103,23766,0.065446,9.95
7952_memo,0,15872,17004,63,32939,0.095255,14.48
7953_memo,0,19001,19619,72,38692,0.110331,16.77
7954_memo,0,17438,17129,82,34649,0.096954,14.74
7955_memo,0,18911,19371,67,38349,0.109009,16.57
7956_memo,0,26012,27719,119,53850,0.155448,23.63
7957_memo,0,10910,8756,71,19737,0.050954,7.74
7958_memo,0,10318,9219,71,19608,0.052899,8.04
7959_memo,0,8294,6273,151,14718,0.037304,5.67
7960_memo,0,10818,8866,71,19755,0.051446,7.82
7961_memo,0,7453,5004,71,12528,0.030033,4.57
7962_memo,0,10323,8469,71,18863,0.049152,7.47
7963_memo,0,13868,14758,71,28697,0.082812,12.59
7964_memo,0,8719,6494,79,15292,0.038314,5.82
7965_memo,0,8428,6158,62,14648,0.036367,5.53
7966_memo,0,10274,9772,71,20117,0.055636,8.46
7967_memo,0,11410,9740,96,21246,0.056311,8.56
7968_memo,0,12701,12141,77,24919,0.069028,10.49
7969_memo,0,9116,7096,71,16283,0.041532,6.31
7970_memo,0,9180,7325,71,16576,0.042717,6.49
7971_memo,0,10338,9082,98,19518,0.052361,7.96
7973_memo,0,11506,10158,108,21772,0.058521,8.9
7974_memo,0,11941,10645,71,22657,0.061043,9.28
7975_memo,0,10379,8571,64,19014,0.049662,7.55
7976_memo,0,10571,8902,89,19562,0.051562,7.84
7977_memo,0,8806,6785,88,15679,0.039869,6.06
7978_memo,0,9636,7799,75,17510,0.045393,6.9
7979_memo,0,12721,11459,62,24242,0.065556,9.96
7980_memo,0,7518,4898,71,12487,0.029544,4.49
7981_memo,0,9535,8146,116,17797,0.047269,7.18
7982_memo,0,10456,8973,71,19500,0.051755,7.87
7983_memo,0,9491,8118,89,17698,0.046967,7.14
7984_memo,0,12576,11980,90,24646,0.06821,10.37
7985_memo,0,11023,9908,69,21000,0.056774,8.63
7986_memo,0,10174,8536,64,18774,0.049359,7.5
7987_memo,0,8276,6131,119,14526,0.036422,5.54
7988_memo,0,8813,6220,71,15104,0.036963,5.62
7989_memo,0,12028,11295,103,23426,0.064507,9.81
7990_memo,0,9182,7030,75,16287,0.041264,6.27
7991_memo,0,10603,9103,113,19819,0.052707,8.01
7992_memo,0,10363,8897,73,19333,0.051327,7.8
7993_memo,0,8882,6378,112,15372,0.038001,5.78
7994_memo,0,13397,13981,73,27451,0.078643,11.95
7995_memo,0,8266,5952,89,14307,0.035371,5.38
7996_memo,0,9071,7520,109,16700,0.043814,6.66
7997_memo,0,8061,5766,89,13916,0.034313,5.22
7998_memo,0,9298,6963,93,16354,0.041091,6.25
7999_memo,0,12239,11081,86,23406,0.063484,9.65
8000_memo,0,14888,14519,71,29478,0.082255,12.5
8001_memo,0,8966,6950,71,15987,0.040709,6.19
8002_memo,0,8776,6528,71,15375,0.03848,5.85
8003_memo,0,5267,2352,67,7686,0.015387,2.34
8004_memo,0,5302,2409,102,7813,0.015869,2.41
8005_memo,0,5466,2683,71,8220,0.017186,2.61
8006_memo,0,6912,4242,104,11258,0.02605,3.96
8007_memo,0,11016,9583,71,20670,0.055155,8.38
8008_memo,0,8150,5619,62,13831,0.033499,5.09
8009_memo,0,8891,7001,93,15985,0.041027,6.24
8010_memo,0,11354,10652,71,22077,0.060711,9.23
8011_memo,0,6663,4002,62,10727,0.024484,3.72
8012_memo,0,5992,3184,97,9273,0.02015,3.06
8013_memo,0,6496,3995,70,10561,0.024385,3.71
8014_memo,0,7977,6068,116,14161,0.035906,5.46
8015_memo,0,6154,3308,73,9535,0.020751,3.15
8016_memo,0,5631,2823,105,8559,0.018159,2.76
8017_memo,0,6801,4026,71,10898,0.024736,3.76
8018_memo,0,6771,4413,84,11268,0.026717,4.06
8019_memo,0,7953,6001,69,14023,0.035321,5.37
8020_memo,0,8599,6557,91,15247,0.038614,5.87
8021_memo,0,6444,3488,124,10056,0.022087,3.36
8022_memo,0,6804,4350,85,11239,0.026427,4.02
8024_memo,0,5263,2329,139,7731,0.015629,2.38
8025_memo,0,8385,7126,71,15582,0.041226,6.27
8026_memo,0,6098,3343,100,9541,0.021026,3.2
8027_memo,0,6584,3795,134,10513,0.02376,3.61
8028_memo,0,8953,7143,71,16167,0.041666,6.33
8029_memo,0,5538,2628,100,8266,0.017101,2.6
8030_memo,0,7606,5168,94,12868,0.031064,4.72
8031_memo,0,7343,4718,89,12150,0.028624,4.35
8032_memo,0,4781,1709,102,6592,0.012043,1.83
8033_memo,0,8916,6772,71,15759,0.039788,6.05
8034_memo,0,6371,3911,105,10387,0.024062,3.66
8035_memo,0,6679,3903,84,10666,0.024109,3.66
8036_memo,0,6900,4593,141,11634,0.027983,4.25
8037_memo,0,6036,3327,121,9484,0.021013,3.19
8038_memo,0,5677,2857,65,8599,0.018158,2.76
8039_memo,0,6812,4103,73,10988,0.025138,3.82
8040_memo,0,8152,6059,73,14284,0.035755,5.43
8041_memo,0,7035,4657,88,11780,0.028122,4.27
8042_memo,0,6596,3859,102,10557,0.023928,3.64
8043_memo,0,5322,2358,62,7742,0.015426,2.34
8044_memo,0,5864,3012,71,8947,0.01908,2.9
8045_memo,0,5212,2194,147,7553,0.014963,2.27
8046_memo,0,4884,1787,68,6739,0.012327,1.87
8047_memo,0,5673,2623,97,8393,0.017146,2.61
8048_memo,0,11907,10638,79,22624,0.061027,9.28
8049_memo,0,5524,2642,85,8251,0.017087,2.6
8050_memo,0,5714,2818,99,8631,0.018156,2.76
8051_memo,0,5590,2559,112,8261,0.016849,2.56
8052_memo,0,5205,2157,102,7464,0.014548,2.21
8053_memo,0,4869,1701,67,6637,0.011883,1.81
8054_memo,0,5922,3141,85,9148,0.019831,3.01
8055_memo,0,7656,5352,73,13081,0.03191,4.85
8056_memo,0,6502,3850,90,10442,0.023764,3.61
8057_memo,0,6461,3699,98,10258,0.023023,3.5
8058_memo,0,6854,4145,73,11072,0.025374,3.86
8059_memo,0,9201,7163,116,16480,0.042146,6.41
8060_memo,0,8345,6380,71,14796,0.037471,5.7
8061_memo,0,6088,3224,99,9411,0.02042,3.1
8062_memo,0,7038,4350,67,11455,0.026484,4.03
8063_memo,0,6609,3726,116,10451,0.023341,3.55
8064_memo,0,6751,4569,74,11394,0.027434,4.17
8065_memo,0,7076,4351,94,11521,0.026648,4.05
8066_memo,0,8408,6160,103,14671,0.03657,5.56
8067_memo,0,6741,4153,100,10994,0.025478,3.87
8068_memo,0,5442,2363,71,7876,0.015571,2.37
8069_memo,0,4995,1994,80,7069,0.013492,2.05
8070_memo,0,4622,1504,89,6215,0.010854,1.65
8071_memo,0,6729,4044,73,10846,0.024791,3.77
8072_memo,0,8698,6563,64,15325,0.038571,5.86
8073_memo,0,8259,6143,118,14520,0.036467,5.54
8074_memo,0,6884,4217,100,11201,0.025888,3.93
8075_memo,0,6612,3998,67,10677,0.024458,3.72
8076_memo,0,6793,4417,71,11281,0.026686,4.06
8077_memo,0,6666,4407,102,11175,0.026711,4.06
8078_memo,0,5794,2781,67,8642,0.017861,2.71
8079_memo,0,4952,1875,67,6894,0.012805,1.95
8080_memo,0,6995,4388,99,11482,0.026807,4.07
8081_memo,0,5916,3001,69,8986,0.019047,2.9
8082_memo,0,7034,4352,73,11459,0.026521,4.03
8083_memo,0,9714,8100,73,17887,0.046936,7.13
8084_memo,0,6542,4100,64,10706,0.024909,3.79
8085_memo,0,6437,3784,69,10290,0.023288,3.54
8086_memo,0,7293,4830,107,12230,0.029243,4.44
8087_memo,0,6046,3305,71,9422,0.020659,3.14
8088_memo,0,6284,3488,73,9845,0.021733,3.3
8089_memo,0,5884,2914,102,8900,0.018757,2.85
8090_memo,0,5475,2833,119,8427,0.018182,2.76
8091_memo,0,6429,4160,62,10651,0.025128,3.82
8092_memo,0,5669,2706,102,8477,0.017583,2.67
8093_memo,0,5961,3369,102,9432,0.021081,3.2
8094_memo,0,5058,1977,101,7136,0.013551,2.06
8095_memo,0,5523,2758,71,8352,0.017597,2.67
8096_memo,0,7145,4645,71,11861,0.028046,4.26
8097_memo,0,6266,3573,62,9901,0.022091,3.36
8098_memo,0,5374,2443,61,7878,0.015879,2.41
8099_memo,0,5667,2646,74,8387,0.017142,2.61
8100_memo,0,5860,3006,64,8930,0.019012,2.89
8101_memo,0,6440,3489,71,10000,0.021825,3.32
8102_memo,0,5776,2877,82,8735,0.018405,2.8
8103_memo,0,6198,3699,102,9999,0.022879,3.48
8104_memo,0,5761,2913,86,8760,0.018596,2.83
8105_memo,0,5570,2736,85,8391,0.017586,2.67
8106_memo,0,6544,3765,70,10379,0.023265,3.54
8107_memo,0,8527,6928,89,15544,0.040414,6.14
8108_memo,0,5464,2585,63,8112,0.016655,2.53
8109_memo,0,4860,1817,67,6744,0.012457,1.89
8110_memo,0,5624,2749,71,8444,0.017615,2.68
8111_memo,0,5667,2888,71,8626,0.018337,2.79
8112_memo,0,6817,4631,71,11519,0.027771,4.22
8113_memo,0,4338,1177,89,5604,0.009041,1.37
8114_memo,0,4844,1852,69,6765,0.012632,1.92
8116_memo,0,7276,4988,71,12335,0.029843,4.54
8117_memo,0,5812,2959,61,8832,0.018732,2.85
8119_memo,0,6091,3497,71,9659,0.021647,3.29
8120_memo,0,5601,2683,73,8357,0.017281,2.63
8121_memo,0,5970,3085,69,9124,0.019501,2.96
8122_memo,0,9267,7236,70,16573,0.042322,6.43
8123_memo,0,5365,2656,113,8134,0.017198,2.61
8124_memo,0,5494,2733,123,8350,0.017714,2.69
8125_memo,0,5689,2701,116,8506,0.017641,2.68
8126_memo,0,5138,2210,91,7439,0.014716,2.24
8127_memo,0,6847,4201,116,11164,0.025864,3.93
8128_memo,0,4877,1776,71,6724,0.012283,1.87
8129_memo,0,5329,2202,62,7593,0.014651,2.23
8130_memo,0,5579,2716,83,8378,0.017482,2.66
8132_memo,0,6934,4515,71,11520,0.027264,4.14
8133_memo,0,6188,3818,67,10073,0.023293,3.54
8134_memo,0,9277,7404,86,16767,0.043248,6.57
8135_memo,0,6504,3804,75,10383,0.02346,3.57
8136_memo,0,6210,3592,82,9884,0.022251,3.38
8137_memo,0,4872,1842,62,6776,0.012565,1.91
8138_memo,0,4916,1852,102,6870,0.012843,1.95
8139_memo,0,7203,4620,65,11888,0.027927,4.24
8141_memo,0,6219,3399,72,9690,0.021242,3.23
8142_memo,0,6530,3872,69,10471,0.023786,3.62
8143_memo,0,6078,3152,102,9332,0.020069,3.05
8144_memo,0,5661,2923,61,8645,0.018458,2.81
8145_memo,0,6540,4054,65,10659,0.024683,3.75
8146_memo,0,5032,2007,67,7106,0.013515,2.05
8147_memo,0,7081,4454,64,11599,0.027016,4.11
8148_memo,0,8073,5679,71,13823,0.033796,5.14
8149_memo,0,7175,4827,71,12073,0.028974,4.4
8150_memo,0,5900,3268,71,9239,0.020383,3.1
8151_memo,0,6439,3625,71,10135,0.022504,3.42
8152_memo,0,7332,4777,69,12178,0.028812,4.38
8153_memo,0,6418,3831,71,10320,0.023521,3.58
8154_memo,0,4534,1415,100,6049,0.010409,1.58
8155_memo,0,5063,1942,71,7076,0.013229,2.01
8156_memo,0,6574,3774,113,10461,0.023544,3.58
8157_memo,0,8405,6369,73,14847,0.037463,5.69
8159_memo,0,5782,2944,87,8813,0.018769,2.85
8160_memo,0,7273,5153,79,12505,0.030706,4.67
8161_memo,0,5958,3303,85,9346,0.020664,3.14
8162_memo,0,5779,2958,89,8826,0.018847,2.86
8163_memo,0,4939,1914,96,6949,0.013137,2.0
8164_memo,0,6065,3149,69,9283,0.019881,3.02
8165_memo,0,5989,2972,102,9063,0.019113,2.91
8166_memo,0,5341,2401,100,7842,0.015843,2.41
8167_memo,0,6091,3103,100,9294,0.019822,3.01
8168_memo,0,6007,3206,73,9286,0.020149,3.06
8169_memo,0,5364,2433,99,7896,0.016012,2.43
8170_memo,0,5611,2666,71,8348,0.017192,2.61
8171_memo,0,5008,1948,71,7027,0.013225,2.01
8173_memo,0,7862,6157,115,14134,0.036274,5.51
8174_memo,0,10975,8972,102,20049,0.052229,7.94
8176_memo,0,6489,3721,62,10272,0.022971,3.49
8177_memo,0,4363,1176,89,5628,0.009052,1.38
8178_memo,0,5065,2057,98,7220,0.013941,2.12
8179_memo,0,5325,2291,67,7683,0.015118,2.3
8180_memo,0,4876,1767,62,6705,0.012193,1.85
8181_memo,0,5218,2150,71,7439,0.014366,2.18
8182_memo,0,5332,2447,113,7892,0.016133,2.45
8183_memo,0,4933,1754,102,6789,0.012363,1.88
8184_memo,0,5634,2662,74,8370,0.017201,2.61
8185_memo,0,6517,3884,70,10471,0.023843,3.62
8186_memo,0,7830,5877,73,13780,0.034644,5.27
8187_memo,0,8349,6741,73,15163,0.039288,5.97
8188_memo,0,4938,1835,100,6873,0.012761,1.94
8189_memo,0,6302,3583,71,9956,0.022209,3.38
8190_memo,0,7214,5003,88,12305,0.029964,4.55
8191_memo,0,5884,3062,102,9048,0.019498,2.96
8192_memo,0,5899,3074,107,9080,0.019592,2.98
8193_memo,0,5911,3250,71,9232,0.020299,3.09
8194_memo,0,6270,3706,64,10040,0.022769,3.46
8195_memo,0,5330,2385,131,7846,0.015911,2.42
8196_memo,0,6992,4336,64,11392,0.02637,4.01
8197_memo,0,5874,3269,86,9229,0.020446,3.11
8198_memo,0,4888,1740,72,6700,0.012115,1.84
8199_memo,0,5481,2650,86,8217,0.017106,2.6
8200_memo,0,7209,4872,86,12167,0.029296,4.45
8201_memo,0,7867,5761,114,13742,0.034292,5.21
8202_memo,0,7954,5831,71,13856,0.034481,5.24
8203_memo,0,5040,1872,81,6993,0.012915,1.96
8204_memo,0,5103,2038,86,7227,0.013809,2.1
8205_memo,0,6117,3304,71,9492,0.020698,3.15
8206_memo,0,5623,2886,102,8611,0.018454,2.81
8207_memo,0,5225,2186,63,7474,0.014511,2.21
8208_memo,0,5541,2683,104,8328,0.017398,2.64
8209_memo,0,5159,2153,113,7425,0.014554,2.21
8210_memo,0,4828,1764,75,6667,0.012212,1.86
8211_memo,0,5572,2736,71,8379,0.017518,2.66
8212_memo,0,7201,4758,62,12021,0.028601,4.35
8213_memo,0,6572,3989,71,10632,0.024408,3.71
8214_memo,0,4798,1796,67,6661,0.012314,1.87
8215_memo,0,6503,3750,88,10341,0.023254,3.53
8216_memo,0,4816,1710,101,6627,0.012065,1.83
8217_memo,0,5588,2754,73,8415,0.017628,2.68
8218_memo,0,5400,2738,75,8213,0.01744,2.65
8219_memo,0,4993,2051,157,7201,0.014161,2.15
8220_memo,0,6025,3580,64,9669,0.021986,3.34
8221_memo,0,6318,3615,134,10067,0.022694,3.45
8222_memo,0,5815,2957,72,8844,0.018779,2.85
8223_memo,0,5619,2804,97,8520,0.018017,2.74
8224_memo,0,4832,1875,100,6807,0.012895,1.96
8225_memo,0,7461,5300,70,12831,0.031513,4.79
8226_memo,0,7312,4714,73,12099,0.028505,4.33
8227_memo,0,5916,3139,69,9124,0.019737,3.0
8228_memo,0,6346,3732,84,10162,0.023046,3.5
8229_memo,0,5167,2093,102,7362,0.014204,2.16
8230_memo,0,6135,3630,69,9834,0.022329,3.39
8231_memo,0,5485,2529,72,8086,0.016433,2.5
8232_memo,0,5744,2830,73,8647,0.018105,2.75
8234_memo,0,4836,1683,101,6620,0.011943,1.82
8235_memo,0,8723,6288,82,15093,0.037302,5.67
8236_memo,0,5493,2629,73,8195,0.016943,2.58
8237_memo,0,6461,3527,102,10090,0.022183,3.37
8238_memo,0,5930,3374,71,9375,0.020931,3.18
8239_memo,0,5142,2199,122,7463,0.014819,2.25
8240_memo,0,6192,3516,69,9777,0.021795,3.31
8241_memo,0,5133,2210,69,7412,0.014603,2.22
8243_memo,0,12048,11415,112,23575,0.065165,9.91
8244_memo,0,7805,5580,94,13479,0.033248,5.05
8246_memo,0,5299,2169,103,7571,0.014672,2.23
8247_memo,0,5149,2155,128,7432,0.014633,2.22
8248_memo,0,6373,3754,86,10213,0.023183,3.52
8249_memo,0,6312,3554,100,9966,0.022215,3.38
8250_memo,0,4936,1794,100,6830,0.012555,1.91
8251_memo,0,5127,1964,103,7194,0.013539,2.06
8252_memo,0,4798,1798,100,6696,0.012489,1.9
8253_memo,0,5537,2714,100,8351,0.017531,2.66
8254_memo,0,5181,2276,71,7528,0.014973,2.28
8255_memo,0,4449,1269,103,5821,0.009641,1.47
8256_memo,0,6399,3758,99,10256,0.023284,3.54
8257_memo,0,7393,5254,64,12711,0.031211,4.74
8258_memo,0,6678,4339,71,11088,0.026224,3.99
8259_memo,0,5783,3052,71,8906,0.019229,2.92
8260_memo,0,4543,1390,123,6056,0.010404,1.58
8261_memo,0,6036,3419,100,9555,0.021367,3.25
8262_memo,0,7448,5270,71,12789,0.03136,4.77
8263_memo,0,9642,7866,71,17579,0.045711,6.95
8264_memo,0,4290,1068,69,5427,0.008366,1.27
8265_memo,0,4382,1136,71,5589,0.008774,1.33
8266_memo,0,5803,2813,97,8713,0.018177,2.76
8267_memo,0,6332,3689,71,10092,0.022757,3.46
8268_memo,0,7281,4878,114,12273,0.029511,4.49
8269_memo,0,6740,4019,102,10861,0.024817,3.77
8270_memo,0,5483,2524,67,8074,0.016382,2.49
8271_memo,0,5456,2549,71,8076,0.01651,2.51
8272_memo,0,5206,2125,71,7402,0.014234,2.16
8273_memo,0,4887,2047,75,7009,0.013664,2.08
8274_memo,0,4576,1522,62,6160,0.01078,1.64
8275_memo,0,5048,2129,84,7261,0.01422,2.16
8276_memo,0,6500,3812,66,10378,0.023453,3.56
8277_memo,0,5238,2357,71,7666,0.015414,2.34
8278_memo,0,4603,1518,88,6209,0.010907,1.66
8279_memo,0,6704,4252,71,11027,0.025805,3.92
8280_memo,0,6752,4056,73,10881,0.024865,3.78
8281_memo,0,6430,3734,112,10276,0.023249,3.53
8282_memo,0,5381,2357,89,7827,0.015593,2.37
8283_memo,0,5136,1995,158,7289,0.013975,2.12
8284_memo,0,6526,3775,100,10401,0.023454,3.56
8285_memo,0,4681,1461,102,6244,0.010741,1.63
8286_memo,0,5397,2443,89,7929,0.016033,2.44
8287_memo,0,6014,3204,75,9293,0.020154,3.06
8288_memo,0,4630,1510,168,6308,0.011284,1.72
8289_memo,0,6703,4031,71,10805,0.024699,3.75
8290_memo,0,4347,1135,141,5623,0.009097,1.38
8291_memo,0,6059,3500,71,9630,0.021642,3.29
8292_memo,0,5248,2311,107,7666,0.01537,2.34
8293_memo,0,5700,2825,114,8639,0.018258,2.78
8295_memo,0,4666,1578,105,6349,0.011331,1.72
8296_memo,0,7208,5018,67,12293,0.02993,4.55
8298_memo,0,4751,1598,104,6453,0.011479,1.74
8299_memo,0,7026,4468,91,11585,0.027186,4.13
8300_memo,0,6077,3304,69,9450,0.020663,3.14
8301_memo,0,5424,2469,71,7964,0.01609,2.45
8302_memo,0,5476,2593,67,8136,0.016723,2.54
8303_memo,0,8518,6460,113,15091,0.038189,5.8
8304_memo,0,5173,2164,110,7447,0.014603,2.22
8305_memo,0,5308,2333,60,7701,0.015283,2.32
8306_memo,0,5866,2930,88,8884,0.018756,2.85
8307_memo,0,5077,2105,71,7253,0.014053,2.14
8308_memo,0,5775,2934,71,8780,0.018634,2.83
8309_memo,0,6628,4014,124,10766,0.024833,3.77
8310_memo,0,4795,1736,190,6721,0.012627,1.92
8311_memo,0,7721,5411,113,13245,0.032446,4.93
8312_memo,0,4478,1301,48,5827,0.009544,1.45
8313_memo,0,6723,3973,71,10767,0.024422,3.71
8314_memo,0,5892,3029,71,8992,0.019182,2.92
8315_memo,0,7877,5499,74,13450,0.032788,4.98
8316_memo,0,5977,3246,69,9292,0.020311,3.09
8317_memo,0,7411,5181,67,12659,0.030872,4.69
8318_memo,0,6018,3143,116,9277,0.020056,3.05
8319_memo,0,5801,3041,72,8914,0.019191,2.92
8320_memo,0,6365,4077,101,10543,0.024868,3.78
8321_memo,0,4330,1148,111,5589,0.009001,1.37
8322_memo,0,5399,2398,62,7859,0.015674,2.38
8323_memo,0,6121,3475,72,9668,0.021561,3.28
8324_memo,0,6487,3880,64,10431,0.023774,3.61
8325_memo,0,4430,1305,96,5831,0.009774,1.49
8326_memo,0,6363,3655,117,10135,0.022837,3.47
8327_memo,0,5650,2857,83,8590,0.018231,2.77
8328_memo,0,5226,2190,71,7487,0.014571,2.21
8329_memo,0,6366,3776,69,10211,0.023204,3.53
8330_memo,0,5337,2279,102,7718,0.015241,2.32
8331_memo,0,6109,3413,132,9654,0.021543,3.27
8332_memo,0,6701,4013,94,10808,0.024723,3.76
8333_memo,0,4631,1458,64,6153,0.010504,1.6
8334_memo,0,7746,5616,102,13464,0.033431,5.08
8335_memo,0,4774,1696,67,6537,0.011799,1.79
8336_memo,0,5634,2770,67,8471,0.017706,2.69
8337_memo,0,8925,7004,71,16000,0.040953,6.22
8338_memo,0,6087,3342,73,9502,0.020879,3.17
8339_memo,0,4813,1766,72,6651,0.012198,1.85
8340_memo,0,4655,1561,67,6283,0.011049,1.68
8341_memo,0,5247,2173,69,7489,0.014489,2.2
8342_memo,0,6663,4010,100,10773,0.024714,3.76
8343_memo,0,5182,2166,119,7467,0.014664,2.23
8344_memo,0,4720,1691,102,6513,0.011915,1.81
8346_memo,0,4490,1265,67,5822,0.009466,1.44
8347_memo,0,7835,5659,65,13559,0.033517,5.09
8348_memo,0,5105,2068,78,7251,0.013921,2.12
8349_memo,0,5643,3030,89,8762,0.019122,2.91
8350_memo,0,6598,4024,72,10694,0.024604,3.74
8351_memo,0,4771,1628,77,6476,0.011507,1.75
8352_memo,0,5483,2469,71,8023,0.016127,2.45
8353_memo,0,8885,7143,74,16102,0.041638,6.33
8354_memo,0,6577,3923,104,10604,0.024246,3.69
8355_memo,0,5766,2943,119,8828,0.018914,2.87
8356_memo,0,6115,3267,69,9451,0.020502,3.12
8357_memo,0,5605,2742,71,8418,0.017568,2.67
8358_memo,0,5957,3023,100,9080,0.019338,2.94
8359_memo,0,6868,4033,102,11003,0.024968,3.8
8360_memo,0,4941,2002,87,7030,0.013533,2.06
8361_memo,0,5312,2344,117,7773,0.015625,2.38
8362_memo,0,5180,2199,104,7483,0.014752,2.24
8363_memo,0,4524,1326,71,5921,0.009813,1.49
8364_memo,0,5300,2359,102,7761,0.015617,2.37
8365_memo,0,6170,3223,69,9462,0.020316,3.09
8366_memo,0,5515,2511,86,8112,0.016432,2.5
8367_memo,0,5346,2419,62,7827,0.015746,2.39
8368_memo,0,8053,6031,102,14186,0.035698,5.43
8369_memo,0,4609,1410,84,6103,0.010351,1.57
8370_memo,0,5116,2055,69,7240,0.013817,2.1
8371_memo,0,6427,3693,111,10231,0.023037,3.5
8372_memo,0,7095,4691,96,11882,0.028369,4.31
8373_memo,0,5920,3084,73,9077,0.019485,2.96
8374_memo,0,4743,1580,106,6429,0.011394,1.73
8375_memo,0,5595,2503,101,8199,0.016517,2.51
8376_memo,0,6638,3996,99,10733,0.024624,3.74
8377_memo,0,6850,4549,73,11472,0.027391,4.16
8378_memo,0,6306,3342,93,9741,0.021116,3.21
8379_memo,0,5048,1957,76,7081,0.01332,2.02
8380_memo,0,6812,4011,94,10917,0.024783,3.77
8381_memo,0,6309,3634,62,10005,0.022423,3.41
8382_memo,0,5174,2091,61,7326,0.013994,2.13
8383_memo,0,5061,1954,71,7086,0.013288,2.02
8384_memo,0,5545,2703,69,8317,0.017326,2.63
8385_memo,0,4691,1608,89,6388,0.011417,1.74
8386_memo,0,5456,2513,98,8067,0.016465,2.5
8387_memo,0,4507,1344,75,5926,0.009912,1.51
8388_memo,0,6632,4153,101,10886,0.025415,3.86
8389_memo,0,5822,3069,72,8963,0.019344,2.94
8390_memo,0,7191,4694,64,11949,0.028284,4.3
8391_memo,0,4814,1748,62,6624,0.012059,1.83
8392_memo,0,8607,7075,71,15753,0.041109,6.25
8393_memo,0,6340,3374,89,9803,0.021278,3.23
8394_memo,0,6231,3325,72,9628,0.020879,3.17
8395_memo,0,7867,5506,64,13437,0.032767,4.98
8396_memo,0,7271,4687,72,12030,0.028339,4.31
8397_memo,0,6135,3389,146,9670,0.021509,3.27
8398_memo,0,5668,2765,65,8498,0.017692,2.69
8399_memo,0,4785,1852,94,6731,0.012721,1.93
8400_memo,0,7983,5888,67,13938,0.034764,5.28
8401_memo,0,6098,3710,119,9927,0.022956,3.49
8402_memo,0,5035,2050,67,7152,0.013732,2.09
8403_memo,0,6529,3925,71,10525,0.024061,3.66
8404_memo,0,4628,1417,64,6109,0.010297,1.57
8405_memo,0,4600,1365,70,6035,0.01005,1.53
8406_memo,0,6015,3289,73,9377,0.020569,3.13
8407_memo,0,5382,2455,151,7988,0.016394,2.49
8408_memo,0,5573,2736,170,8479,0.018013,2.74
8409_memo,0,5139,1959,62,7160,0.013317,2.02
8410_memo,0,4737,1912,72,6721,0.012881,1.96
8411_memo,0,5051,1875,85,7011,0.012957,1.97
8412_memo,0,9472,7686,106,17264,0.04488,6.82
8413_memo,0,4724,1580,73,6377,0.011218,1.71
8414_memo,0,4598,1449,148,6195,0.010859,1.65
8415_memo,0,4970,1812,67,6849,0.012501,1.9
8416_memo,0,5876,3160,100,9136,0.019972,3.04
8417_memo,0,6866,4307,62,11235,0.026136,3.97
8418_memo,0,4963,2050,83,7096,0.013767,2.09
8419_memo,0,5388,2647,69,8104,0.016948,2.58
8420_memo,0,6300,3849,73,10222,0.023548,3.58
8421_memo,0,5589,2764,71,8424,0.017668,2.69
8422_memo,0,6439,3700,72,10211,0.022884,3.48
8423_memo,0,7839,5791,101,13731,0.034359,5.22
8424_memo,0,4932,1872,162,6966,0.013252,2.01
8425_memo,0,5807,3075,63,8945,0.019319,2.94
8426_memo,0,5409,2458,69,7936,0.016016,2.43
8427_memo,0,5572,2810,71,8453,0.017888,2.72
8428_memo,0,5713,2875,83,8671,0.018361,2.79
8429_memo,0,5970,3154,99,9223,0.019996,3.04
8430_memo,0,6640,4075,172,10887,0.025385,3.86
8431_memo,0,7708,5532,116,13356,0.033058,5.02
8432_memo,0,5571,2655,76,8302,0.017137,2.6
8433_memo,0,4827,1731,115,6673,0.012247,1.86
8434_memo,0,5081,2231,123,7435,0.014946,2.27
8435_memo,0,4646,1549,118,6313,0.011239,1.71
8437_memo,0,5572,2726,100,8398,0.017612,2.68
8438_memo,0,4898,1951,71,6920,0.013171,2.0
8439_memo,0,5667,2720,76,8463,0.017522,2.66
8440_memo,0,5337,2455,104,7896,0.016131,2.45
8441_memo,0,8117,5883,79,14079,0.034883,5.3
8442_memo,0,5802,3034,74,8910,0.019166,2.91
8443_memo,0,6226,3367,71,9664,0.021081,3.2
8444_memo,0,7187,4692,64,11943,0.028272,4.3
8445_memo,0,7545,5596,71,13212,0.033051,5.02
8446_memo,0,5557,2738,93,8388,0.017628,2.68
8447_memo,0,5484,2549,102,8135,0.016683,2.54
8448_memo,0,4924,1978,101,7003,0.013473,2.05
8449_memo,0,5683,2765,71,8519,0.017732,2.7
8450_memo,0,6317,3657,85,10059,0.022658,3.44
8451_memo,0,6527,4303,133,10963,0.026259,3.99
8452_memo,0,5338,2365,125,7828,0.015786,2.4
8453_memo,0,4795,1809,66,6670,0.012372,1.88
8454_memo,0,5250,2365,103,7718,0.015621,2.37
8455_memo,0,5835,2909,69,8813,0.018537,2.82
8456_memo,0,5688,2738,75,8501,0.01762,2.68
8457_memo,0,4217,993,101,5311,0.008106,1.23
8458_memo,0,5574,2544,73,8191,0.016569,2.52
8459_memo,0,6024,3483,112,9619,0.02174,3.3
8460_memo,0,5399,2394,67,7860,0.015679,2.38
8461_memo,0,4572,1374,71,6017,0.010083,1.53
8462_memo,0,4426,1347,107,5880,0.010036,1.53
8463_memo,0,6906,4490,104,11500,0.027286,4.15
8464_memo,0,5122,2107,72,7301,0.014096,2.14
8465_memo,0,5617,2745,71,8433,0.017591,2.67
8466_memo,0,5156,2212,87,7455,0.014717,2.24
8467_memo,0,8019,5591,73,13683,0.033332,5.07
8468_memo,0,4075,749,105,4929,0.006817,1.04
8469_memo,0,4947,1986,71,7004,0.013377,2.03
8470_memo,0,5288,2495,133,7916,0.016445,2.5
8471_memo,0,6129,3539,71,9739,0.021881,3.33
8472_memo,0,5746,3055,72,8873,0.019226,2.92
8473_memo,0,7670,5245,108,13023,0.031559,4.8
8474_memo,0,12740,11724,71,24535,0.066937,10.17
8475_memo,0,7289,4586,64,11939,0.027806,4.23
8476_memo,0,8944,6956,69,15969,0.040715,6.19
8477_memo,0,6856,4298,85,11239,0.0262,3.98
8479_memo,0,5512,2731,104,8347,0.01762,2.68
8480_memo,0,4832,1738,90,6660,0.01216,1.85
8481_memo,0,10101,9060,74,19235,0.051983,7.9
8483_memo,0,5760,2750,73,8583,0.017715,2.69
8484_memo,0,5658,2983,100,8741,0.018951,2.88
8485_memo,0,5436,2594,67,8097,0.016703,2.54
8486_memo,0,4576,1387,102,6065,0.010305,1.57
8487_memo,0,6996,4319,89,11404,0.026412,4.01
8488_memo,0,5172,2340,64,7576,0.015252,2.32
8489_memo,0,6128,3472,71,9671,0.021545,3.27
8490_memo,0,5927,3064,71,9062,0.019379,2.95
8491_memo,0,6412,3546,71,10029,0.022093,3.36
8492_memo,0,5867,3040,87,8994,0.019302,2.93
8493_memo,0,5606,2795,73,8474,0.017844,2.71
8494_memo,0,5501,2658,72,8231,0.017088,2.6
8495_memo,0,6316,3692,113,10121,0.022972,3.49
8496_memo,0,5659,2658,73,8390,0.017192,2.61
8497_memo,0,7221,4808,103,12132,0.029068,4.42
8498_memo,0,5845,3041,71,8957,0.019213,2.92
8499_memo,0,5866,2899,62,8827,0.018471,2.81
8500_memo,0,5266,2269,99,7634,0.015131,2.3
8501_memo,0,6008,3341,72,9421,0.02082,3.16
8502_memo,0,5894,2905,71,8870,0.018564,2.82
8503_memo,0,5617,2670,86,8373,0.017291,2.63
8504_memo,0,5785,2902,172,8859,0.018986,2.89
8505_memo,0,5399,2318,76,7793,0.015344,2.33
8506_memo,0,5042,2044,69,7155,0.013716,2.08
8507_memo,0,5200,2135,91,7426,0.01438,2.19
8508_memo,0,5730,2780,72,8582,0.017841,2.71
8509_memo,0,6050,3055,71,9176,0.019411,2.95
8510_memo,0,5785,2924,98,8807,0.018726,2.85
8511_memo,0,7288,5062,67,12417,0.0302,4.59
8512_memo,0,7589,5624,71,13284,0.033218,5.05
8513_memo,0,7081,4501,127,11709,0.027566,4.19
8514_memo,0,4801,1832,109,6742,0.012706,1.93
8515_memo,0,5156,2214,102,7472,0.014802,2.25
8516_memo,0,5589,2660,73,8322,0.017158,2.61
8517_memo,0,5379,2566,115,8060,0.016767,2.55
8518_memo,0,7955,5784,71,13810,0.034247,5.21
8519_memo,0,4634,1535,70,6239,0.010921,1.66
8520_memo,0,5275,2339,98,7712,0.015482,2.35
8522_memo,0,6101,3262,73,9436,0.020488,3.11
8523_memo,0,6101,3683,201,9985,0.023233,3.53
8524_memo,0,5234,2275,62,7571,0.014956,2.27
8526_memo,0,5765,2897,102,8764,0.018598,2.83
8527_memo,0,5613,2596,86,8295,0.016918,2.57
8528_memo,0,9133,7382,80,16595,0.043018,6.54
8529_memo,0,5469,2609,85,8163,0.016888,2.57
8531_memo,0,5011,2015,73,7099,0.013572,2.06
8532_memo,0,4985,1798,67,6850,0.012441,1.89
8533_memo,0,4863,1859,62,6784,0.012644,1.92
8534_memo,0,6601,4027,69,10697,0.024606,3.74
8535_memo,0,5713,2825,82,8620,0.018106,2.75
8536_memo,0,5777,2717,71,8565,0.017551,2.67
8537_memo,0,5891,3094,102,9087,0.019662,2.99
8538_memo,0,4404,1173,67,5644,0.008952,1.36
8539_memo,0,6523,3874,86,10483,0.023877,3.63
8540_memo,0,6023,3480,113,9616,0.021729,3.3
8541_memo,0,7418,5042,64,12524,0.030166,4.59
8542_memo,0,5517,2545,69,8131,0.016518,2.51
8543_memo,0,6247,3471,81,9799,0.021664,3.29
8544_memo,0,6015,3235,85,9335,0.020359,3.09
8545_memo,0,5239,2147,108,7494,0.014549,2.21
8546_memo,0,5601,2616,102,8319,0.017091,2.6
8547_memo,0,4479,1277,99,5855,0.009679,1.47
8548_memo,0,5007,2068,199,7274,0.014464,2.2
8549_memo,0,6428,3941,109,10478,0.024267,3.69
8550_memo,0,4381,1152,87,5620,0.008933,1.36
8551_memo,0,5120,1887,61,7068,0.01294,1.97
8552_memo,0,5943,2958,69,8970,0.018849,2.87
8553_memo,0,5982,3066,67,9115,0.019404,2.95
8554_memo,0,6060,3240,72,9372,0.020347,3.09
8555_memo,0,12644,11786,102,24532,0.067342,10.24
8556_memo,0,6232,3515,105,9852,0.021995,3.34
8557_memo,0,6042,3250,71,9363,0.020381,3.1
8558_memo,0,6399,3622,113,10134,0.022674,3.45
8559_memo,0,6357,3670,69,10096,0.022668,3.45
8560_memo,0,4836,1699,67,6602,0.011852,1.8
8561_memo,0,4401,1186,100,5687,0.009181,1.4
8562_memo,0,6364,3553,71,9988,0.022097,3.36
8563_memo,0,6593,3768,73,10434,0.023326,3.55
8564_memo,0,8222,6432,71,14725,0.037654,5.72
8565_memo,0,5255,2166,62,7483,0.014424,2.19
8566_memo,0,4917,1850,87,6854,0.012758,1.94
8567_memo,0,5000,1881,85,6966,0.012955,1.97
8568_memo,0,5035,2003,71,7109,0.013517,2.05
8569_memo,0,6093,3393,87,9573,0.021208,3.22
8570_memo,0,4554,1436,72,6062,0.010386,1.58
8571_memo,0,4251,983,71,5305,0.007927,1.2
8572_memo,0,5740,2806,86,8632,0.018048,2.74
8573_memo,0,5760,2905,67,8732,0.01846,2.81
8574_memo,0,5856,2954,128,8938,0.01907,2.9
8575_memo,0,5166,2259,71,7496,0.014879,2.26
8576_memo,0,6438,3824,73,10335,0.023509,3.57
8577_memo,0,5568,2729,73,8370,0.01749,2.66
8578_memo,0,6432,3887,88,10407,0.023895,3.63
8579_memo,0,6630,3911,73,10614,0.024064,3.66
8580_memo,0,4315,1074,91,5480,0.008522,1.3
8581_memo,0,4883,1920,75,6878,0.013027,1.98
8582_memo,0,5830,3324,97,9251,0.020749,3.15
8583_memo,0,7112,4513,62,11687,0.02732,4.15
8584_memo,0,6627,3936,69,10632,0.024167,3.67
8585_memo,0,5448,2616,63,8127,0.0168,2.55
8587_memo,0,10074,8411,90,18575,0.048801,7.42
8588_memo,0,4603,1486,78,6167,0.010697,1.63
8589_memo,0,4615,1455,73,6143,0.010524,1.6
8590_memo,0,5741,2910,82,8733,0.018548,2.82
8591_memo,0,5480,2613,89,8182,0.016935,2.57
8592_memo,0,7338,4827,69,12234,0.029066,4.42
8593_memo,0,4980,1985,60,7025,0.013337,2.03
8594_memo,0,4536,1387,60,5983,0.01007,1.53
8595_memo,0,6860,4444,107,11411,0.027043,4.11
8596_memo,0,5910,3056,104,9070,0.019494,2.96
8597_memo,0,5514,2667,103,8284,0.017296,2.63
8598_memo,0,7583,5094,67,12744,0.030544,4.64
8599_memo,0,4491,1403,100,5994,0.010322,1.57
8600_memo,0,5343,2277,64,7684,0.015044,2.29
8601_memo,0,4441,1234,96,5771,0.009426,1.43
8602_memo,0,7800,5418,74,13292,0.032335,4.91
8603_memo,0,4821,1873,71,6765,0.012733,1.94
8604_memo,0,5124,2110,73,7307,0.014118,2.15
8605_memo,0,4610,1463,125,6198,0.010821,1.64
8606_memo,0,5404,2597,89,8090,0.016807,2.55
8607_memo,0,4617,1511,91,6219,0.010896,1.66
8608_memo,0,6048,3370,73,9491,0.020995,3.19
8609_memo,0,4282,983,188,5453,0.008531,1.3
8610_memo,0,6651,3161,89,9901,0.020407,3.1
8611_memo,0,5599,3000,97,8696,0.018984,2.89
8612_memo,0,4702,1688,72,6462,0.011739,1.78
8613_memo,0,7295,4695,83,12073,0.028449,4.32
8615_memo,0,4216,907,54,5177,0.00744,1.13
8616_memo,0,4881,1777,67,6725,0.012271,1.87
8617_memo,0,5445,2373,69,7887,0.015613,2.37
8618_memo,0,5355,2190,101,7646,0.014802,2.25
8620_memo,0,4140,873,29,5042,0.007097,1.08
8621_memo,0,4563,1548,100,6211,0.011092,1.69
8622_memo,0,5772,3005,73,8850,0.018998,2.89
8624_memo,0,7161,4589,71,11821,0.027776,4.22
8625_memo,0,6011,3447,75,9533,0.021367,3.25
8626_memo,0,4782,1670,75,6527,0.011714,1.78
8627_memo,0,4746,1617,73,6436,0.011416,1.74
8628_memo,0,5567,2678,67,8312,0.017204,2.62
8629_memo,0,4584,1481,160,6225,0.01107,1.68
8630_memo,0,7690,5656,119,13465,0.033681,5.12
8631_memo,0,5693,2947,124,8764,0.018913,2.87
8632_memo,0,5201,2082,82,7365,0.014071,2.14
8633_memo,0,5320,2415,102,7837,0.01591,2.42
8634_memo,0,16795,16634,89,33518,0.094112,14.31
8635_memo,0,21525,24097,71,45693,0.134293,20.41
8636_memo,0,16686,16334,88,33108,0.092539,14.07
8637_memo,0,17109,18189,73,35371,0.102003,15.5
8638_memo,0,13441,12986,65,26492,0.073656,11.2
8639_memo,0,10671,8620,142,19433,0.050479,7.67
8640_memo,0,7283,4888,71,12242,0.029347,4.46
8641_memo,0,9168,7522,103,16793,0.043855,6.67
8642_memo,0,10049,8251,100,18400,0.048036,7.3
8643_memo,0,5855,2969,83,8907,0.018919,2.88
8644_memo,0,8676,6848,64,15588,0.039983,6.08
8645_memo,0,8805,6459,71,15335,0.038153,5.8
8646_memo,0,9664,8019,74,17757,0.046505,7.07
8647_memo,0,9482,7334,99,16915,0.043091,6.55
8648_memo,0,11722,10087,73,21882,0.058126,8.84
8649_memo,0,11487,10455,107,22049,0.059989,9.12
8650_memo,0,7075,4698,101,11874,0.028417,4.32
8651_memo,0,8905,6711,62,15678,0.039431,5.99
8652_memo,0,8222,5864,115,14201,0.035034,5.33
8653_memo,0,12188,10789,96,23073,0.062043,9.43
8654_memo,0,12441,11064,67,23572,0.063431,9.64
8655_memo,0,9154,7303,75,16532,0.042611,6.48
8656_memo,0,7668,5306,99,13073,0.031817,4.84
8657_memo,0,8941,7201,86,16228,0.042023,6.39
8658_memo,0,7756,5323,111,13190,0.032017,4.87
8659_memo,0,11294,9802,71,21167,0.056424,8.58
8660_memo,0,10802,9354,113,20269,0.054086,8.22
8661_memo,0,7940,5639,72,13651,0.033517,5.09
8663_memo,0,11795,10543,71,22409,0.060442,9.19
8664_memo,0,6963,4658,82,11703,0.028052,4.26
8666_memo,0,9926,8578,102,18606,0.049604,7.54
8667_memo,0,12819,11769,103,24691,0.067372,10.24
8668_memo,0,9331,7230,190,16751,0.042932,6.53
8669_memo,0,7076,4813,102,11991,0.028997,4.41
8670_memo,0,11750,10484,165,22399,0.060589,9.21
8671_memo,0,8344,6884,87,15315,0.04007,6.09
8672_memo,0,9876,7797,89,17762,0.045603,6.93
8675_memo,0,9705,7924,113,17742,0.046251,7.03
8676_memo,0,9961,7602,126,17689,0.044866,6.82
8677_memo,0,7259,5000,115,12374,0.030112,4.58
8678_memo,0,7782,5589,94,13465,0.033279,5.06
8679_memo,0,10067,8149,101,18317,0.047542,7.23
8680_memo,0,9406,7493,71,16970,0.043699,6.64
8681_memo,0,9793,8118,71,17982,0.047066,7.15
8684_memo,0,5518,2518,74,8110,0.016409,2.49
8685_memo,0,6949,4517,87,11553,0.027363,4.16
8686_memo,0,5501,2717,71,8289,0.017378,2.64
8687_memo,0,5451,2438,71,7960,0.015952,2.42
8688_memo,0,9086,6652,86,15824,0.039369,5.98
8689_memo,0,5051,2058,130,7239,0.014097,2.14
8690_memo,0,4969,1901,61,6931,0.012916,1.96
8691_memo,0,13095,11857,73,25025,0.067834,10.31
8692_memo,0,5013,2055,77,7145,0.013793,2.1
8693_memo,0,5330,2333,104,7767,0.015516,2.36
8694_memo,0,5182,2269,69,7520,0.014929,2.27
8695_memo,0,4915,1814,96,6825,0.012622,1.92
8696_memo,0,6660,4279,63,11002,0.025872,3.93
8697_memo,0,6308,3423,125,9856,0.021683,3.3
8698_memo,0,6550,3832,72,10454,0.023614,3.59
8699_memo,0,5605,2647,118,8370,0.017328,2.63
8700_memo,0,8007,5755,116,13878,0.034359,5.22
8701_memo,0,5575,2642,100,8317,0.017194,2.61
8702_memo,0,6217,3618,100,9935,0.022476,3.42
8703_memo,0,6287,3586,115,9988,0.022434,3.41
8704_memo,0,4119,862,100,5081,0.007384,1.12
8705_memo,0,6481,3782,89,10352,0.023406,3.56
8706_memo,0,5805,2895,114,8814,0.018673,2.84
8707_memo,0,5022,1935,67,7024,0.013149,2.0
8708_memo,0,6210,3858,71,10139,0.023526,3.58
8709_memo,0,9357,7299,71,16727,0.042698,6.49
8710_memo,0,5569,2779,76,8424,0.017756,2.7
8711_memo,0,6067,3408,71,9546,0.021187,3.22
8712_memo,0,5702,2780,102,8584,0.017974,2.73
8713_memo,0,5578,2891,100,8569,0.018441,2.8
8714_memo,0,5064,2072,87,7223,0.01396,2.12
8715_memo,0,7742,6198,100,14040,0.036329,5.52
8716_memo,0,4888,1854,69,6811,0.01267,1.93
8717_memo,0,5324,2339,69,7732,0.015367,2.34
8719_memo,0,5278,2357,85,7720,0.015509,2.36
8720_memo,0,7195,4560,163,11918,0.028112,4.27
8721_memo,0,5538,2535,71,8144,0.016491,2.51
8722_memo,0,7582,5471,119,13172,0.032689,4.97
8723_memo,0,5482,2448,116,8046,0.016246,2.47
8724_memo,0,12902,11663,115,24680,0.066954,10.18
8725_memo,0,6605,3993,86,10684,0.024523,3.73
8726_memo,0,8889,6124,84,15097,0.036596,5.56
8727_memo,0,5468,2497,98,8063,0.016393,2.49
8728_memo,0,5868,2971,102,8941,0.019033,2.89
8729_memo,0,5620,2836,101,8557,0.018197,2.77
8730_memo,0,5555,2752,102,8409,0.017742,2.7
8731_memo,0,7288,4987,102,12377,0.03,4.56
8732_memo,0,9216,7465,71,16752,0.04344,6.6
8733_memo,0,9313,7574,65,16952,0.044016,6.69
8734_memo,0,7497,5115,115,12727,0.030836,4.69
8735_memo,0,6998,4561,102,11661,0.027689,4.21
8736_memo,0,7363,4889,103,12355,0.029562,4.49
8737_memo,0,8208,5871,100,14179,0.034985,5.32
8738_memo,0,6437,3750,69,10256,0.023118,3.51
8739_memo,0,9428,7426,73,16927,0.043388,6.59
8740_memo,0,6812,4602,86,11500,0.027698,4.21
8741_memo,0,5500,2637,67,8204,0.016958,2.58
8742_memo,0,6728,4015,115,10858,0.024855,3.78
8743_memo,0,5623,2837,75,8535,0.018074,2.75
8744_memo,0,6921,4269,62,11252,0.025981,3.95
8745_memo,0,5192,2161,73,7426,0.014415,2.19
8746_memo,0,5424,2461,90,7975,0.016145,2.45
8747_memo,0,8453,6229,69,14751,0.036773,5.59
8748_memo,0,9426,7732,205,17363,0.045576,6.93
8749_memo,0,6038,3310,97,9445,0.020809,3.16
8750_memo,0,6187,3378,67,9632,0.021092,3.21
8751_memo,0,7983,6443,102,14528,0.037714,5.73
8752_memo,0,5849,2911,116,8876,0.018791,2.86
8753_memo,0,6796,4171,122,11089,0.025712,3.91
8754_memo,0,6874,4000,102,10976,0.024806,3.77
8755_memo,0,6397,3806,97,10300,0.023513,3.57
8756_memo,0,6646,4117,71,10834,0.025094,3.81
8757_memo,0,6327,3495,76,9898,0.021809,3.32
8758_memo,0,6323,3597,104,10024,0.022457,3.41
8759_memo,0,6282,3581,67,9930,0.022166,3.37
8760_memo,0,7697,5582,133,13412,0.033386,5.07
8761_memo,0,7205,4767,71,12043,0.028693,4.36
8762_memo,0,5963,3479,86,9528,0.021552,3.28
8763_memo,0,7085,4735,78,11898,0.028493,4.33
8764_memo,0,6368,3651,101,10120,0.02274,3.46
8765_memo,0,7048,4511,71,11630,0.027315,4.15
8766_memo,0,9565,7777,83,17425,0.045278,6.88
8767_memo,0,8347,6025,72,14444,0.035702,5.43
8768_memo,0,5085,2138,103,7326,0.014383,2.19
8769_memo,0,5251,2270,69,7590,0.014977,2.28
8770_memo,0,6645,3779,86,10510,0.023478,3.57
8771_memo,0,6259,3459,69,9787,0.021552,3.28
8772_memo,0,6530,4150,94,10774,0.025301,3.85
8773_memo,0,6568,3843,102,10513,0.02383,3.62
8774_memo,0,5897,3154,69,9120,0.019801,3.01
8775_memo,0,8156,6187,65,14408,0.036357,5.53
8776_memo,0,5964,3176,71,9211,0.019963,3.03
8777_memo,0,6472,4032,71,10575,0.02456,3.73
8778_memo,0,6901,4224,102,11227,0.025943,3.94
8779_memo,0,5854,3041,73,8968,0.019229,2.92
8780_memo,0,7450,5157,71,12678,0.030796,4.68
8781_memo,0,6451,3837,101,10389,0.023722,3.61
8782_memo,0,6510,3771,123,10404,0.023539,3.58
8783_memo,0,6114,3266,65,9445,0.020476,3.11
8784_memo,0,5250,2310,104,7664,0.015351,2.33
8785_memo,0,5158,2285,84,7527,0.015069,2.29
8786_memo,0,7385,4864,73,12322,0.029301,4.45
8787_memo,0,5898,3266,175,9339,0.020891,3.18
8788_memo,0,5883,3039,73,8995,0.019237,2.92
8789_memo,0,5117,2199,113,7429,0.014758,2.24
8790_memo,0,7041,4325,71,11437,0.026381,4.01
8791_memo,0,5926,3224,69,9219,0.020169,3.07
8792_memo,0,6237,3433,103,9773,0.021578,3.28
8793_memo,0,5624,2766,63,8453,0.01766,2.68
8794_memo,0,6136,3391,101,9628,0.021295,3.24
8795_memo,0,6311,3851,115,10277,0.023774,3.61
8796_memo,0,5984,3236,73,9293,0.020285,3.08
8797_memo,0,7056,4600,102,11758,0.02792,4.24
8798_memo,0,5687,2911,86,8684,0.018539,2.82
8799_memo,0,5517,2780,102,8399,0.017858,2.71
8800_memo,0,5375,2423,62,7860,0.015784,2.4
8801_memo,0,6645,4440,64,11149,0.026673,4.05
8802_memo,0,5535,2630,69,8234,0.016954,2.58
8803_memo,0,7235,5066,89,12390,0.030297,4.61
8804_memo,0,6173,3751,119,10043,0.023208,3.53
8805_memo,0,6488,4124,102,10714,0.025185,3.83
8806_memo,0,5840,3108,92,9040,0.01965,2.99
8807_memo,0,10536,8653,69,19258,0.050195,7.63
8808_memo,0,6647,4032,102,10781,0.024824,3.77
8809_memo,0,6338,3724,101,10163,0.023086,3.51
8810_memo,0,5299,2461,70,7830,0.015967,2.43
8811_memo,0,5558,2832,71,8461,0.017989,2.73
8812_memo,0,6275,3743,116,10134,0.023217,3.53
8813_memo,0,5162,2178,105,7445,0.014641,2.23
8814_memo,0,8936,6593,76,15605,0.03893,5.92
8815_memo,0,8724,6216,115,15055,0.037108,5.64
8816_memo,0,5070,1978,71,7119,0.013414,2.04
8817_memo,0,5618,2715,99,8432,0.017581,2.67
8818_memo,0,4919,1868,65,6852,0.012739,1.94
8819_memo,0,4901,1867,89,6857,0.012843,1.95
8820_memo,0,5566,2834,102,8502,0.018159,2.76
8821_memo,0,6533,4076,101,10710,0.024968,3.8
8822_memo,0,6666,4057,108,10831,0.024991,3.8
8823_memo,0,5047,2095,147,7289,0.014364,2.18
8824_memo,0,7583,4992,73,12648,0.030064,4.57
8825_memo,0,8475,5922,71,14468,0.035262,5.36
8826_memo,0,4979,2111,100,7190,0.014167,2.15
8827_memo,0,7834,5807,98,13739,0.034421,5.23
8828_memo,0,6650,4304,80,11034,0.026076,3.96
8829_memo,0,5771,3352,72,9195,0.020727,3.15
8830_memo,0,4834,1885,72,6791,0.012806,1.95
8832_memo,0,4848,1806,67,6721,0.012395,1.88
8833_memo,0,5391,2352,62,7805,0.015439,2.35
8834_memo,0,4259,1005,67,5331,0.008022,1.22
8835_memo,0,6883,4009,102,10994,0.024857,3.78
8836_memo,0,4779,1718,82,6579,0.011987,1.82
8837_memo,0,7525,5671,76,13272,0.033438,5.08
8838_memo,0,5120,2140,86,7346,0.01433,2.18
8839_memo,0,6052,3409,61,9522,0.021133,3.21
8840_memo,0,6438,3805,73,10316,0.023414,3.56
8841_memo,0,4854,1840,70,6764,0.012584,1.91
8842_memo,0,8216,6100,71,14387,0.03599,5.47
8843_memo,0,7525,5434,43,13002,0.032088,4.88
8844_memo,0,5164,2218,67,7449,0.014653,2.23
8845_memo,0,5411,2454,61,7926,0.015957,2.43
8846_memo,0,6697,3979,102,10778,0.024591,3.74
8847_memo,0,5621,2843,92,8556,0.018188,2.76
8848_memo,0,7616,5693,89,13398,0.03367,5.12
8849_memo,0,5682,2829,99,8610,0.018191,2.77
8851_memo,0,5436,2640,71,8147,0.016952,2.58
8852_memo,0,5727,2949,68,8744,0.018664,2.84
8853_memo,0,5884,3072,67,9023,0.019373,2.94
8854_memo,0,10978,9157,99,20234,0.053141,8.08
8855_memo,0,6213,3487,74,9774,0.021688,3.3
8856_memo,0,5615,2539,170,8324,0.017054,2.59
8857_memo,0,9100,7011,102,16213,0.041252,6.27
8858_memo,0,5072,2013,131,7216,0.01389,2.11
8859_memo,0,5399,2512,67,7978,0.016269,2.47
8860_memo,0,6732,3986,88,10806,0.024578,3.74
8861_memo,0,5984,3152,85,9221,0.019925,3.03
8862_memo,0,6640,3955,67,10662,0.02426,3.69
8863_memo,0,5166,2215,102,7483,0.014814,2.25
8864_memo,0,6452,3854,65,10371,0.023627,3.59
8865_memo,0,7104,4711,64,11879,0.028315,4.3
8866_memo,0,5489,2535,102,8126,0.016616,2.53
8867_memo,0,4802,1674,70,6546,0.011721,1.78
8868_memo,0,5124,2130,85,7339,0.014278,2.17
8869_memo,0,5224,2253,62,7539,0.01484,2.26
8870_memo,0,5509,2713,71,8293,0.017363,2.64
8871_memo,0,5658,2716,71,8445,0.017471,2.66
8872_memo,0,5110,2123,71,7304,0.014164,2.15
8873_memo,0,10891,9192,62,20145,0.053077,8.07
8874_memo,0,5870,3214,163,9247,0.020554,3.12
8875_memo,0,5396,2456,69,7921,0.015997,2.43
8876_memo,0,7299,5158,86,12543,0.030782,4.68
8877_memo,0,6854,4239,71,11164,0.025834,3.93
8878_memo,0,8096,6173,73,14342,0.03629,5.52
8879_memo,0,6245,3267,116,9628,0.020818,3.16
8880_memo,0,4754,1620,71,6445,0.011426,1.74
8881_memo,0,5184,2327,100,7611,0.015375,2.34
8882_memo,0,5515,2610,83,8208,0.016912,2.57
8883_memo,0,5062,1961,69,7092,0.013314,2.02
8884_memo,0,5246,2312,104,7662,0.015359,2.33
8885_memo,0,6487,3937,67,10491,0.024074,3.66
8886_memo,0,4750,1596,71,6417,0.011304,1.72
8887_memo,0,4967,1913,63,6943,0.012984,1.97
8888_memo,0,4949,1839,95,6883,0.012763,1.94
8889_memo,0,6282,3519,102,9903,0.022031,3.35
8890_memo,0,6048,3220,99,9367,0.020375,3.1
8891_memo,0,6444,3814,127,10385,0.023733,3.61
8892_memo,0,5011,1874,71,6956,0.012857,1.95
8893_memo,0,6327,3963,73,10363,0.024134,3.67
8894_memo,0,4332,1074,142,5548,0.008788,1.34
8895_memo,0,4777,1568,85,6430,0.011251,1.71
8896_memo,0,4864,1746,71,6681,0.012125,1.84
8897_memo,0,5888,3116,127,9131,0.019895,3.02
8898_memo,0,5696,2972,84,8752,0.01884,2.86
8899_memo,0,9155,7148,65,16368,0.041787,6.35
8900_memo,0,5795,3100,86,8981,0.019552,2.97
8901_memo,0,8152,6080,71,14303,0.03585,5.45
8902_memo,0,5760,3124,83,8967,0.019635,2.98
8903_memo,0,7336,4728,140,12204,0.028925,4.4
8904_memo,0,6585,4195,64,10844,0.025411,3.86
8905_memo,0,5537,2906,87,8530,0.018426,2.8
8906_memo,0,6832,4092,97,11021,0.025215,3.83
8907_memo,0,8235,6138,129,14502,0.036482,5.55
8908_memo,0,5655,2996,105,8756,0.019039,2.89
8909_memo,0,5045,2079,112,7236,0.014108,2.14
8910_memo,0,5257,2378,71,7706,0.015531,2.36
8911_memo,0,5371,2312,101,7784,0.015422,2.34
8912_memo,0,8533,6928,73,15534,0.040338,6.13
8913_memo,0,5788,2929,72,8789,0.018623,2.83
8914_memo,0,9590,7700,89,17379,0.044939,6.83
8915_memo,0,5899,3129,73,9101,0.019697,2.99
8916_memo,0,5704,2862,100,8666,0.018375,2.79
8917_memo,0,5468,2539,119,8126,0.016708,2.54
8918_memo,0,7462,5074,76,12612,0.030414,4.62
8919_memo,0,5769,2860,73,8702,0.018271,2.78
8920_memo,0,6572,4250,108,10930,0.025898,3.94
8921_memo,0,6811,4416,71,11298,0.026692,4.06
8922_memo,0,4947,1814,99,6860,0.012657,1.92
8923_memo,0,7316,5262,71,12649,0.031238,4.75
8924_memo,0,5360,2312,100,7772,0.01541,2.34
8925_memo,0,4936,1961,67,6964,0.013225,2.01
8926_memo,0,4824,1780,69,6673,0.01226,1.86
8927_memo,0,5048,1977,71,7096,0.013395,2.04
8928_memo,0,5273,2204,83,7560,0.014731,2.24
8929_memo,0,4810,1802,71,6683,0.012371,1.88
8930_memo,0,4791,1777,166,6734,0.012709,1.93
8931_memo,0,5280,2201,71,7552,0.01466,2.23
8933_memo,0,9096,7218,64,16378,0.042095,6.4
8934_memo,0,6752,4061,89,10902,0.02497,3.8
8935_memo,0,4782,1805,84,6671,0.012434,1.89
8936_memo,0,5167,2335,55,7557,0.015179,2.31
8937_memo,0,5624,2773,92,8489,0.01784,2.71
8938_memo,0,6897,4480,71,11448,0.027066,4.11
8939_memo,0,5014,2055,123,7192,0.014024,2.13
8940_memo,0,8148,6281,71,14500,0.036852,5.6
8941_memo,0,6433,3816,72,10321,0.023461,3.57
8942_memo,0,6920,4517,102,11539,0.02742,4.17
8943_memo,0,5329,2411,71,7811,0.015741,2.39
8944_memo,0,5328,2485,103,7916,0.01627,2.47
8945_memo,0,6155,3651,64,9870,0.022422,3.41
8946_memo,0,4717,1627,85,6429,0.011508,1.75
8947_memo,0,4425,1236,67,5728,0.009281,1.41
8948_memo,0,6285,3651,105,10041,0.022708,3.45
8949_memo,0,7010,4666,94,11770,0.028181,4.28
8950_memo,0,5253,2235,101,7589,0.014963,2.27
8951_memo,0,6145,3319,161,9625,0.021241,3.23
8952_memo,0,4922,1879,61,6862,0.012776,1.94
8953_memo,0,5574,2557,100,8231,0.016769,2.55
8954_memo,0,4656,1513,96,6265,0.010955,1.67
8955_memo,0,7055,4365,62,11482,0.026544,4.03
8956_memo,0,6462,3934,71,10467,0.024064,3.66
8957_memo,0,5371,2270,102,7743,0.015217,2.31
8958_memo,0,5281,2307,71,7659,0.015191,2.31
8959_memo,0,5736,2836,102,8674,0.018275,2.78
8960_memo,0,5070,1910,75,7055,0.013094,1.99
8961_memo,0,5567,2762,117,8446,0.017874,2.72
8962_memo,0,5841,2959,89,8889,0.018891,2.87
8963_memo,0,5864,3172,72,9108,0.019885,3.02
8964_memo,0,6845,4309,63,11217,0.026138,3.97
8965_memo,0,6022,3268,101,9391,0.020609,3.13
8966_memo,0,6028,3311,71,9410,0.020678,3.14
8967_memo,0,5075,1954,61,7090,0.013247,2.01
8968_memo,0,8032,5847,71,13950,0.03461,5.26
8969_memo,0,6036,3389,74,9499,0.021088,3.21
8970_memo,0,5744,2800,89,8633,0.018035,2.74
8971_memo,0,8134,6263,73,14470,0.036764,5.59
8972_memo,0,5122,2228,101,7451,0.014846,2.26
8973_memo,0,5672,2747,75,8494,0.017655,2.68
8974_memo,0,5485,2566,71,8122,0.016613,2.53
8975_memo,0,5306,2413,85,7804,0.015806,2.4
8976_memo,0,5007,1964,117,7088,0.013534,2.06
8977_memo,0,4727,1624,101,6452,0.011579,1.76
8978_memo,0,4636,1447,69,6152,0.010478,1.59
8979_memo,0,4702,1599,73,6374,0.011299,1.72
8980_memo,0,7074,4457,74,11605,0.027076,4.12
8981_memo,0,4948,1972,65,6985,0.013278,2.02
8982_memo,0,5067,2048,73,7188,0.013772,2.09
8983_memo,0,5467,2446,69,7982,0.015992,2.43
8984_memo,0,5864,3167,85,9116,0.019925,3.03
8985_memo,0,8283,6743,69,15095,0.039237,5.96
8986_memo,0,4296,1046,61,5403,0.00822,1.25
8987_memo,0,4604,1467,71,6142,0.010568,1.61
8988_memo,0,5834,2887,126,8847,0.018711,2.84
8989_memo,0,7992,5654,96,13742,0.033745,5.13
8990_memo,0,6603,4198,84,10885,0.025537,3.88
8991_memo,0,5369,2512,166,8047,0.016746,2.55
8992_memo,0,8645,6794,71,15510,0.039728,6.04
8993_memo,0,6024,3332,71,9427,0.02078,3.16
8994_memo,0,5595,2692,69,8356,0.017302,2.63
8995_memo,0,8038,5764,89,13891,0.034289,5.21
8996_memo,0,5871,3043,77,8991,0.019269,2.93
8997_memo,0,5416,2522,115,8053,0.01657,2.52
8998_memo,0,5545,2731,75,8351,0.017496,2.66
8999_memo,0,5469,2376,71,7916,0.015653,2.38
9000_memo,0,5388,2705,71,8164,0.017247,2.62
9001_memo,0,4636,1550,62,6248,0.010958,1.67
9002_memo,0,6610,4170,182,10962,0.025891,3.94
9003_memo,0,4847,1737,82,6666,0.012124,1.84
9004_memo,0,4950,1878,82,6910,0.012894,1.96
9005_memo,0,6480,4036,86,10602,0.02466,3.75
9006_memo,0,4804,1876,73,6753,0.012748,1.94
9007_memo,0,6980,4486,89,11555,0.027237,4.14
9008_memo,0,5487,2595,103,8185,0.016919,2.57
9009_memo,0,6239,3465,96,9800,0.021704,3.3
9010_memo,0,6621,4009,98,10728,0.024673,3.75
9011_memo,0,4887,1781,210,6878,0.013009,1.98
9012_memo,0,5153,2190,71,7414,0.014526,2.21
9013_memo,0,4671,1578,89,6338,0.011254,1.71
9014_memo,0,7448,5092,84,12624,0.030535,4.64
9015_memo,0,4356,1133,85,5574,0.008812,1.34
9016_memo,0,5285,2330,71,7686,0.015308,2.33
9017_memo,0,6259,3641,73,9973,0.022482,3.42
9018_memo,0,5209,2094,76,7379,0.014106,2.14
9019_memo,0,6838,4221,71,11130,0.025734,3.91
9020_memo,0,4928,1934,116,6978,0.01333,2.03
9021_memo,0,4425,1258,67,5750,0.009391,1.43
9022_memo,0,7208,4794,73,12075,0.02884,4.38
9023_memo,0,6836,4257,63,11156,0.025872,3.93
9024_memo,0,5304,2481,71,7856,0.016075,2.44
9025_memo,0,4592,1437,86,6115,0.010485,1.59
9026_memo,0,4184,917,114,5215,0.00777,1.18
9027_memo,0,6988,4520,74,11582,0.027338,4.16
9028_memo,0,4664,1602,163,6429,0.01174,1.78
9029_memo,0,4672,1571,71,6314,0.01113,1.69
9030_memo,0,5613,2789,100,8502,0.017953,2.73
9031_memo,0,5779,3056,102,8937,0.019402,2.95
9032_memo,0,6843,4308,70,11221,0.026167,3.98
9033_memo,0,6083,3258,102,9443,0.020602,3.13
9034_memo,0,10022,8883,65,18970,0.051004,7.75
9035_memo,0,5522,2561,118,8201,0.016846,2.56
9036_memo,0,5090,2265,69,7424,0.014851,2.26
9037_memo,0,5372,2527,84,7983,0.016413,2.49
9038_memo,0,7489,5077,113,12679,0.030631,4.66
9039_memo,0,6201,3438,138,9777,0.021756,3.31
9040_memo,0,6730,4024,100,10854,0.024826,3.77
9041_memo,0,4851,1758,67,6676,0.012157,1.85
9042_memo,0,4805,1712,100,6617,0.012063,1.83
9043_memo,0,4621,1506,73,6200,0.010783,1.64
9044_memo,0,5532,2637,114,8283,0.017212,2.62
9045_memo,0,5238,2245,84,7567,0.014919,2.27
9046_memo,0,6527,3820,102,10449,0.023689,3.6
9047_memo,0,4931,1955,71,6957,0.013212,2.01
9048_memo,0,5984,3220,72,9276,0.0202,3.07
9049_memo,0,6468,3850,65,10383,0.023618,3.59
9050_memo,0,6510,3828,103,10441,0.023724,3.61
9051_memo,0,4752,1608,108,6468,0.01155,1.76
9052_memo,0,5209,2194,69,7472,0.014571,2.21
9053_memo,0,6889,4642,71,11602,0.027871,4.24
9054_memo,0,6579,4051,71,10701,0.024722,3.76
9055_memo,0,5550,2592,105,8247,0.016954,2.58
9056_memo,0,5090,2224,67,7381,0.014636,2.22
9057_memo,0,9360,7708,134,17202,0.04506,6.85
9058_memo,0,5261,2331,67,7659,0.015278,2.32
9059_memo,0,5291,2276,102,7669,0.015197,2.31
9060_memo,0,7029,4599,73,11701,0.027753,4.22
9061_memo,0,6202,3551,88,9841,0.022071,3.35
9062_memo,0,4560,1380,104,6044,0.01027,1.56
9063_memo,0,5311,2241,64,7616,0.014844,2.26
9064_memo,0,6059,3389,77,9525,0.021117,3.21
9065_memo,0,9787,9039,93,18919,0.051777,7.87
9066_memo,0,5639,2718,107,8464,0.017649,2.68
9067_memo,0,5589,2643,73,8305,0.017073,2.6
9068_memo,0,6589,3844,69,10502,0.023683,3.6
9069_memo,0,4634,1549,104,6287,0.011161,1.7
9070_memo,0,6458,3754,88,10300,0.023246,3.53
9071_memo,0,6048,3135,107,9290,0.01999,3.04
9072_memo,0,5996,3260,63,9319,0.020363,3.1
9073_memo,0,5154,2270,102,7526,0.015081,2.29
9075_memo,0,5971,3229,73,9273,0.020242,3.08
9077_memo,0,5947,3066,102,9115,0.019557,2.97
9078_memo,0,4807,1671,61,6539,0.011664,1.77
9079_memo,0,5520,2712,102,8334,0.01752,2.66
9080_memo,0,5740,3227,71,9038,0.020078,3.05
9081_memo,0,5544,2703,95,8342,0.017455,2.65
9082_memo,0,6341,3822,99,10262,0.023568,3.58
9083_memo,0,7374,4957,71,12402,0.029749,4.52
9084_memo,0,5051,2007,89,7147,0.013637,2.07
9085_memo,0,5086,2073,67,7226,0.013879,2.11
9086_memo,0,6086,3637,74,9797,0.022359,3.4
9087_memo,0,6624,4071,102,10797,0.025005,3.8
9088_memo,0,4704,1576,108,6388,0.01136,1.73
9089_memo,0,5175,2196,89,7460,0.014659,2.23
9090_memo,0,7298,4736,70,12104,0.028591,4.35
9091_memo,0,5570,2791,82,8443,0.017846,2.71
9092_memo,0,5472,2557,67,8096,0.01654,2.51
9093_memo,0,7149,4831,71,12051,0.028978,4.4
9094_memo,0,6171,3228,72,9471,0.020357,3.09
9095_memo,0,5771,2885,102,8758,0.018542,2.82
9096_memo,0,5971,3323,126,9420,0.020977,3.19
9097_memo,0,6496,3825,117,10438,0.02377,3.61
9098_memo,0,5910,3193,83,9186,0.020074,3.05
9099_memo,0,5772,2855,64,8691,0.018202,2.77
9100_memo,0,5690,2645,102,8437,0.017291,2.63
9101_memo,0,8249,6107,101,14457,0.036196,5.5
9102_memo,0,5683,2848,71,8602,0.018147,2.76
9103_memo,0,5894,3113,71,9078,0.019604,2.98
9104_memo,0,5877,3372,89,9338,0.020978,3.19
9105_memo,0,5794,2891,117,8802,0.018661,2.84
9106_memo,0,8726,6544,71,15341,0.038529,5.86
9107_memo,0,5748,2983,85,8816,0.018932,2.88
9108_memo,0,5407,2385,119,7911,0.015899,2.42
9109_memo,0,5087,2063,86,7236,0.013924,2.12
9110_memo,0,5913,3318,69,9300,0.020631,3.14
9111_memo,0,7839,5349,80,13268,0.032044,4.87
9112_memo,0,5126,2287,102,7515,0.015149,2.3
9113_memo,0,5019,2090,73,7182,0.013952,2.12
9114_memo,0,5087,2049,70,7206,0.013774,2.09
9115_memo,0,5133,2184,78,7395,0.014518,2.21
9116_memo,0,4926,1988,101,7015,0.013524,2.06
9117_memo,0,5781,2861,65,8707,0.018243,2.77
9118_memo,0,5657,2763,71,8491,0.017706,2.69
9119_memo,0,8225,6213,75,14513,0.036581,5.56
9120_memo,0,5470,2718,62,8250,0.017319,2.63
9121_memo,0,4815,1809,102,6726,0.012564,1.91
9122_memo,0,5861,3151,87,9099,0.019853,3.02
9123_memo,0,5152,2201,71,7424,0.01458,2.22
9125_memo,0,5404,2490,75,7969,0.016202,2.46
9126_memo,0,4574,1504,63,6141,0.010694,1.63
9127_memo,0,5097,2026,100,7223,0.013816,2.1
9129_memo,0,5070,2060,97,7227,0.013954,2.12
9130_memo,0,5025,1937,60,7022,0.013126,2.0
9131_memo,0,4978,1923,146,7047,0.013456,2.05
9132_memo,0,6373,3852,67,10292,0.023578,3.58
9133_memo,0,5642,2855,63,8560,0.018116,2.75
9134_memo,0,5053,2126,100,7279,0.014288,2.17
9135_memo,0,6139,3497,100,9736,0.021822,3.32
9136_memo,0,4882,1804,100,6786,0.012571,1.91
9137_memo,0,4843,1896,93,6832,0.012972,1.97
9138_memo,0,5781,3256,69,9106,0.020238,3.08
9139_memo,0,6254,3555,100,9909,0.022184,3.37
9140_memo,0,8572,6298,99,14969,0.037343,5.68
9141_memo,0,7917,5879,89,13885,0.034788,5.29
9143_memo,0,4783,1743,67,6593,0.012039,1.83
9144_memo,0,4729,1632,86,6447,0.011546,1.75
9145_memo,0,6373,3735,71,10179,0.023013,3.5
9146_memo,0,4619,1542,60,6221,0.010897,1.66
9147_memo,0,5486,2684,105,8275,0.017374,2.64
9148_memo,0,5040,2252,83,7375,0.014825,2.25
9149_memo,0,7085,4628,73,11786,0.027933,4.25
9150_memo,0,5570,2753,69,8392,0.017591,2.67
9151_memo,0,5412,2494,73,7979,0.016217,2.47
9152_memo,0,5943,3233,73,9249,0.020244,3.08
9153_memo,0,6808,4312,86,11206,0.026245,3.99
9154_memo,0,7856,5686,71,13613,0.033695,5.12
9155_memo,0,4876,1820,101,6797,0.012652,1.92
9156_memo,0,5668,2857,105,8630,0.018352,2.79
9157_memo,0,4808,1644,81,6533,0.01163,1.77
9158_memo,0,5864,3030,73,8967,0.01918,2.92
9159_memo,0,4626,1443,67,6136,0.010441,1.59
9160_memo,0,6521,4230,69,10820,0.025571,3.89
9161_memo,0,5759,2989,88,8836,0.018984,2.89
9162_memo,0,5280,2351,141,7772,0.01576,2.4
9163_memo,0,5907,3159,74,9140,0.019857,3.02
9164_memo,0,8546,6619,102,15267,0.038946,5.92
9165_memo,0,6178,3395,98,9671,0.021326,3.24
9166_memo,0,7919,5842,162,13923,0.034969,5.32
9167_memo,0,4697,1490,73,6260,0.010751,1.63
9168_memo,0,5365,2424,117,7906,0.016058,2.44
9169_memo,0,6347,3656,73,10076,0.022612,3.44
9170_memo,0,4994,2110,102,7206,0.014181,2.16
9171_memo,0,5338,2310,101,7749,0.015391,2.34
9172_memo,0,5047,2075,77,7199,0.013914,2.11
9173_memo,0,11002,9914,64,20980,0.056766,8.63
9174_memo,0,5101,2048,64,7213,0.013748,2.09
9175_memo,0,6569,3960,114,10643,0.024476,3.72
9176_memo,0,4658,1479,104,6241,0.010826,1.65
9177_memo,0,5445,2573,71,8089,0.016623,2.53
9178_memo,0,4777,1680,64,6521,0.011706,1.78
9179_memo,0,5960,3172,59,9191,0.01988,3.02
9180_memo,0,5154,2173,83,7410,0.014501,2.2
9181_memo,0,4979,2024,76,7079,0.013612,2.07
9182_memo,0,4985,1874,102,6961,0.012996,1.98
9183_memo,0,5846,3104,89,9039,0.019619,2.98
9184_memo,0,4635,1535,67,6237,0.010907,1.66
9185_memo,0,5036,2023,90,7149,0.013712,2.08
9186_memo,0,5038,2019,65,7122,0.013569,2.06
9187_memo,0,5764,3059,112,8935,0.019458,2.96
9188_memo,0,4602,1383,89,6074,0.010236,1.56
9189_memo,0,4967,1973,100,7040,0.013469,2.05
9190_memo,0,5476,2445,72,7993,0.016008,2.43
9191_memo,0,5315,2522,99,7936,0.016427,2.5
9192_memo,0,5666,2911,100,8677,0.018596,2.83
9193_memo,0,5186,2231,103,7520,0.014911,2.27
9194_memo,0,5954,3168,62,9184,0.019871,3.02
9195_memo,0,5066,2143,64,7273,0.014201,2.16
9196_memo,0,6003,3185,71,9259,0.020032,3.04
9197_memo,0,5136,2111,101,7348,0.01427,2.17
9199_memo,0,6365,3653,101,10119,0.022748,3.46
9200_memo,0,5480,2647,102,8229,0.01717,2.61
9201_memo,0,4971,2111,84,7166,0.014082,2.14
9202_memo,0,6244,3628,123,9995,0.022658,3.44
9203_memo,0,8036,6040,73,14149,0.035588,5.41
9204_memo,0,5580,2612,62,8254,0.016858,2.56
9205_memo,0,5581,2692,79,8352,0.017343,2.64
9206_memo,0,5597,2698,69,8364,0.017333,2.63
9207_memo,0,5016,2065,105,7186,0.013985,2.13
9208_memo,0,4718,1585,102,6405,0.011384,1.73
9209_memo,0,6699,4216,101,11016,0.025772,3.92
9210_memo,0,7670,5564,113,13347,0.033179,5.04
9211_memo,0,5635,2914,100,8649,0.018592,2.83
9212_memo,0,4973,1935,114,7022,0.013353,2.03
9213_memo,0,4411,1226,84,5721,0.009307,1.41
9214_memo,0,6226,4002,61,10289,0.024206,3.68
9215_memo,0,6629,4145,72,10846,0.025228,3.83
9216_memo,0,8178,5600,71,13849,0.033466,5.09
9217_memo,0,5686,2973,116,8775,0.018999,2.89
9218_memo,0,5283,2244,102,7629,0.015032,2.28
9219_memo,0,7042,4843,64,11949,0.028936,4.4
9220_memo,0,5241,2217,71,7529,0.014716,2.24
9221_memo,0,6304,3843,99,10246,0.02365,3.59
9222_memo,0,5024,1911,87,7022,0.01313,2.0
9223_memo,0,5855,3038,71,8964,0.019204,2.92
9224_memo,0,5837,2968,105,8910,0.019013,2.89
9225_memo,0,5028,1917,104,7049,0.013247,2.01
9226_memo,0,5977,3155,69,9201,0.019856,3.02
9227_memo,0,5860,2960,74,8894,0.018832,2.86
9228_memo,0,5406,2426,99,7931,0.016004,2.43
9229_memo,0,5851,3027,64,8942,0.019112,2.91
9230_memo,0,6107,3389,90,9586,0.021212,3.22
9231_memo,0,4722,1604,82,6408,0.011381,1.73
9232_memo,0,10423,8607,71,19101,0.049904,7.59
9233_memo,0,4930,1793,67,6790,0.012381,1.88
9234_memo,0,5548,2851,102,8501,0.018232,2.77
9235_memo,0,6676,4389,102,11167,0.026628,4.05
9236_memo,0,5034,1911,71,7016,0.013056,1.98
9237_memo,0,7075,4732,100,11907,0.028582,4.34
9238_memo,0,8708,6549,71,15328,0.038543,5.86
9239_memo,0,6731,4225,46,11002,0.025562,3.89
9240_memo,0,8036,6084,69,14189,0.035787,5.44
9241_memo,0,5813,3173,71,9057,0.019853,3.02
9242_memo,0,6432,3992,133,10557,0.024645,3.75
9243_memo,0,8146,5786,102,14034,0.034531,5.25
9244_memo,0,6333,3653,89,10075,0.022668,3.45
9245_memo,0,5156,2191,86,7433,0.014607,2.22
9246_memo,0,5698,2738,71,8507,0.017606,2.68
9247_memo,0,5135,2179,140,7454,0.014804,2.25
9248_memo,0,6211,3580,73,9864,0.022147,3.37
9249_memo,0,5015,2065,102,7182,0.013969,2.12
9250_memo,0,7449,4704,73,12226,0.028541,4.34
9251_memo,0,9430,7834,64,17328,0.045384,6.9
9252_memo,0,8767,7049,62,15878,0.041034,6.24
9253_memo,0,5002,1905,101,7008,0.013156,2.0
9254_memo,0,5771,2914,71,8756,0.018532,2.82
9255_memo,0,5233,2145,71,7449,0.014351,2.18
9256_memo,0,4932,1825,140,6897,0.012908,1.96
9257_memo,0,6091,3270,85,9446,0.020582,3.13
9258_memo,0,5005,1909,99,7013,0.013168,2.0
9259_memo,0,5401,2489,71,7961,0.016176,2.46
9260_memo,0,10708,7219,117,18044,0.043372,6.59
9261_memo,0,5147,2108,100,7355,0.014257,2.17
9262_memo,0,6774,4010,89,10873,0.024729,3.76
9263_memo,0,6569,4091,71,10731,0.024916,3.79
9264_memo,0,6004,3414,99,9517,0.021317,3.24
9265_memo,0,5621,2780,100,8501,0.017913,2.72
9267_memo,0,5459,2614,118,8191,0.017072,2.59
9268_memo,0,5025,1925,102,7052,0.013276,2.02
9269_memo,0,5744,3135,93,8972,0.01973,3.0
9270_memo,0,8155,5929,104,14188,0.035262,5.36
9272_memo,0,5813,3007,89,8909,0.019113,2.91
9273_memo,0,5139,2143,69,7351,0.014272,2.17
9274_memo,0,5941,3001,67,9009,0.019053,2.9
9275_memo,0,4831,1632,104,6567,0.011699,1.78
9276_memo,0,4206,916,59,5181,0.007504,1.14
9277_memo,0,4618,1429,102,6149,0.010541,1.6
9278_memo,0,7581,5479,99,13159,0.032628,4.96
9279_memo,0,7421,4830,73,12324,0.029153,4.43
9280_memo,0,5837,2982,86,8905,0.018988,2.89
9281_memo,0,5026,1960,71,7057,0.013296,2.02
9282_memo,0,4950,1832,71,6853,0.012609,1.92
9283_memo,0,6289,3407,137,9833,0.021651,3.29
9284_memo,0,7766,5399,86,13251,0.032279,4.91
9285_memo,0,6717,4360,64,11141,0.026318,4.0
9286_memo,0,5395,2524,87,8006,0.016427,2.5
9287_memo,0,4792,1637,85,6514,0.011605,1.76
9288_memo,0,7584,5556,86,13226,0.03295,5.01
9289_memo,0,5967,3007,70,9044,0.019114,2.91
9290_memo,0,4618,1451,71,6140,0.010496,1.6
9291_memo,0,7704,5648,82,13434,0.033465,5.09
9292_memo,0,4393,1239,104,5736,0.009461,1.44
9293_memo,0,4685,1633,69,6387,0.011438,1.74
9294_memo,0,4571,1399,62,6032,0.010162,1.54
9295_memo,0,5460,2605,73,8138,0.016802,2.55
9296_memo,0,6720,3883,101,10704,0.02412,3.67
9297_memo,0,6736,4075,73,10884,0.02495,3.79
9298_memo,0,4643,1619,71,6333,0.011352,1.73
9299_memo,0,5651,2760,71,8482,0.017687,2.69
9300_memo,0,5247,2243,87,7577,0.014929,2.27
9301_memo,0,5395,2425,100,7920,0.015997,2.43
9302_memo,0,5833,2889,72,8794,0.018451,2.8
9303_memo,0,5144,2277,163,7584,0.015415,2.34
9304_memo,0,6000,3267,96,9363,0.020565,3.13
9305_memo,0,4542,1411,68,6021,0.010234,1.56
9306_memo,0,5686,2918,89,8693,0.018589,2.83
9307_memo,0,5616,2758,71,8445,0.017655,2.68
9308_memo,0,5818,2939,67,8824,0.018666,2.84
9309_memo,0,5633,2683,108,8424,0.017476,2.66
9310_memo,0,4723,1605,74,6402,0.011347,1.72
9311_memo,0,5742,2922,69,8733,0.018544,2.82
9312_memo,0,8932,6882,73,15887,0.040358,6.13
9313_memo,0,5810,3135,131,9076,0.019961,3.03
9314_memo,0,4642,1550,105,6297,0.011176,1.7
9315_memo,0,4905,1845,76,6826,0.012671,1.93
9316_memo,0,5817,3018,73,8908,0.019091,2.9
9318_memo,0,5819,3115,73,9007,0.019577,2.98
9319_memo,0,5005,2081,140,7226,0.014233,2.16
9320_memo,0,5294,2314,99,7707,0.015374,2.34
9321_memo,0,7489,5408,73,12970,0.032086,4.88
9322_memo,0,5037,1894,63,6994,0.012933,1.97
9323_memo,0,4809,1899,75,6783,0.012876,1.96
9324_memo,0,5439,2364,83,7886,0.015634,2.38
9325_memo,0,4918,1834,62,6814,0.012554,1.91
9326_memo,0,4635,1464,56,6155,0.010497,1.6
9327_memo,0,4691,1617,71,6379,0.011372,1.73
9328_memo,0,4570,1348,65,5983,0.009921,1.51
9329_memo,0,5001,1599,73,6673,0.011486,1.75
9330_memo,0,7870,5817,71,13758,0.034359,5.22
9331_memo,0,11980,9117,78,21175,0.053463,8.13
9332_memo,0,16243,15509,139,31891,0.088392,13.44
9333_memo,0,15635,15182,71,30888,0.086037,13.08
9334_memo,0,16905,15443,69,32417,0.088126,13.4
9335_memo,0,18804,17956,62,36822,0.101843,15.48
9336_memo,0,10857,9331,110,20298,0.053991,8.21
9337_memo,0,7353,4725,104,12182,0.028741,4.37
9338_memo,0,10093,7961,62,18116,0.046423,7.06
9339_memo,0,11792,10595,86,22473,0.060775,9.24
9340_memo,0,10891,9929,102,20922,0.056962,8.66
9341_memo,0,9857,8401,100,18358,0.048666,7.4
9342_memo,0,13824,12252,88,26164,0.07034,10.69
9343_memo,0,9443,8423,105,17971,0.048542,7.38
9344_memo,0,15302,16130,64,31496,0.090534,13.76
9345_memo,0,10511,8693,115,19319,0.050609,7.69
9346_memo,0,12381,10882,71,23334,0.062503,9.5
9347_memo,0,9795,7798,71,17664,0.045467,6.91
9348_memo,0,10323,8629,71,19023,0.049952,7.59
9349_memo,0,10540,9569,112,20221,0.054993,8.36
9350_memo,0,10599,8950,102,19651,0.051884,7.89
9351_memo,0,7186,4384,71,11641,0.026766,4.07
9352_memo,0,11309,9291,81,20681,0.053928,8.2
9353_memo,0,11049,9405,71,20525,0.054286,8.25
9354_memo,0,9124,7186,106,16416,0.042162,6.41
9355_memo,0,11153,9517,69,20739,0.054901,8.34
9356_memo,0,13503,14098,134,27735,0.079599,12.1
9357_memo,0,6940,4353,72,11365,0.026462,4.02
9358_memo,0,8286,5874,99,14259,0.035044,5.33
9359_memo,0,7567,5055,85,12707,0.030429,4.63
9360_memo,0,9960,8485,103,18548,0.049165,7.47
9361_memo,0,8157,5990,71,14218,0.035403,5.38
9362_memo,0,9810,7881,111,17802,0.046091,7.01
9363_memo,0,8223,5660,73,13956,0.033804,5.14
9364_memo,0,14986,14369,71,29426,0.081566,12.4
9365_memo,0,13343,13844,71,27258,0.077914,11.84
9366_memo,0,14965,14199,85,29249,0.080773,12.28
9367_memo,0,9520,7765,89,17374,0.04522,6.87
9368_memo,0,10640,8597,86,19323,0.050065,7.61
9369_memo,0,7551,5170,113,12834,0.031134,4.73
9370_memo,0,12691,12235,71,24997,0.069462,10.56
9371_memo,0,12541,12179,65,24785,0.069058,10.5
9372_memo,0,10363,9132,119,19614,0.052732,8.02
9373_memo,0,14833,13020,101,27954,0.074876,11.38
9374_memo,0,7792,5674,64,13530,0.03356,5.1
9375_memo,0,8262,6208,71,14541,0.036559,5.56
9376_memo,0,12833,12640,75,25548,0.071596,10.88
9377_memo,0,8675,6841,89,15605,0.040072,6.09
9378_memo,0,7262,4681,71,12014,0.028299,4.3
9379_memo,0,9050,7042,86,16178,0.041296,6.28
9380_memo,0,9152,6769,64,15985,0.039885,6.06
9381_memo,0,8978,7001,99,16078,0.041111,6.25
9382_memo,0,12289,10959,116,23364,0.063056,9.58
9383_memo,0,8522,6165,102,14789,0.036661,5.57
9384_memo,0,8704,6937,82,15723,0.040535,6.16
9385_memo,0,14908,15421,115,30444,0.086998,13.22
9386_memo,0,8197,5969,174,14340,0.035838,5.45
9387_memo,0,10161,8178,67,18406,0.047576,7.23
9388_memo,0,8566,6532,91,15189,0.038469,5.85
9389_memo,0,11708,9746,72,21526,0.056407,8.57
9390_memo,0,6439,4096,68,10603,0.024844,3.78
9391_memo,0,11117,10673,114,21904,0.060883,9.25
9392_memo,0,5753,2879,112,8744,0.018551,2.82
9393_memo,0,5813,3003,67,8883,0.018983,2.89
9394_memo,0,8586,4598,113,13297,0.028921,4.4
9395_memo,0,6845,4164,69,11078,0.025443,3.87
9396_memo,0,6401,3783,73,10257,0.023281,3.54
9397_memo,0,10551,9180,71,19802,0.052849,8.03
9398_memo,0,6293,3501,71,9865,0.021793,3.31
9399_memo,0,6919,4178,90,11187,0.025664,3.9
9400_memo,0,10868,9913,89,20870,0.056802,8.63
9401_memo,0,6838,4284,62,11184,0.026004,3.95
9402_memo,0,7171,4545,102,11818,0.027717,4.21
9403_memo,0,9639,7888,71,17598,0.045819,6.96
9404_memo,0,5329,2310,102,7741,0.015391,2.34
9405_memo,0,10200,8835,86,19121,0.05098,7.75
9406_memo,0,4598,1439,74,6111,0.010439,1.59
9407_memo,0,11799,10943,113,22855,0.062654,9.52
9408_memo,0,5593,2679,101,8373,0.017396,2.64
9409_memo,0,5211,2278,116,7605,0.015227,2.31
9410_memo,0,5666,2986,93,8745,0.018936,2.88
9412_memo,0,6153,3359,100,9612,0.021141,3.21
9413_memo,0,6056,3227,84,9367,0.02034,3.09
9414_memo,0,8273,6128,153,14554,0.036576,5.56
9415_memo,0,8220,5776,71,14067,0.034373,5.22
9416_memo,0,8188,5618,119,13925,0.033802,5.14
9417_memo,0,8392,5978,140,14510,0.035835,5.45
9418_memo,0,8582,6245,73,14900,0.036954,5.62
9419_memo,0,6584,3804,100,10488,0.023635,3.59
9420_memo,0,6198,3369,71,9638,0.021074,3.2
9421_memo,0,7786,5895,76,13757,0.034721,5.28
9422_memo,0,5975,3191,102,9268,0.020199,3.07
9423_memo,0,8034,5575,116,13725,0.033476,5.09
9424_memo,0,6277,3412,87,9776,0.021418,3.26
9425_memo,0,6482,3797,70,10349,0.023386,3.55
9426_memo,0,7743,5896,64,13703,0.034639,5.27
9427_memo,0,5999,3262,122,9383,0.020669,3.14
9428_memo,0,7552,5896,71,13519,0.034555,5.25
9429_memo,0,5798,3065,62,8925,0.019259,2.93
9430_memo,0,7895,5598,71,13564,0.033279,5.06
9431_memo,0,6942,4294,71,11307,0.026164,3.98
9432_memo,0,7971,5657,117,13745,0.033852,5.15
9433_memo,0,5825,3106,71,9002,0.019526,2.97
9434_memo,0,8710,6921,67,15698,0.040384,6.14
9435_memo,0,6684,4090,102,10876,0.025138,3.82
9436_memo,0,7356,4667,68,12091,0.028272,4.3
9437_memo,0,6531,3865,71,10467,0.023762,3.61
9438_memo,0,6626,3881,69,10576,0.023891,3.63
9439_memo,0,7939,5424,102,13465,0.032592,4.95
9440_memo,0,10573,8375,64,19012,0.048803,7.42
9441_memo,0,5045,2070,79,7194,0.013898,2.11
9442_memo,0,11044,9072,86,20202,0.052692,8.01
9443_memo,0,6577,3850,116,10543,0.023941,3.64
9444_memo,0,8439,6512,71,15022,0.038189,5.8
9445_memo,0,6581,3987,102,10670,0.024558,3.73
9446_memo,0,5795,2808,119,8722,0.018257,2.78
9447_memo,0,6971,4459,132,11562,0.027312,4.15
9448_memo,0,6383,3671,70,10124,0.022694,3.45
9449_memo,0,5468,2518,70,8056,0.016358,2.49
9450_memo,0,6442,3766,66,10274,0.023186,3.52
9451_memo,0,7697,5375,86,13158,0.032116,4.88
9452_memo,0,4964,1930,61,6955,0.013057,1.98
9453_memo,0,5113,2180,71,7364,0.014451,2.2
9454_memo,0,5058,1963,98,7119,0.013466,2.05
9455_memo,0,5674,2856,89,8619,0.018271,2.78
9456_memo,0,6684,4039,83,10806,0.024788,3.77
9457_memo,0,5842,3175,99,9116,0.020021,3.04
9458_memo,0,7773,5490,123,13386,0.032923,5.0
9459_memo,0,7014,4387,73,11474,0.026684,4.06
9460_memo,0,5910,3070,74,9054,0.019414,2.95
9461_memo,0,6522,3803,75,10400,0.023466,3.57
9462_memo,0,7000,4610,66,11676,0.027755,4.22
9464_memo,0,6926,4198,71,11195,0.025674,3.9
9465_memo,0,6591,4334,102,11027,0.026299,4.0
9466_memo,0,6415,3988,86,10489,0.024379,3.71
9467_memo,0,6012,3157,83,9252,0.019957,3.03
9468_memo,0,5533,2628,85,8246,0.017023,2.59
9469_memo,0,5138,2232,85,7455,0.014796,2.25
9470_memo,0,7610,5265,65,12940,0.031406,4.77
9471_memo,0,5736,2827,67,8630,0.018055,2.74
9472_memo,0,6751,4099,73,10923,0.025079,3.81
9473_memo,0,6812,4531,99,11442,0.027407,4.17
9474_memo,0,5520,2723,116,8359,0.017645,2.68
9475_memo,0,6290,3677,87,10054,0.022751,3.46
9476_memo,0,5793,2952,83,8828,0.018796,2.86
9478_memo,0,5864,3134,71,9069,0.01969,2.99
9479_memo,0,6381,3634,86,10101,0.022588,3.43
9480_memo,0,6724,4103,62,10889,0.025028,3.8
9612_memo,0,4936,1927,70,6933,0.01307,1.99
9614_memo,0,4835,1857,86,6778,0.012737,1.94
9615_memo,0,5994,3388,85,9467,0.021111,3.21
9616_memo,0,6020,3249,73,9342,0.020373,3.1
9617_memo,0,7489,5164,63,12716,0.030816,4.68
9618_memo,0,6873,4259,74,11206,0.025961,3.95
9619_memo,0,5501,2508,99,8108,0.016473,2.5
9620_memo,0,5496,2506,102,8104,0.016475,2.5
9621_memo,0,7148,4770,86,12004,0.028747,4.37
9622_memo,0,5484,2522,85,8091,0.016462,2.5
9623_memo,0,5255,2194,61,7510,0.014559,2.21
9624_memo,0,5587,2726,71,8384,0.017477,2.66
9625_memo,0,4847,1748,73,6668,0.012134,1.84
9626_memo,0,5666,2992,102,8760,0.019011,2.89
9627_memo,0,6666,4056,71,10793,0.024801,3.77
9628_memo,0,6949,4495,102,11546,0.027328,4.15
9629_memo,0,5502,2382,72,7956,0.015709,2.39
9630_memo,0,6831,4015,62,10908,0.024654,3.75
9631_memo,0,5170,2238,84,7492,0.014841,2.26
9632_memo,0,5736,3020,67,8823,0.01902,2.89
9633_memo,0,4408,1315,112,5835,0.00989,1.5
9634_memo,0,5001,1872,140,7013,0.013186,2.0
9635_memo,0,6744,4384,89,11217,0.02658,4.04
9637_memo,0,5150,2127,101,7378,0.014359,2.18
9638_memo,0,6070,3543,71,9684,0.021864,3.32
9639_memo,0,4841,1708,117,6666,0.012151,1.85
9640_memo,0,5580,2846,103,8529,0.018232,2.77
9641_memo,0,5355,2255,100,7710,0.015122,2.3
9643_memo,0,7020,4366,116,11502,0.026797,4.07
9644_memo,0,8903,7025,99,16027,0.041184,6.26
9645_memo,0,5413,2525,99,8037,0.016503,2.51
9646_memo,0,7829,5190,71,13090,0.031198,4.74
9647_memo,0,6439,3744,89,10272,0.023189,3.52
9648_memo,0,5018,1988,102,7108,0.013586,2.07
9649_memo,0,5676,2747,72,8495,0.017642,2.68
9650_memo,0,5575,2735,73,8383,0.017524,2.66
9651_memo,0,7700,5831,149,13680,0.034713,5.28
9652_memo,0,5129,2030,89,7248,0.013801,2.1
9653_memo,0,6776,4140,62,10978,0.025245,3.84
9654_memo,0,4921,1803,85,6809,0.012516,1.9
9655_memo,0,5800,2886,90,8776,0.018505,2.81
9656_memo,0,5265,2232,102,7599,0.014961,2.27
9657_memo,0,5825,2946,103,8874,0.018886,2.87
9658_memo,0,4163,969,122,5254,0.008057,1.22
9659_memo,0,7200,4707,71,11978,0.02839,4.32
9660_memo,0,5416,2605,62,8083,0.01672,2.54
9661_memo,0,5111,1939,62,7112,0.013199,2.01
9662_memo,0,7089,4471,105,11665,0.027311,4.15
9663_memo,0,6534,3902,64,10500,0.023914,3.63
9664_memo,0,4767,1629,81,6477,0.011529,1.75
9665_memo,0,5044,1894,102,7040,0.013132,2.0
9666_memo,0,8209,5598,113,13920,0.033686,5.12
9667_memo,0,5336,2233,69,7638,0.014845,2.26
9668_memo,0,7460,4989,72,12521,0.029968,4.56
9669_memo,0,4957,1885,102,6944,0.013033,1.98
9670_memo,0,5988,3102,62,9152,0.019563,2.97
9671_memo,0,5436,2386,102,7924,0.015838,2.41
9672_memo,0,6944,4083,89,11116,0.0252,3.83
9673_memo,0,8018,5470,66,13554,0.032691,4.97
9674_memo,0,5544,2662,69,8275,0.01712,2.6
9675_memo,0,6514,3611,65,10190,0.022451,3.41
9676_memo,0,6863,4212,95,11170,0.025824,3.93
9677_memo,0,9260,7149,65,16474,0.041857,6.36
9678_memo,0,7111,4495,100,11706,0.027419,4.17
9679_memo,0,6067,3317,147,9531,0.021112,3.21
9680_memo,0,5287,2311,65,7663,0.015184,2.31
9681_memo,0,6194,3286,102,9582,0.020811,3.16
9682_memo,0,6153,3425,74,9652,0.021341,3.24
9683_memo,0,6242,3367,72,9681,0.021096,3.21
9684_memo,0,7293,4681,73,12047,0.028328,4.31
9685_memo,0,5527,2448,104,8079,0.016214,2.46
9686_memo,0,4869,1663,104,6636,0.011878,1.81
9687_memo,0,6097,3703,86,9886,0.022756,3.46
9688_memo,0,6650,4001,67,10718,0.024496,3.72
9689_memo,0,5824,3071,83,8978,0.01941,2.95
9690_memo,0,8674,6763,69,15506,0.039581,6.02
9691_memo,0,7254,4668,71,11993,0.028229,4.29
9692_memo,0,6701,4116,98,10915,0.025258,3.84
9693_memo,0,4688,1654,69,6411,0.011545,1.75
9695_memo,0,4992,1860,71,6923,0.012775,1.94
9696_memo,0,5791,3053,62,8906,0.019194,2.92
9697_memo,0,5165,2081,67,7313,0.013968,2.12
9698_memo,0,4755,1616,69,6440,0.011397,1.73
9699_memo,0,5189,2223,103,7515,0.014873,2.26
9700_memo,0,7201,4599,116,11916,0.028076,4.27
9701_memo,0,6363,3529,91,9983,0.022077,3.36
9702_memo,0,6701,4022,85,10808,0.024723,3.76
9703_memo,0,7697,5300,72,13069,0.031671,4.81
9704_memo,0,6443,3798,105,10346,0.023542,3.58
9705_memo,0,6229,3582,69,9880,0.022148,3.37
9706_memo,0,8750,6457,103,15310,0.038269,5.82
9707_memo,0,8409,6277,71,14757,0.036996,5.62
9708_memo,0,6122,3385,86,9593,0.021181,3.22
9709_memo,0,5819,2905,75,8799,0.018537,2.82
9710_memo,0,6011,3137,98,9246,0.019932,3.03
9711_memo,0,6686,4070,73,10829,0.024894,3.78
9712_memo,0,5768,2858,73,8699,0.01826,2.78
9713_memo,0,6006,3372,102,9480,0.021124,3.21
9714_memo,0,6387,3675,83,10145,0.022782,3.46
9715_memo,0,7150,4622,72,11844,0.027939,4.25
9716_memo,0,5375,2432,82,7889,0.015929,2.42
9717_memo,0,5541,2520,71,8132,0.016418,2.5
9718_memo,0,6010,3091,108,9209,0.019751,3.0
9719_memo,0,7491,4999,70,12560,0.030027,4.56
9720_memo,0,7419,4919,67,12405,0.029567,4.49
9721_memo,0,5393,2493,102,7988,0.016346,2.48
9722_memo,0,6291,3521,73,9885,0.021902,3.33
9723_memo,0,8141,5492,67,13700,0.032883,5.0
9724_memo,0,8380,6140,104,14624,0.036458,5.54
9725_memo,0,7084,4050,102,11236,0.025188,3.83
9726_memo,0,6440,3656,83,10179,0.02272,3.45
9727_memo,0,5771,3044,73,8888,0.019192,2.92
9728_memo,0,6036,3134,113,9283,0.020007,3.04
9729_memo,0,6481,3694,71,10246,0.022876,3.48
9730_memo,0,5225,2187,75,7487,0.014576,2.22
9731_memo,0,5622,2723,65,8410,0.017454,2.65
9732_memo,0,6352,3856,100,10308,0.02375,3.61
9733_memo,0,7119,4673,116,11908,0.028394,4.32
9734_memo,0,6251,3589,100,9940,0.022352,3.4
9735_memo,0,5566,2673,101,8340,0.017349,2.64
9736_memo,0,5354,2344,92,7790,0.015526,2.36
9737_memo,0,5360,2391,82,7833,0.015715,2.39
9738_memo,0,9353,7424,169,16946,0.043811,6.66
9739_memo,0,5985,3121,69,9175,0.019691,2.99
9740_memo,0,5395,2381,62,7838,0.015587,2.37
9741_memo,0,5643,2813,64,8520,0.017912,2.72
9742_memo,0,6187,3560,102,9849,0.022177,3.37
9743_memo,0,7950,5534,101,13585,0.033144,5.04
9744_memo,0,5028,1929,89,7046,0.013232,2.01
9745_memo,0,5190,2152,62,7404,0.014314,2.18
9746_memo,0,4368,1169,65,5602,0.0089,1.35
9747_memo,0,7127,4818,71,12016,0.028899,4.39
9748_memo,0,4538,1307,103,5948,0.009886,1.5
9749_memo,0,7266,4958,71,12295,0.029686,4.51
9750_memo,0,6741,4182,118,11041,0.025713,3.91
9751_memo,0,6228,3537,153,9918,0.022343,3.4
9752_memo,0,5384,2338,61,7783,0.01536,2.33
9753_memo,0,7539,5542,64,13145,0.032742,4.98
9754_memo,0,5820,2922,153,8895,0.019012,2.89
9755_memo,0,5235,1981,102,7318,0.013687,2.08
9756_memo,0,8172,6470,71,14713,0.037812,5.75
9757_memo,0,5891,3056,65,9012,0.019287,2.93
9758_memo,0,5779,2965,116,8860,0.019017,2.89
9759_memo,0,5927,3327,61,9315,0.020644,3.14
9760_memo,0,6277,3655,71,10003,0.022553,3.43
9761_memo,0,6943,4465,73,11481,0.027029,4.11
9762_memo,0,8409,6106,169,14684,0.036631,5.57
9763_memo,0,5748,2938,61,8747,0.018587,2.83
9764_memo,0,6807,4278,73,11158,0.026009,3.95
9765_memo,0,5421,2493,73,7987,0.016218,2.47
9767_memo,0,5134,2317,83,7534,0.015209,2.31
9768_memo,0,4746,1679,102,6527,0.011871,1.8
9769_memo,0,6143,3325,65,9533,0.020789,3.16
9770_memo,0,6050,3109,92,9251,0.019786,3.01
9771_memo,0,6067,3261,102,9430,0.020607,3.13
9772_memo,0,4893,1798,71,6762,0.012403,1.89
9773_memo,0,5885,3057,75,9017,0.019338,2.94
9774_memo,0,6618,3917,86,10621,0.024151,3.67
9775_memo,0,10528,8526,71,19125,0.049565,7.53
9776_memo,0,6069,3454,64,9587,0.021383,3.25
9777_memo,0,5839,3030,101,8970,0.019304,2.93
9778_memo,0,6723,4114,71,10908,0.025127,3.82
9780_memo,0,6693,4793,71,11557,0.028503,4.33
9781_memo,0,4968,2023,63,7054,0.013535,2.06
9782_memo,0,5630,2740,69,8439,0.017564,2.67
9783_memo,0,8006,5749,118,13873,0.034339,5.22
9784_memo,0,5377,2420,71,7868,0.015816,2.4
9785_memo,0,4811,1698,102,6611,0.012007,1.83
9786_memo,0,5187,2374,71,7632,0.015467,2.35
9787_memo,0,5592,2608,102,8302,0.017045,2.59
9788_memo,0,6014,3349,71,9434,0.020859,3.17
9790_memo,0,5454,2583,116,8153,0.016904,2.57
9791_memo,0,4650,1543,86,6279,0.011051,1.68
9792_memo,0,5461,2543,83,8087,0.016543,2.51
9793_memo,0,6348,3732,71,10151,0.022983,3.49
9794_memo,0,5387,2440,66,7893,0.015897,2.42
9795_memo,0,6165,3524,102,9791,0.021983,3.34
9796_memo,0,5397,2401,67,7865,0.015713,2.39
9797_memo,0,8250,5864,99,14213,0.034971,5.32
9798_memo,0,5522,2501,71,8094,0.016311,2.48
9799_memo,0,5469,2551,114,8134,0.016743,2.54
9800_memo,0,6540,3780,71,10391,0.023342,3.55
9802_memo,0,5448,2491,69,8008,0.016205,2.46
9803_memo,0,6937,4841,67,11845,0.028876,4.39
9804_memo,0,7568,5160,125,12853,0.031155,4.74
9805_memo,0,7148,4652,67,11867,0.028063,4.27
9806_memo,0,6320,3874,71,10265,0.023675,3.6
9807_memo,0,5706,2741,85,8532,0.017696,2.69
9808_memo,0,5464,2520,108,8092,0.016555,2.52
9809_memo,0,5373,2621,69,8063,0.016808,2.55
9810_memo,0,6324,3685,62,10071,0.022687,3.45
9811_memo,0,5261,2432,100,7793,0.015948,2.42
9812_memo,0,7067,4977,94,12138,0.029772,4.53
9814_memo,0,7726,5636,89,13451,0.033454,5.08
9815_memo,0,6042,3177,62,9281,0.019971,3.04
9816_memo,0,6230,3556,79,9865,0.022069,3.35
9817_memo,0,7815,5582,113,13510,0.033359,5.07
9818_memo,0,6545,4273,71,10889,0.025811,3.92
9819_memo,0,5899,3133,76,9108,0.019732,3.0
9820_memo,0,5623,2668,69,8360,0.017199,2.61
9821_memo,0,5629,2910,65,8604,0.018393,2.8
9822_memo,0,6578,3937,62,10577,0.024106,3.66
9823_memo,0,6358,3803,109,10270,0.023534,3.58
9824_memo,0,5580,2545,84,8209,0.016632,2.53
9825_memo,0,4900,1691,101,6692,0.012022,1.83
9826_memo,0,4792,1625,67,6484,0.011455,1.74
9827_memo,0,8068,6053,114,14235,0.035877,5.45
9828_memo,0,5425,2384,116,7925,0.015891,2.42
9829_memo,0,6324,3681,86,10091,0.022788,3.46
9830_memo,0,7305,4846,64,12215,0.029116,4.43
9831_memo,0,5192,2247,71,7510,0.014835,2.25
9832_memo,0,7420,5107,73,12600,0.030537,4.64
9833_memo,0,8125,6333,75,14533,0.037118,5.64
9835_memo,0,6835,4053,73,10961,0.024902,3.79
9836_memo,0,5243,2287,98,7628,0.015202,2.31
9837_memo,0,5927,3057,70,9054,0.019339,2.94
9838_memo,0,5944,3139,97,9180,0.019895,3.02
9839_memo,0,5536,2578,102,8216,0.01686,2.56
9840_memo,0,8312,5778,70,14160,0.034435,5.23
9841_memo,0,6352,3454,103,9909,0.021755,3.31
9842_memo,0,5522,2454,87,8063,0.016156,2.46
9843_memo,0,5503,2459,73,8035,0.016099,2.45
9844_memo,0,7853,5769,71,13693,0.034108,5.18
9845_memo,0,8235,6841,107,15183,0.039887,6.06
9846_memo,0,5992,3247,137,9376,0.020665,3.14
9847_memo,0,5234,2395,118,7747,0.015836,2.41
9848_memo,0,5796,3007,86,8889,0.019088,2.9
9849_memo,0,4883,1787,112,6782,0.012547,1.91
9850_memo,0,6256,3560,65,9881,0.022035,3.35
9851_memo,0,6022,3258,61,9341,0.020359,3.09
9852_memo,0,6768,4099,116,10983,0.025305,3.85
9853_memo,0,6817,4202,62,11081,0.025581,3.89
9854_memo,0,5634,2874,75,8583,0.018266,2.78
9855_memo,0,4990,2017,93,7100,0.013669,2.08
9856_memo,0,6296,3626,71,9993,0.02242,3.41
9857_memo,0,6244,3468,70,9782,0.021593,3.28
9858_memo,0,5450,2654,114,8218,0.017246,2.62
9859_memo,0,7652,5422,73,13147,0.032258,4.9
9860_memo,0,6050,3299,78,9427,0.020666,3.14
9861_memo,0,5929,2975,105,9009,0.019106,2.9
9862_memo,0,5211,2204,72,7487,0.014637,2.22
9863_memo,0,6120,3294,102,9516,0.020805,3.16
9864_memo,0,6181,3325,91,9597,0.020943,3.18
9865_memo,0,7102,4317,65,11484,0.026349,4.01
9866_memo,0,5594,2882,133,8609,0.018571,2.82
9867_memo,0,5268,2393,85,7746,0.015683,2.38
9868_memo,0,5385,2447,65,7897,0.015926,2.42
9869_memo,0,5363,2416,71,7850,0.015787,2.4
9870_memo,0,6925,4567,71,11563,0.027518,4.18
9871_memo,0,7287,5357,62,12706,0.031649,4.81
9872_memo,0,4760,1711,102,6573,0.01204,1.83
9873_memo,0,6154,3225,100,9479,0.020471,3.11
9874_memo,0,4941,1810,67,6818,0.012473,1.9
9875_memo,0,6349,3524,102,9975,0.022098,3.36
9876_memo,0,5392,2492,71,7955,0.016185,2.46
9877_memo,0,6603,3988,62,10653,0.024377,3.71
9878_memo,0,6904,4369,72,11345,0.02652,4.03
9879_memo,0,5399,2348,73,7820,0.015479,2.35
9880_memo,0,5490,2624,129,8243,0.017196,2.61
9881_memo,0,9568,8058,89,17715,0.046715,7.1
9882_memo,0,5606,2704,72,8382,0.017384,2.64
9883_memo,0,8154,5748,71,13973,0.034191,5.2
9884_memo,0,5662,2789,62,8513,0.017794,2.7
9886_memo,0,5597,2690,71,8358,0.017303,2.63
9887_memo,0,5954,3176,65,9195,0.019926,3.03
9888_memo,0,4686,1476,103,6265,0.010824,1.65
9889_memo,0,5938,3295,114,9347,0.020756,3.15
9890_memo,0,4983,1919,71,6973,0.013064,1.99
9891_memo,0,6541,3881,77,10499,0.023878,3.63
9892_memo,0,5841,2786,72,8699,0.017941,2.73
9893_memo,0,5381,2487,62,7930,0.016108,2.45
9894_memo,0,5526,2513,102,8141,0.016529,2.51
9895_memo,0,4550,1336,67,5953,0.009859,1.5
9896_memo,0,5806,3015,67,8888,0.019039,2.89
9897_memo,0,6819,4518,75,11412,0.027227,4.14
9898_memo,0,7701,4898,72,12671,0.029663,4.51
9899_memo,0,7845,5448,71,13364,0.032498,4.94
9900_memo,0,7750,5263,102,13115,0.031669,4.81
9901_memo,0,6729,4293,86,11108,0.026101,3.97
9902_memo,0,6320,3662,112,10094,0.02282,3.47
9903_memo,0,7519,5668,88,13275,0.033479,5.09
9904_memo,0,6950,4529,71,11550,0.027344,4.16
9905_memo,0,7260,4776,89,12125,0.028863,4.39
9906_memo,0,8817,7969,103,16889,0.045871,6.97
9907_memo,0,4491,1332,100,5923,0.009967,1.51
9908_memo,0,7170,4640,107,11917,0.028216,4.29
9909_memo,0,6621,4355,72,11048,0.026273,3.99
9910_memo,0,6612,4031,71,10714,0.024643,3.75
9911_memo,0,7406,5170,89,12665,0.030924,4.7
9912_memo,0,9697,8252,117,18066,0.047906,7.28
9913_memo,0,8193,5752,71,14016,0.034236,5.2
9915_memo,0,6606,3881,137,10624,0.024219,3.68
9916_memo,0,5630,2893,62,8585,0.018294,2.78
9917_memo,0,8478,6353,71,14902,0.037419,5.69
9918_memo,0,5348,2439,88,7875,0.015977,2.43
9919_memo,0,9101,6684,125,15910,0.039733,6.04
9920_memo,0,5220,2291,77,7588,0.015102,2.3
9921_memo,0,5709,2903,100,8712,0.018583,2.82
9922_memo,0,5405,2402,72,7879,0.015748,2.39
9923_memo,0,6224,3464,73,9761,0.021575,3.28
9924_memo,0,5277,2384,73,7734,0.015583,2.37
9925_memo,0,4711,1642,62,6415,0.011464,1.74
9926_memo,0,6344,3784,101,10229,0.02339,3.56
9927_memo,0,5842,3023,119,8984,0.019361,2.94
9928_memo,0,8141,5932,73,14146,0.035113,5.34
9929_memo,0,6543,3837,89,10469,0.023719,3.61
9930_memo,0,6217,3419,71,9707,0.021336,3.24
9931_memo,0,5053,1996,71,7120,0.013493,2.05
9932_memo,0,6056,3068,73,9197,0.01949,2.96
9933_memo,0,7137,4984,66,12187,0.029711,4.52
9934_memo,0,5897,2987,86,8970,0.019051,2.9
9935_memo,0,4549,1430,100,6079,0.010493,1.59
9936_memo,0,5920,3014,67,9001,0.019105,2.9
9937_memo,0,5656,2723,75,8454,0.017525,2.66
9938_memo,0,5923,3035,102,9060,0.019387,2.95
9939_memo,0,5279,2247,71,7597,0.014889,2.26
9940_memo,0,6554,3940,71,10565,0.024151,3.67
9941_memo,0,6124,3465,108,9697,0.021692,3.3
9942_memo,0,6798,4282,116,11196,0.026239,3.99
9943_memo,0,6768,4165,73,11006,0.02542,3.86
9945_memo,0,5470,2543,62,8075,0.016444,2.5
9946_memo,0,5961,3115,71,9147,0.019656,2.99
9947_memo,0,5926,3134,80,9140,0.019774,3.01
9948_memo,0,6447,3755,100,10302,0.023304,3.54
9949_memo,0,4950,1824,110,6884,0.012764,1.94
9950_memo,0,5735,2934,71,8740,0.018609,2.83
9951_memo,0,5798,2918,67,8783,0.018549,2.82
9952_memo,0,5644,2670,71,8385,0.017233,2.62
9953_memo,0,6559,4111,97,10767,0.025139,3.82
9954_memo,0,8528,6625,71,15224,0.03881,5.9
9955_memo,0,6587,3866,72,10525,0.023807,3.62
9956_memo,0,6744,4084,63,10891,0.02495,3.79
9957_memo,0,8347,6271,113,14731,0.037137,5.64
9958_memo,0,6483,3583,102,10168,0.022477,3.42
9959_memo,0,7002,4352,102,11456,0.026646,4.05
9960_memo,0,5660,2766,71,8497,0.017722,2.69
9961_memo,0,6137,3799,73,10009,0.023196,3.53
9962_memo,0,6833,4392,61,11286,0.026536,4.03
9963_memo,0,7118,4581,71,11770,0.027709,4.21
9964_memo,0,5021,2016,62,7099,0.013528,2.06
9965_memo,0,5612,2829,102,8543,0.018162,2.76
9966_memo,0,7521,4946,102,12569,0.029941,4.55
9967_memo,0,7890,5214,73,13177,0.031366,4.77
9968_memo,0,6998,4579,73,11650,0.027634,4.2
9969_memo,0,8714,6689,71,15474,0.039246,5.97
9970_memo,0,5651,2891,72,8614,0.018347,2.79
9971_memo,0,6028,3111,99,9238,0.019818,3.01
9972_memo,0,6793,3967,102,10862,0.024591,3.74
9973_memo,0,6116,3346,90,9552,0.021003,3.19
9975_memo,0,6818,4550,62,11430,0.027321,4.15
9976_memo,0,8438,6187,72,14697,0.036569,5.56
9977_memo,0,5773,2789,147,8709,0.018288,2.78
9978_memo,0,5465,2641,84,8190,0.017041,2.59
9979_memo,0,8813,6281,62,15156,0.037223,5.66
9980_memo,0,8828,6492,102,15422,0.038488,5.85
9981_memo,0,5697,2621,71,8389,0.017021,2.59
9982_memo,0,5652,2675,107,8434,0.017442,2.65
9983_memo,0,6830,4096,104,11030,0.025269,3.84
9984_memo,0,6202,3329,86,9617,0.020951,3.18
9986_memo,0,7063,4425,102,11590,0.027049,4.11
9987_memo,0,6112,3296,71,9479,0.020655,3.14
9988_memo,0,6973,4546,100,11619,0.027588,4.19
9989_memo,0,6088,3218,63,9369,0.02021,3.07
9990_memo,0,5698,2856,71,8625,0.018196,2.77
9991_memo,0,6605,3752,71,10428,0.023243,3.53
9992_memo,0,7219,4628,65,11912,0.027977,4.25
9993_memo,0,5496,2630,87,8213,0.01702,2.59
9994_memo,0,6902,4295,102,11299,0.026299,4.0
9995_memo,0,7411,5182,103,12696,0.031057,4.72
9996_memo,0,7112,4643,64,11819,0.02798,4.25
9998_memo,0,5952,3326,116,9394,0.02093,3.18
9999_memo,0,5587,2616,62,8265,0.016882,2.57
9481_memo,0,6425,3734,191,10350,0.023641,3.59
9482_memo,0,6089,3116,107,9312,0.019921,3.03
9483_memo,0,6211,3373,62,9646,0.021057,3.2
9484_memo,0,8703,6755,71,15529,0.039569,6.01
9485_memo,0,9024,6744,89,15857,0.039805,6.05
9487_memo,0,9053,6883,99,16035,0.040568,6.17
9488_memo,0,6004,3472,65,9541,0.021437,3.26
9489_memo,0,5360,2345,89,7794,0.01552,2.36
9491_memo,0,6412,3767,83,10262,0.023258,3.54
9492_memo,0,6209,3486,71,9766,0.021666,3.29
9493_memo,0,4804,1701,69,6574,0.011853,1.8
9494_memo,0,6939,4563,69,11571,0.027497,4.18
9495_memo,0,9053,6998,104,16155,0.041168,6.26
9497_memo,0,5781,3098,85,8964,0.019528,2.97
9498_memo,0,7341,4947,73,12361,0.029688,4.51
9500_memo,0,6018,3152,100,9270,0.020021,3.04
9501_memo,0,5626,2748,64,8438,0.017576,2.67
9502_memo,0,5194,2279,73,7546,0.015006,2.28
9503_memo,0,7560,5266,85,12911,0.03148,4.78
9504_memo,0,6851,4257,101,11209,0.026072,3.96
9505_memo,0,6937,4308,103,11348,0.026391,4.01
9506_memo,0,5173,2146,102,7421,0.014473,2.2
9507_memo,0,5563,2554,71,8188,0.016602,2.52
9508_memo,0,5581,2489,62,8132,0.016243,2.47
9509_memo,0,4885,1883,83,6851,0.012883,1.96
9510_memo,0,6597,4157,76,10830,0.025288,3.84
9511_memo,0,6329,3658,73,10060,0.022611,3.44
9512_memo,0,6988,4561,89,11638,0.027617,4.2
9513_memo,0,5885,3102,82,9069,0.019598,2.98
9514_memo,0,7077,4959,102,12138,0.029728,4.52
9515_memo,0,5725,3068,63,8856,0.019233,2.92
9516_memo,0,6652,3994,86,10732,0.024558,3.73
9517_memo,0,6446,3672,72,10190,0.022749,3.46
9518_memo,0,4898,1722,159,6779,0.012466,1.89
9519_memo,0,5916,3186,65,9167,0.019952,3.03
9521_memo,0,6647,4142,70,10859,0.025214,3.83
9522_memo,0,5540,2616,71,8227,0.016897,2.57
9523_memo,0,7020,4555,100,11675,0.027662,4.2
9524_memo,0,5412,2363,71,7846,0.015553,2.36
9525_memo,0,6387,3655,65,10107,0.022592,3.43
9526_memo,0,6350,3647,62,10059,0.022514,3.42
9527_memo,0,6293,3470,71,9834,0.021638,3.29
9528_memo,0,8769,6807,71,15647,0.039871,6.06
9529_memo,0,5775,3129,102,9006,0.019764,3.0
9530_memo,0,4942,1833,101,6876,0.012759,1.94
9531_memo,0,5246,2337,84,7667,0.015384,2.34
9533_memo,0,5664,2662,95,8421,0.017325,2.63
9534_memo,0,5422,2437,116,7975,0.016154,2.46
9535_memo,0,7786,5203,116,13105,0.031461,4.78
9536_memo,0,6330,3572,62,9964,0.022126,3.36
9537_memo,0,5987,3077,94,9158,0.019597,2.98
9538_memo,0,5260,2216,85,7561,0.014793,2.25
9539_memo,0,5743,2665,105,8513,0.017439,2.65
9540_memo,0,7386,4597,104,12087,0.028121,4.27
9541_memo,0,8217,6967,71,15255,0.040326,6.13
9542_memo,0,5161,2037,89,7287,0.013856,2.11
9543_memo,0,4943,1870,71,6884,0.012794,1.94
9545_memo,0,6248,3358,87,9693,0.02113,3.21
9546_memo,0,5674,2658,64,8396,0.017156,2.61
9547_memo,0,6768,4357,71,11196,0.02637,4.01
9548_memo,0,5671,2701,71,8443,0.017404,2.65
9549_memo,0,6269,3461,61,9791,0.021528,3.27
9550_memo,0,6389,3604,75,10068,0.022388,3.4
9551_memo,0,7002,4416,64,11482,0.026776,4.07
9553_memo,0,7467,5253,86,12806,0.031362,4.77
9554_memo,0,8471,5896,102,14469,0.035284,5.36
9555_memo,0,7331,5091,67,12489,0.030372,4.62
9556_memo,0,6209,3519,101,9829,0.021981,3.34
9557_memo,0,7464,4986,73,12523,0.02996,4.55
9558_memo,0,6861,4495,100,11456,0.027263,4.14
9559_memo,0,7364,4876,73,12313,0.029348,4.46
9560_memo,0,4796,1714,72,6582,0.011928,1.81
9561_memo,0,4953,1982,83,7018,0.013421,2.04
9562_memo,0,6243,3539,144,9926,0.022317,3.39
9563_memo,0,7239,4899,92,12230,0.029479,4.48
9564_memo,0,4882,1789,108,6779,0.012536,1.91
9565_memo,0,6292,3522,99,9913,0.022038,3.35
9566_memo,0,10834,9510,99,20443,0.054816,8.33
9567_memo,0,6870,4224,103,11197,0.025929,3.94
9568_memo,0,6137,3268,64,9469,0.020496,3.12
9570_memo,0,6594,4006,71,10671,0.024506,3.72
9572_memo,0,6250,3717,102,10069,0.023001,3.5
9573_memo,0,5385,2469,101,7955,0.016216,2.46
9574_memo,0,5579,2860,85,8524,0.018212,2.77
9575_memo,0,5265,2243,102,7610,0.015016,2.28
9576_memo,0,6008,3269,102,9379,0.02061,3.13
9577_memo,0,7936,5441,119,13496,0.03276,4.98
9578_memo,0,5616,2858,102,8576,0.01831,2.78
9579_memo,0,5275,2314,73,7662,0.015232,2.32
9580_memo,0,7061,4536,126,11723,0.027723,4.21
9581_memo,0,6623,3866,62,10551,0.023779,3.61
9582_memo,0,7547,5432,65,13044,0.032202,4.89
9583_memo,0,6397,3723,72,10192,0.022973,3.49
9584_memo,0,8218,6192,99,14509,0.036591,5.56
9585_memo,0,5688,2989,89,8766,0.018945,2.88
9586_memo,0,5088,2155,67,7310,0.01429,2.17
9587_memo,0,5237,2271,62,7570,0.014938,2.27
9588_memo,0,5435,2434,71,7940,0.015922,2.42
9589_memo,0,6174,3266,73,9513,0.020554,3.12
9590_memo,0,6663,4058,69,10790,0.024799,3.77
9591_memo,0,7578,5486,100,13164,0.032666,4.97
9592_memo,0,6868,4334,71,11273,0.026318,4.0
9593_memo,0,6745,4102,120,10967,0.025326,3.85
9594_memo,0,7070,4677,100,11847,0.028304,4.3
9595_memo,0,8084,5725,125,13934,0.034302,5.21
9596_memo,0,6320,3554,151,10025,0.022475,3.42
9597_memo,0,4884,1676,102,6662,0.011942,1.82
9598_memo,0,5666,2713,101,8480,0.017611,2.68
9599_memo,0,5187,2353,71,7611,0.015362,2.34
9600_memo,0,5495,2482,71,8048,0.016199,2.46
9601_memo,0,7049,4415,106,11570,0.027011,4.11
9602_memo,0,5849,2971,86,8906,0.018941,2.88
9603_memo,0,6922,4289,112,11323,0.026331,4.0
9604_memo,0,4944,1758,72,6774,0.01224,1.86
9605_memo,0,6066,3349,86,9501,0.020966,3.19
9606_memo,0,5945,3142,102,9189,0.019936,3.03
9607_memo,0,5063,2050,100,7213,0.013914,2.11
9608_memo,0,7875,5982,71,13928,0.035187,5.35
9609_memo,0,5756,2938,73,8767,0.018652,2.84
9610_memo,0,6015,3250,67,9332,0.020344,3.09
9611_memo,0,5521,2587,71,8179,0.016741,2.54
9944_memo,0,9561,8085,71,17717,0.046756,7.11
